date,code,from,to,kind,title,公告日,在名单,score,首次确认
2023-10-21 00:00:00,002475,预测中,已明说不会亏,预告,2023年度业绩预告（略增）,2023-10-21 00:00:00,False,0.014571,True
2023-10-26 00:00:00,002262,预测中,已明说不会亏,预告,2023年度业绩预告（略增）,2023-10-26 00:00:00,False,0.006338,True
2023-10-28 00:00:00,601298,预测中,已明说不会亏,预告,2023年度业绩预告（略增）,2023-10-28 00:00:00,False,0.005408,True
2023-11-29 00:00:00,002407,预测中,已明说不会亏,预告,2023年度业绩预告（预减）,2023-11-29 00:00:00,False,0.011932,True
2023-12-11 00:00:00,300214,预测中,已明说不会亏,预告,2023年度业绩预告（略减）,2023-12-11 00:00:00,False,0.075625,True
2023-12-18 00:00:00,002126,预测中,已明说不会亏,预告,2023年度业绩预告（预增）,2023-12-18 00:00:00,False,0.026236,True
2023-12-21 00:00:00,000651,预测中,已明说不会亏,预告,2023年度业绩预告（略增）,2023-12-21 00:00:00,False,0.011049,True
2023-12-22 00:00:00,300304,预测中,已明说不会亏,预告,2023年度业绩预告（预增）,2023-12-22 00:00:00,False,0.018523,True
2023-12-22 00:00:00,688480,预测中,已明说不会亏,预告,2023年度业绩预告（略增）,2023-12-22 00:00:00,False,0.008978,True
2023-12-26 00:00:00,300533,预测中,已明说不会亏,预告,2023年度业绩预告（预增）,2023-12-26 00:00:00,False,0.075987,True
2023-12-27 00:00:00,688036,预测中,已明说不会亏,预告,2023年度业绩预告（预增）,2023-12-27 00:00:00,False,0.017629,True
2023-12-28 00:00:00,688076,预测中,已明说不会亏,预告,2023年度业绩预告（略增）,2023-12-28 00:00:00,False,0.036582,True
2023-12-30 00:00:00,600519,预测中,已明说不会亏,预告,2023年度业绩预告（略增）,2023-12-30 00:00:00,False,0.005834,True
2024-01-02 00:00:00,000729,预测中,已明说不会亏,预告,2023年度业绩预告（预增）,2024-01-02 00:00:00,False,0.07086,True
2024-01-02 00:00:00,600157,预测中,已明说不会亏,预告,2023年度业绩预告（略增）,2024-01-02 00:00:00,False,0.107809,True
2024-01-03 00:00:00,002204,预测中,已明说不会亏,预告,2023年度业绩预告（略增）,2024-01-03 00:00:00,False,0.100716,True
2024-01-03 00:00:00,688041,预测中,已明说不会亏,预告,2023年度业绩预告（预增）,2024-01-03 00:00:00,False,0.013417,True
2024-01-03 00:00:00,688410,预测中,已明说不会亏,预告,2023年度业绩预告（预增）,2024-01-03 00:00:00,False,0.007627,True
2024-01-04 00:00:00,300962,预测中,已明说不会亏,预告,2023年度业绩预告（续盈）,2024-01-04 00:00:00,False,0.008848,True
2024-01-04 00:00:00,688111,预测中,已明说不会亏,预告,2023年度业绩预告（略增）,2024-01-04 00:00:00,False,0.008383,True
2024-01-04 00:00:00,688332,预测中,已明说不会亏,预告,2023年度业绩预告（预增）,2024-01-04 00:00:00,False,0.008402,True
2024-01-04 00:00:00,688777,预测中,已明说不会亏,预告,2023年度业绩预告（略增）,2024-01-04 00:00:00,False,0.014282,True
2024-01-05 00:00:00,002536,预测中,已明说不会亏,预告,2023年度业绩预告（预增）,2024-01-05 00:00:00,False,0.139695,True
2024-01-05 00:00:00,300146,预测中,已明说不会亏,预告,2023年度业绩预告（略增）,2024-01-05 00:00:00,False,0.039033,True
2024-01-05 00:00:00,300221,预测中,已明说不会亏,预告,2023年度业绩预告（扭亏）,2024-01-05 00:00:00,False,0.181808,True
2024-01-05 00:00:00,300801,预测中,已明说不会亏,预告,2023年度业绩预告（预减）,2024-01-05 00:00:00,False,0.014038,True
2024-01-05 00:00:00,300896,预测中,已明说不会亏,预告,2023年度业绩预告（略增）,2024-01-05 00:00:00,False,0.005655,True
2024-01-05 00:00:00,603081,预测中,已明说不会亏,预告,2023年度业绩预告（预减）,2024-01-05 00:00:00,False,0.091718,True
2024-01-06 00:00:00,002847,预测中,已明说不会亏,预告,2023年度业绩预告（预增）,2024-01-06 00:00:00,False,0.006812,True
2024-01-06 00:00:00,300049,预测中,已明说不会亏,预告,2023年度业绩预告（略增）,2024-01-06 00:00:00,False,0.024206,True
2024-01-06 00:00:00,600066,预测中,已明说不会亏,预告,2023年度业绩预告（预增）,2024-01-06 00:00:00,False,0.028447,True
2024-01-06 00:00:00,600096,预测中,已明说不会亏,预告,2023年度业绩预告（略减）,2024-01-06 00:00:00,False,0.011833,True
2024-01-06 00:00:00,600480,预测中,已明说不会亏,预告,2023年度业绩预告（预增）,2024-01-06 00:00:00,False,0.027249,True
2024-01-06 00:00:00,600961,预测中,已明说不会亏,预告,2023年度业绩预告（略增）,2024-01-06 00:00:00,False,0.016994,True
2024-01-08 00:00:00,300036,预测中,已明说不会亏,预告,2023年度业绩预告（扭亏）,2024-01-08 00:00:00,False,0.211559,True
2024-01-08 00:00:00,300389,预测中,已明说不会亏,预告,2023年度业绩预告（预增）,2024-01-08 00:00:00,False,0.014881,True
2024-01-08 00:00:00,301280,预测中,已明说不会亏,预告,2023年度业绩预告（预增）,2024-01-08 00:00:00,False,0.006961,True
2024-01-09 00:00:00,000715,预测中,已明说不会亏,预告,2023年度业绩预告（预增）,2024-01-09 00:00:00,False,0.016256,True
2024-01-09 00:00:00,002472,预测中,已明说不会亏,预告,2023年度业绩预告（略增）,2024-01-09 00:00:00,False,0.016272,True
2024-01-09 00:00:00,002605,预测中,已明说不会亏,预告,2023年度业绩预告（预增）,2024-01-09 00:00:00,False,0.0322,True
2024-01-09 00:00:00,002783,预测中,已明说不会亏,预告,2023年度业绩预告（预增）,2024-01-09 00:00:00,False,0.045604,True
2024-01-09 00:00:00,002947,预测中,已明说不会亏,预告,2023年度业绩预告（预增）,2024-01-09 00:00:00,False,0.018485,True
2024-01-09 00:00:00,300567,预测中,已明说不会亏,预告,2023年度业绩预告（略减）,2024-01-09 00:00:00,False,0.070744,True
2024-01-09 00:00:00,301185,预测中,已明说不会亏,预告,2023年度业绩预告（预增）,2024-01-09 00:00:00,False,0.049116,True
2024-01-09 00:00:00,601137,预测中,已明说不会亏,预告,2023年度业绩预告（预增）,2024-01-09 00:00:00,False,0.010987,True
2024-01-09 00:00:00,603877,预测中,已明说不会亏,预告,2023年度业绩预告（预增）,2024-01-09 00:00:00,False,0.087045,True
2024-01-10 00:00:00,002051,预测中,已明说不会亏,预告,2023年度业绩预告（略增）,2024-01-10 00:00:00,False,0.056522,True
2024-01-10 00:00:00,002983,预测中,已明说不会亏,预告,2023年度业绩预告（预增）,2024-01-10 00:00:00,False,0.0274,True
2024-01-10 00:00:00,300002,预测中,已明说不会亏,预告,2023年度业绩预告（预增）,2024-01-10 00:00:00,False,0.038483,True
2024-01-10 00:00:00,300478,预测中,已明说不会亏,预告,2023年度业绩预告（扭亏）,2024-01-10 00:00:00,False,0.452208,True
2024-01-10 00:00:00,300558,预测中,已明说不会亏,预告,2023年度业绩预告（预增）,2024-01-10 00:00:00,False,0.125842,True
2024-01-10 00:00:00,300601,预测中,已明说不会亏,预告,2023年度业绩预告（扭亏）,2024-01-10 00:00:00,False,0.115994,True
2024-01-10 00:00:00,300711,预测中,已明说不会亏,预告,2023年度业绩预告（略增）,2024-01-10 00:00:00,False,0.055813,True
2024-01-10 00:00:00,600186,预测中,已明说不会亏,预告,2023年度业绩预告（预增）,2024-01-10 00:00:00,False,0.060119,True
2024-01-10 00:00:00,600236,预测中,已明说不会亏,预告,2023年度业绩预告（预减）,2024-01-10 00:00:00,False,0.0595,True
2024-01-10 00:00:00,600415,预测中,已明说不会亏,预告,2023年度业绩预告（预增）,2024-01-10 00:00:00,False,0.02755,True
2024-01-10 00:00:00,601919,预测中,已明说不会亏,预告,2023年度业绩预告（预减）,2024-01-10 00:00:00,False,0.009302,True
2024-01-10 00:00:00,603439,预测中,已明说不会亏,预告,2023年度业绩预告（预增）,2024-01-10 00:00:00,False,0.009632,True
2024-01-10 00:00:00,603758,预测中,已明说不会亏,预告,2023年度业绩预告（预增）,2024-01-10 00:00:00,False,0.012847,True
2024-01-11 00:00:00,000032,预测中,已明说不会亏,预告,2023年度业绩预告（扭亏）,2024-01-11 00:00:00,False,0.272626,True
2024-01-11 00:00:00,002641,预测中,已明说不会亏,预告,2023年度业绩预告（预增）,2024-01-11 00:00:00,False,0.071824,True
2024-01-11 00:00:00,300260,预测中,已明说不会亏,预告,2023年度业绩预告（略减）,2024-01-11 00:00:00,False,0.01931,True
2024-01-11 00:00:00,300327,预测中,已明说不会亏,预告,2023年度业绩预告（略减）,2024-01-11 00:00:00,False,0.019129,True
2024-01-11 00:00:00,300403,预测中,已明说不会亏,预告,2023年度业绩预告（略增）,2024-01-11 00:00:00,False,0.010674,True
2024-01-11 00:00:00,300627,预测中,已明说不会亏,预告,2023年度业绩预告（略增）,2024-01-11 00:00:00,False,0.013571,True
2024-01-11 00:00:00,300851,预测中,已明说不会亏,预告,2023年度业绩预告（预增）,2024-01-11 00:00:00,False,0.151496,True
2024-01-11 00:00:00,300882,预测中,已明说不会亏,预告,2023年度业绩预告（预增）,2024-01-11 00:00:00,False,0.007274,True
2024-01-11 00:00:00,600864,预测中,已明说不会亏,预告,2023年度业绩预告（扭亏）,2024-01-11 00:00:00,False,0.024447,True
2024-01-11 00:00:00,603488,预测中,已明说不会亏,预告,2023年度业绩预告（预增）,2024-01-11 00:00:00,False,0.038643,True
2024-01-12 00:00:00,000591,预测中,已明说不会亏,预告,2023年度业绩预告（略增）,2024-01-12 00:00:00,False,0.041269,True
2024-01-12 00:00:00,002236,预测中,已明说不会亏,预告,2023年度业绩预告（预增）,2024-01-12 00:00:00,False,0.014065,True
2024-01-12 00:00:00,003000,预测中,已明说不会亏,预告,2023年度业绩预告（预增）,2024-01-12 00:00:00,False,0.007823,True
2024-01-12 00:00:00,300401,预测中,已明说不会亏,预告,2023年度业绩预告（预减）,2024-01-12 00:00:00,False,0.023924,True
2024-01-12 00:00:00,300482,预测中,已明说不会亏,预告,2023年度业绩预告（预减）,2024-01-12 00:00:00,False,0.03314,True
2024-01-12 00:00:00,300628,预测中,已明说不会亏,预告,2023年度业绩预告（略减）,2024-01-12 00:00:00,False,0.015039,True
2024-01-12 00:00:00,300861,预测中,已明说不会亏,预告,2023年度业绩预告（略增）,2024-01-12 00:00:00,False,0.006795,True
2024-01-12 00:00:00,300902,预测中,已明说不会亏,预告,2023年度业绩预告（预增）,2024-01-12 00:00:00,False,0.324629,True
2024-01-12 00:00:00,600022,预测中,已明说会亏,预告,2023年度业绩预告（首亏）,2024-01-12 00:00:00,False,0.094619,True
2024-01-12 00:00:00,600231,预测中,已明说会亏,预告,2023年度业绩预告（减亏）,2024-01-12 00:00:00,False,0.065853,True
2024-01-12 00:00:00,600794,预测中,已明说不会亏,预告,2023年度业绩预告（预增）,2024-01-12 00:00:00,False,0.028125,True
2024-01-12 00:00:00,600826,预测中,已明说不会亏,预告,2023年度业绩预告（预增）,2024-01-12 00:00:00,False,0.109122,True
2024-01-13 00:00:00,000537,预测中,已明说不会亏,预告,2023年度业绩预告（预增）,2024-01-13 00:00:00,False,0.162214,True
2024-01-13 00:00:00,000819,预测中,已明说不会亏,预告,2023年度业绩预告（预增）,2024-01-13 00:00:00,False,0.012709,True
2024-01-13 00:00:00,000823,预测中,已明说不会亏,预告,2023年度业绩预告（预减）,2024-01-13 00:00:00,False,0.046369,True
2024-01-13 00:00:00,000998,预测中,已明说不会亏,预告,2023年度业绩预告（扭亏）,2024-01-13 00:00:00,False,0.053428,True
2024-01-13 00:00:00,002177,预测中,已明说不会亏,预告,2023年度业绩预告（预减）,2024-01-13 00:00:00,False,0.073068,True
2024-01-13 00:00:00,002299,预测中,已明说不会亏,预告,2023年度业绩预告（预增）,2024-01-13 00:00:00,False,0.104769,True
2024-01-13 00:00:00,002579,预测中,已明说会亏,预告,2023年度业绩预告（减亏）,2024-01-13 00:00:00,True,0.606638,True
2024-01-13 00:00:00,002728,预测中,已明说不会亏,预告,2023年度业绩预告（预增）,2024-01-13 00:00:00,False,0.012532,True
2024-01-13 00:00:00,002845,预测中,已明说不会亏,预告,2023年度业绩预告（扭亏）,2024-01-13 00:00:00,True,0.580346,True
2024-01-13 00:00:00,300638,预测中,已明说不会亏,预告,2023年度业绩预告（预增）,2024-01-13 00:00:00,False,0.017636,True
2024-01-13 00:00:00,600004,预测中,已明说不会亏,预告,2023年度业绩预告（扭亏）,2024-01-13 00:00:00,False,0.281198,True
2024-01-13 00:00:00,600326,预测中,已明说会亏,预告,2023年度业绩预告（增亏）,2024-01-13 00:00:00,False,0.342604,True
2024-01-13 00:00:00,600369,预测中,已明说不会亏,预告,2023年度业绩预告（预增）,2024-01-13 00:00:00,False,0.046977,True
2024-01-13 00:00:00,600408,预测中,已明说会亏,预告,2023年度业绩预告（增亏）,2024-01-13 00:00:00,False,0.420456,True
2024-01-13 00:00:00,600500,预测中,已明说会亏,预告,2023年度业绩预告（首亏）,2024-01-13 00:00:00,False,0.07128,True
2024-01-13 00:00:00,600642,预测中,已明说不会亏,预告,2023年度业绩预告（预增）,2024-01-13 00:00:00,False,0.059505,True
2024-01-13 00:00:00,600886,预测中,已明说不会亏,预告,2023年度业绩预告（预增）,2024-01-13 00:00:00,False,0.03237,True
2024-01-13 00:00:00,601011,预测中,已明说会亏,预告,2023年度业绩预告（首亏）,2024-01-13 00:00:00,False,0.117809,True
2024-01-13 00:00:00,601177,预测中,已明说不会亏,预告,2023年度业绩预告（略增）,2024-01-13 00:00:00,False,0.01651,True
2024-01-13 00:00:00,603023,预测中,已明说会亏,预告,2023年度业绩预告（首亏）,2024-01-13 00:00:00,False,0.318552,True
2024-01-13 00:00:00,603058,预测中,已明说不会亏,预告,2023年度业绩预告（预增）,2024-01-13 00:00:00,False,0.026361,True
2024-01-13 00:00:00,603225,预测中,已明说不会亏,预告,2023年度业绩预告（扭亏）,2024-01-13 00:00:00,False,0.105994,True
2024-01-13 00:00:00,603518,预测中,已明说不会亏,预告,2023年度业绩预告（预增）,2024-01-13 00:00:00,False,0.124764,True
2024-01-13 00:00:00,603612,预测中,已明说会亏,预告,2023年度业绩预告（首亏）,2024-01-13 00:00:00,False,0.199084,True
2024-01-13 00:00:00,603689,预测中,已明说不会亏,预告,2023年度业绩预告（略增）,2024-01-13 00:00:00,False,0.013397,True
2024-01-13 00:00:00,603707,预测中,已明说会亏,预告,2023年度业绩预告（首亏）,2024-01-13 00:00:00,False,0.013106,True
2024-01-13 00:00:00,688290,预测中,已明说不会亏,预告,2023年度业绩预告（预减）,2024-01-13 00:00:00,False,0.022619,True
2024-01-15 00:00:00,300217,预测中,已明说不会亏,预告,2023年度业绩预告（预增）,2024-01-15 00:00:00,False,0.012122,True
2024-01-15 00:00:00,300225,预测中,已明说不会亏,预告,2023年度业绩预告（扭亏）,2024-01-15 00:00:00,True,0.532952,True
2024-01-15 00:00:00,300665,预测中,已明说不会亏,预告,2023年度业绩预告（扭亏）,2024-01-15 00:00:00,False,0.303893,True
2024-01-15 00:00:00,300719,预测中,已明说不会亏,预告,2023年度业绩预告（扭亏）,2024-01-15 00:00:00,False,0.123241,True
2024-01-15 00:00:00,300736,预测中,已明说会亏,预告,2023年度业绩预告（减亏）,2024-01-15 00:00:00,False,0.239044,True
2024-01-15 00:00:00,300789,预测中,已明说不会亏,预告,2023年度业绩预告（略增）,2024-01-15 00:00:00,False,0.017665,True
2024-01-15 00:00:00,300838,预测中,已明说不会亏,预告,2023年度业绩预告（略增）,2024-01-15 00:00:00,False,0.009897,True
2024-01-15 00:00:00,300856,预测中,已明说不会亏,预告,2023年度业绩预告（预增）,2024-01-15 00:00:00,False,0.012622,True
2024-01-15 00:00:00,300926,预测中,已明说不会亏,预告,2023年度业绩预告（预增）,2024-01-15 00:00:00,False,0.023251,True
2024-01-15 00:00:00,688012,预测中,已明说不会亏,预告,2023年度业绩预告（预增）,2024-01-15 00:00:00,False,0.005926,True
2024-01-16 00:00:00,000411,预测中,已明说不会亏,预告,2023年度业绩预告（略增）,2024-01-16 00:00:00,False,0.013238,True
2024-01-16 00:00:00,000417,预测中,已明说不会亏,预告,2023年度业绩预告（预增）,2024-01-16 00:00:00,False,0.019662,True
2024-01-16 00:00:00,000531,预测中,已明说不会亏,预告,2023年度业绩预告（扭亏）,2024-01-16 00:00:00,False,0.107023,True
2024-01-16 00:00:00,000875,预测中,已明说不会亏,预告,2023年度业绩预告（略增）,2024-01-16 00:00:00,False,0.073069,True
2024-01-16 00:00:00,000897,预测中,已明说不会亏,预告,2023年度业绩预告（预增）,2024-01-16 00:00:00,False,0.073922,True
2024-01-16 00:00:00,000972,预测中,已明说不会亏,预告,2023年度业绩预告（预增）,2024-01-16 00:00:00,False,0.024872,True
2024-01-16 00:00:00,002053,预测中,已明说不会亏,预告,2023年度业绩预告（预增）,2024-01-16 00:00:00,False,0.050579,True
2024-01-16 00:00:00,002333,预测中,已明说不会亏,预告,2023年度业绩预告（扭亏）,2024-01-16 00:00:00,False,0.359253,True
2024-01-16 00:00:00,002351,预测中,已明说不会亏,预告,2023年度业绩预告（预增）,2024-01-16 00:00:00,False,0.010189,True
2024-01-16 00:00:00,002371,预测中,已明说不会亏,预告,2023年度业绩预告（预增）,2024-01-16 00:00:00,False,0.005777,True
2024-01-16 00:00:00,002422,预测中,已明说不会亏,预告,2023年度业绩预告（略增）,2024-01-16 00:00:00,False,0.010461,True
2024-01-16 00:00:00,002590,预测中,已明说不会亏,预告,2023年度业绩预告（预增）,2024-01-16 00:00:00,False,0.226387,True
2024-01-16 00:00:00,002969,预测中,已明说不会亏,预告,2023年度业绩预告（预增）,2024-01-16 00:00:00,False,0.079252,True
2024-01-16 00:00:00,300192,预测中,已明说不会亏,预告,2023年度业绩预告（预增）,2024-01-16 00:00:00,False,0.028082,True
2024-01-16 00:00:00,300349,预测中,已明说不会亏,预告,2023年度业绩预告（预增）,2024-01-16 00:00:00,False,0.016441,True
2024-01-16 00:00:00,300534,预测中,已明说不会亏,预告,2023年度业绩预告（略增）,2024-01-16 00:00:00,False,0.032648,True
2024-01-16 00:00:00,300747,预测中,已明说不会亏,预告,2023年度业绩预告（预增）,2024-01-16 00:00:00,False,0.060004,True
2024-01-16 00:00:00,300783,预测中,已明说不会亏,预告,2023年度业绩预告（预增）,2024-01-16 00:00:00,False,0.044899,True
2024-01-16 00:00:00,300855,预测中,已明说不会亏,预告,2023年度业绩预告（略增）,2024-01-16 00:00:00,False,0.005536,True
2024-01-16 00:00:00,300905,预测中,已明说不会亏,预告,2023年度业绩预告（预增）,2024-01-16 00:00:00,False,0.096909,True
2024-01-16 00:00:00,301149,预测中,已明说不会亏,预告,2023年度业绩预告（预增）,2024-01-16 00:00:00,False,0.01133,True
2024-01-16 00:00:00,301211,预测中,已明说不会亏,预告,2023年度业绩预告（略增）,2024-01-16 00:00:00,False,0.018364,True
2024-01-16 00:00:00,301239,预测中,已明说不会亏,预告,2023年度业绩预告（预增）,2024-01-16 00:00:00,False,0.059096,True
2024-01-16 00:00:00,301301,预测中,已明说不会亏,预告,2023年度业绩预告（预增）,2024-01-16 00:00:00,False,0.015382,True
2024-01-16 00:00:00,600433,预测中,已明说会亏,预告,2023年度业绩预告（首亏）,2024-01-16 00:00:00,False,0.03239,True
2024-01-16 00:00:00,600719,预测中,已明说不会亏,预告,2023年度业绩预告（扭亏）,2024-01-16 00:00:00,True,0.479476,True
2024-01-16 00:00:00,600733,预测中,已明说会亏,预告,2023年度业绩预告（续亏）,2024-01-16 00:00:00,True,0.56734,True
2024-01-16 00:00:00,601966,预测中,已明说不会亏,预告,2023年度业绩预告（预增）,2024-01-16 00:00:00,False,0.131445,True
2024-01-16 00:00:00,603179,预测中,已明说不会亏,预告,2023年度业绩预告（预增）,2024-01-16 00:00:00,False,0.01166,True
2024-01-16 00:00:00,603298,预测中,已明说不会亏,预告,2023年度业绩预告（预增）,2024-01-16 00:00:00,False,0.007102,True
2024-01-16 00:00:00,605108,预测中,已明说不会亏,预告,2023年度业绩预告（预增）,2024-01-16 00:00:00,False,0.036674,True
2024-01-16 00:00:00,605128,预测中,已明说不会亏,预告,2023年度业绩预告（预增）,2024-01-16 00:00:00,False,0.102491,True
2024-01-16 00:00:00,688276,预测中,已明说不会亏,预告,2023年度业绩预告（预增）,2024-01-16 00:00:00,False,0.076347,True
2024-01-16 00:00:00,688278,预测中,已明说不会亏,预告,2023年度业绩预告（预增）,2024-01-16 00:00:00,False,0.010369,True
2024-01-16 00:00:00,688305,预测中,已明说不会亏,预告,2023年度业绩预告（预增）,2024-01-16 00:00:00,False,0.013403,True
2024-01-17 00:00:00,000716,预测中,已明说不会亏,预告,2023年度业绩预告（扭亏）,2024-01-17 00:00:00,False,0.249274,True
2024-01-17 00:00:00,000768,预测中,已明说不会亏,预告,2023年度业绩预告（预增）,2024-01-17 00:00:00,False,0.021544,True
2024-01-17 00:00:00,000883,预测中,已明说不会亏,预告,2023年度业绩预告（预增）,2024-01-17 00:00:00,False,0.095087,True
2024-01-17 00:00:00,002073,预测中,已明说不会亏,预告,2023年度业绩预告（预增）,2024-01-17 00:00:00,False,0.059069,True
2024-01-17 00:00:00,002165,预测中,已明说不会亏,预告,2023年度业绩预告（扭亏）,2024-01-17 00:00:00,False,0.357055,True
2024-01-17 00:00:00,002211,预测中,已明说会亏,预告,2023年度业绩预告（首亏）,2024-01-17 00:00:00,False,0.432319,True
2024-01-17 00:00:00,002283,预测中,已明说不会亏,预告,2023年度业绩预告（预增）,2024-01-17 00:00:00,False,0.067494,True
2024-01-17 00:00:00,002517,预测中,已明说不会亏,预告,2023年度业绩预告（预增）,2024-01-17 00:00:00,False,0.018433,True
2024-01-17 00:00:00,002609,预测中,已明说不会亏,预告,2023年度业绩预告（预增）,2024-01-17 00:00:00,False,0.334067,True
2024-01-17 00:00:00,002859,预测中,已明说不会亏,预告,2023年度业绩预告（预增）,2024-01-17 00:00:00,False,0.02348,True
2024-01-17 00:00:00,002870,预测中,已明说不会亏,预告,2023年度业绩预告（预增）,2024-01-17 00:00:00,False,0.056167,True
2024-01-17 00:00:00,002965,预测中,已明说不会亏,预告,2023年度业绩预告（预增）,2024-01-17 00:00:00,False,0.013366,True
2024-01-17 00:00:00,300102,预测中,已明说不会亏,预告,2023年度业绩预告（扭亏）,2024-01-17 00:00:00,True,0.821467,True
2024-01-17 00:00:00,300243,预测中,已明说不会亏,预告,2023年度业绩预告（预增）,2024-01-17 00:00:00,False,0.054245,True
2024-01-17 00:00:00,300339,预测中,已明说不会亏,预告,2023年度业绩预告（预增）,2024-01-17 00:00:00,False,0.238617,True
2024-01-17 00:00:00,300399,预测中,已明说不会亏,预告,2023年度业绩预告（预增）,2024-01-17 00:00:00,False,0.078182,True
2024-01-17 00:00:00,300441,预测中,已明说不会亏,预告,2023年度业绩预告（预增）,2024-01-17 00:00:00,False,0.036706,True
2024-01-17 00:00:00,300625,预测中,已明说不会亏,预告,2023年度业绩预告（预增）,2024-01-17 00:00:00,False,0.286673,True
2024-01-17 00:00:00,300680,预测中,已明说不会亏,预告,2023年度业绩预告（预增）,2024-01-17 00:00:00,False,0.052789,True
2024-01-17 00:00:00,301004,预测中,已明说不会亏,预告,2023年度业绩预告（预增）,2024-01-17 00:00:00,False,0.014262,True
2024-01-17 00:00:00,600158,预测中,已明说不会亏,预告,2023年度业绩预告（预增）,2024-01-17 00:00:00,False,0.208194,True
2024-01-17 00:00:00,600226,预测中,已明说不会亏,预告,2023年度业绩预告（预减）,2024-01-17 00:00:00,False,0.055569,True
2024-01-17 00:00:00,600335,预测中,已明说不会亏,预告,2023年度业绩预告（预减）,2024-01-17 00:00:00,False,0.049981,True
2024-01-17 00:00:00,600399,预测中,已明说不会亏,预告,2023年度业绩预告（预增）,2024-01-17 00:00:00,False,0.11537,True
2024-01-17 00:00:00,600699,预测中,已明说不会亏,预告,2023年度业绩预告（预增）,2024-01-17 00:00:00,False,0.129434,True
2024-01-17 00:00:00,600729,预测中,已明说不会亏,预告,2023年度业绩预告（预增）,2024-01-17 00:00:00,False,0.008017,True
2024-01-17 00:00:00,601689,预测中,已明说不会亏,预告,2023年度业绩预告（略增）,2024-01-17 00:00:00,False,0.010059,True
2024-01-17 00:00:00,601702,预测中,已明说不会亏,预告,2023年度业绩预告（略增）,2024-01-17 00:00:00,False,0.009856,True
2024-01-17 00:00:00,603166,预测中,已明说不会亏,预告,2023年度业绩预告（预增）,2024-01-17 00:00:00,False,0.091399,True
2024-01-17 00:00:00,603505,预测中,已明说不会亏,预告,2023年度业绩预告（预增）,2024-01-17 00:00:00,False,0.016843,True
2024-01-17 00:00:00,603800,预测中,已明说不会亏,预告,2023年度业绩预告（预增）,2024-01-17 00:00:00,False,0.021859,True
2024-01-17 00:00:00,688109,预测中,已明说不会亏,预告,2023年度业绩预告（扭亏）,2024-01-17 00:00:00,False,0.404269,True
2024-01-17 00:00:00,688333,预测中,已明说不会亏,预告,2023年度业绩预告（预增）,2024-01-17 00:00:00,False,0.239539,True
2024-01-17 00:00:00,688571,预测中,已明说不会亏,预告,2023年度业绩预告（预增）,2024-01-17 00:00:00,False,0.017633,True
2024-01-17 00:00:00,688676,预测中,已明说不会亏,预告,2023年度业绩预告（预增）,2024-01-17 00:00:00,False,0.018875,True
2024-01-18 00:00:00,001225,预测中,已明说不会亏,预告,2023年度业绩预告（预减）,2024-01-18 00:00:00,False,0.005459,True
2024-01-18 00:00:00,002381,预测中,已明说不会亏,预告,2023年度业绩预告（预增）,2024-01-18 00:00:00,False,0.012434,True
2024-01-18 00:00:00,002393,预测中,已明说不会亏,预告,2023年度业绩预告（预增）,2024-01-18 00:00:00,False,0.057002,True
2024-01-18 00:00:00,002458,预测中,已明说不会亏,预告,2023年度业绩预告（扭亏）,2024-01-18 00:00:00,False,0.10546,True
2024-01-18 00:00:00,002521,预测中,已明说不会亏,预告,2023年度业绩预告（预增）,2024-01-18 00:00:00,False,0.1156,True
2024-01-18 00:00:00,002616,预测中,已明说不会亏,预告,2023年度业绩预告（预增）,2024-01-18 00:00:00,False,0.102727,True
2024-01-18 00:00:00,002643,预测中,已明说不会亏,预告,2023年度业绩预告（略增）,2024-01-18 00:00:00,False,0.012427,True
2024-01-18 00:00:00,002745,预测中,已明说不会亏,预告,2023年度业绩预告（预增）,2024-01-18 00:00:00,False,0.214273,True
2024-01-18 00:00:00,002970,预测中,已明说不会亏,预告,2023年度业绩预告（扭亏）,2024-01-18 00:00:00,False,0.055374,True
2024-01-18 00:00:00,003032,预测中,已明说不会亏,预告,2023年度业绩预告（预减）,2024-01-18 00:00:00,False,0.038283,True
2024-01-18 00:00:00,300012,预测中,已明说不会亏,预告,2023年度业绩预告（略增）,2024-01-18 00:00:00,False,0.006631,True
2024-01-18 00:00:00,300236,预测中,已明说不会亏,预告,2023年度业绩预告（预增）,2024-01-18 00:00:00,False,0.051087,True
2024-01-18 00:00:00,300314,预测中,已明说不会亏,预告,2023年度业绩预告（预增）,2024-01-18 00:00:00,False,0.012083,True
2024-01-18 00:00:00,300408,预测中,已明说不会亏,预告,2023年度业绩预告（续盈）,2024-01-18 00:00:00,False,0.009336,True
2024-01-18 00:00:00,300693,预测中,已明说不会亏,预告,2023年度业绩预告（预增）,2024-01-18 00:00:00,False,0.010847,True
2024-01-18 00:00:00,300831,预测中,已明说不会亏,预告,2023年度业绩预告（预减）,2024-01-18 00:00:00,False,0.030513,True
2024-01-18 00:00:00,300990,预测中,已明说不会亏,预告,2023年度业绩预告（略增）,2024-01-18 00:00:00,False,0.016937,True
2024-01-18 00:00:00,301256,预测中,已明说不会亏,预告,2023年度业绩预告（略增）,2024-01-18 00:00:00,False,0.009302,True
2024-01-18 00:00:00,600059,预测中,已明说不会亏,预告,2023年度业绩预告（预增）,2024-01-18 00:00:00,False,0.057929,True
2024-01-18 00:00:00,603029,预测中,已明说不会亏,预告,2023年度业绩预告（略增）,2024-01-18 00:00:00,False,0.028751,True
2024-01-18 00:00:00,603050,预测中,已明说不会亏,预告,2023年度业绩预告（预增）,2024-01-18 00:00:00,False,0.023495,True
2024-01-18 00:00:00,603227,预测中,已明说不会亏,预告,2023年度业绩预告（略增）,2024-01-18 00:00:00,False,0.008781,True
2024-01-18 00:00:00,603615,预测中,已明说不会亏,预告,2023年度业绩预告（扭亏）,2024-01-18 00:00:00,False,0.179305,True
2024-01-18 00:00:00,603829,预测中,已明说不会亏,预告,2023年度业绩预告（预增）,2024-01-18 00:00:00,False,0.013858,True
2024-01-18 00:00:00,603950,预测中,已明说不会亏,预告,2023年度业绩预告（预增）,2024-01-18 00:00:00,False,0.037047,True
2024-01-18 00:00:00,605098,预测中,已明说不会亏,预告,2023年度业绩预告（预增）,2024-01-18 00:00:00,False,0.036699,True
2024-01-18 00:00:00,605319,预测中,已明说不会亏,预告,2023年度业绩预告（预增）,2024-01-18 00:00:00,False,0.027382,True
2024-01-18 00:00:00,688127,预测中,已明说不会亏,预告,2023年度业绩预告（预增）,2024-01-18 00:00:00,False,0.150655,True
2024-01-18 00:00:00,688153,预测中,已明说不会亏,预告,2023年度业绩预告（预增）,2024-01-18 00:00:00,False,0.3128,True
2024-01-18 00:00:00,688386,预测中,已明说不会亏,预告,2023年度业绩预告（预增）,2024-01-18 00:00:00,False,0.021837,True
2024-01-18 00:00:00,688475,预测中,已明说不会亏,预告,2023年度业绩预告（预增）,2024-01-18 00:00:00,False,0.008452,True
2024-01-18 00:00:00,688510,预测中,已明说不会亏,预告,2023年度业绩预告（预增）,2024-01-18 00:00:00,False,0.022974,True
2024-01-18 00:00:00,688533,预测中,已明说不会亏,预告,2023年度业绩预告（预增）,2024-01-18 00:00:00,False,0.020258,True
2024-01-18 00:00:00,688580,预测中,已明说不会亏,预告,2023年度业绩预告（略增）,2024-01-18 00:00:00,False,0.009714,True
2024-01-19 00:00:00,000530,预测中,已明说不会亏,预告,2023年度业绩预告（预增）,2024-01-19 00:00:00,False,0.417935,True
2024-01-19 00:00:00,001213,预测中,已明说不会亏,预告,2023年度业绩预告（预增）,2024-01-19 00:00:00,False,0.034475,True
2024-01-19 00:00:00,002077,预测中,已明说不会亏,预告,2023年度业绩预告（预增）,2024-01-19 00:00:00,False,0.052967,True
2024-01-19 00:00:00,002337,预测中,已明说不会亏,预告,2023年度业绩预告（预增）,2024-01-19 00:00:00,False,0.036271,True
2024-01-19 00:00:00,002448,预测中,已明说不会亏,预告,2023年度业绩预告（预增）,2024-01-19 00:00:00,False,0.025237,True
2024-01-19 00:00:00,002683,预测中,已明说不会亏,预告,2023年度业绩预告（略增）,2024-01-19 00:00:00,False,0.026403,True
2024-01-19 00:00:00,002713,预测中,已明说会亏,预告,2023年度业绩预告（减亏）,2024-01-19 00:00:00,True,0.654956,True
2024-01-19 00:00:00,002732,预测中,已明说不会亏,预告,2023年度业绩预告（预增）,2024-01-19 00:00:00,False,0.014948,True
2024-01-19 00:00:00,002830,预测中,已明说不会亏,预告,2023年度业绩预告（预增）,2024-01-19 00:00:00,False,0.261663,True
2024-01-19 00:00:00,002900,预测中,已明说不会亏,预告,2023年度业绩预告（预增）,2024-01-19 00:00:00,False,0.055256,True
2024-01-19 00:00:00,002917,预测中,已明说不会亏,预告,2023年度业绩预告（预增）,2024-01-19 00:00:00,False,0.139763,True
2024-01-19 00:00:00,002988,预测中,已明说不会亏,预告,2023年度业绩预告（扭亏）,2024-01-19 00:00:00,False,0.217034,True
2024-01-19 00:00:00,002991,预测中,已明说不会亏,预告,2023年度业绩预告（预增）,2024-01-19 00:00:00,False,0.009054,True
2024-01-19 00:00:00,300092,预测中,已明说不会亏,预告,2023年度业绩预告（略增）,2024-01-19 00:00:00,False,0.010106,True
2024-01-19 00:00:00,300158,预测中,已明说会亏,预告,2023年度业绩预告（减亏）,2024-01-19 00:00:00,True,0.471003,True
2024-01-19 00:00:00,300316,预测中,已明说不会亏,预告,2023年度业绩预告（预增）,2024-01-19 00:00:00,False,0.008417,True
2024-01-19 00:00:00,300415,预测中,已明说不会亏,预告,2023年度业绩预告（略增）,2024-01-19 00:00:00,False,0.01133,True
2024-01-19 00:00:00,300446,预测中,已明说不会亏,预告,2023年度业绩预告（预增）,2024-01-19 00:00:00,False,0.017772,True
2024-01-19 00:00:00,300529,预测中,已明说不会亏,预告,2023年度业绩预告（预减）,2024-01-19 00:00:00,False,0.012683,True
2024-01-19 00:00:00,300532,预测中,已明说不会亏,预告,2023年度业绩预告（预增）,2024-01-19 00:00:00,False,0.010002,True
2024-01-19 00:00:00,300579,预测中,已明说会亏,预告,2023年度业绩预告（首亏）,2024-01-19 00:00:00,False,0.03925,True
2024-01-19 00:00:00,300592,预测中,已明说不会亏,预告,2023年度业绩预告（预增）,2024-01-19 00:00:00,False,0.033769,True
2024-01-19 00:00:00,300682,预测中,已明说不会亏,预告,2023年度业绩预告（略增）,2024-01-19 00:00:00,False,0.069552,True
2024-01-19 00:00:00,300729,预测中,已明说不会亏,预告,2023年度业绩预告（预增）,2024-01-19 00:00:00,False,0.022152,True
2024-01-19 00:00:00,300740,预测中,已明说不会亏,预告,2023年度业绩预告（预增）,2024-01-19 00:00:00,False,0.058871,True
2024-01-19 00:00:00,300782,预测中,已明说不会亏,预告,2023年度业绩预告（略增）,2024-01-19 00:00:00,False,0.01228,True
2024-01-19 00:00:00,300824,预测中,已明说不会亏,预告,2023年度业绩预告（预增）,2024-01-19 00:00:00,False,0.015136,True
2024-01-19 00:00:00,300881,预测中,已明说不会亏,预告,2023年度业绩预告（预增）,2024-01-19 00:00:00,False,0.026789,True
2024-01-19 00:00:00,300893,预测中,已明说不会亏,预告,2023年度业绩预告（预增）,2024-01-19 00:00:00,False,0.011025,True
2024-01-19 00:00:00,300938,预测中,已明说不会亏,预告,2023年度业绩预告（略增）,2024-01-19 00:00:00,False,0.006492,True
2024-01-19 00:00:00,300972,预测中,已明说会亏,预告,2023年度业绩预告（首亏）,2024-01-19 00:00:00,False,0.025078,True
2024-01-19 00:00:00,600141,预测中,已明说不会亏,预告,2023年度业绩预告（预减）,2024-01-19 00:00:00,False,0.020688,True
2024-01-19 00:00:00,600211,预测中,已明说不会亏,预告,2023年度业绩预告（预增）,2024-01-19 00:00:00,False,0.021368,True
2024-01-19 00:00:00,600397,预测中,已明说会亏,预告,2023年度业绩预告（增亏）,2024-01-19 00:00:00,False,0.064262,True
2024-01-19 00:00:00,600535,预测中,已明说不会亏,预告,2023年度业绩预告（扭亏）,2024-01-19 00:00:00,False,0.038001,True
2024-01-19 00:00:00,603093,预测中,已明说不会亏,预告,2023年度业绩预告（预增）,2024-01-19 00:00:00,False,0.022365,True
2024-01-19 00:00:00,603189,预测中,已明说会亏,预告,2023年度业绩预告（首亏）,2024-01-19 00:00:00,False,0.241839,True
2024-01-19 00:00:00,603956,预测中,已明说不会亏,预告,2023年度业绩预告（扭亏）,2024-01-19 00:00:00,True,0.663356,True
2024-01-19 00:00:00,688318,预测中,已明说不会亏,预告,2023年度业绩预告（预增）,2024-01-19 00:00:00,False,0.018117,True
2024-01-20 00:00:00,000089,预测中,已明说不会亏,预告,2023年度业绩预告（扭亏）,2024-01-20 00:00:00,True,0.744283,True
2024-01-20 00:00:00,000166,预测中,已明说不会亏,预告,2023年度业绩预告（预增）,2024-01-20 00:00:00,False,0.01991,True
2024-01-20 00:00:00,000550,预测中,已明说不会亏,预告,2023年度业绩预告（预增）,2024-01-20 00:00:00,False,0.019097,True
2024-01-20 00:00:00,000931,预测中,已明说不会亏,预告,2023年度业绩预告（扭亏）,2024-01-20 00:00:00,False,0.321331,True
2024-01-20 00:00:00,000973,预测中,已明说不会亏,预告,2023年度业绩预告（预增）,2024-01-20 00:00:00,False,0.027818,True
2024-01-20 00:00:00,001283,预测中,已明说不会亏,预告,2023年度业绩预告（预减）,2024-01-20 00:00:00,False,0.155375,True
2024-01-20 00:00:00,001296,预测中,已明说不会亏,预告,2023年度业绩预告（预增）,2024-01-20 00:00:00,False,0.023391,True
2024-01-20 00:00:00,002187,预测中,已明说不会亏,预告,2023年度业绩预告（扭亏）,2024-01-20 00:00:00,False,0.078088,True
2024-01-20 00:00:00,002258,预测中,已明说不会亏,预告,2023年度业绩预告（预减）,2024-01-20 00:00:00,False,0.021276,True
2024-01-20 00:00:00,002279,预测中,已明说会亏,预告,2023年度业绩预告（首亏）,2024-01-20 00:00:00,False,0.230482,True
2024-01-20 00:00:00,002423,预测中,已明说不会亏,预告,2023年度业绩预告（预增）,2024-01-20 00:00:00,False,0.044376,True
2024-01-20 00:00:00,002444,预测中,已明说不会亏,预告,2023年度业绩预告（略增）,2024-01-20 00:00:00,False,0.010774,True
2024-01-20 00:00:00,002858,预测中,已明说会亏,预告,2023年度业绩预告（增亏）,2024-01-20 00:00:00,False,0.041702,True
2024-01-20 00:00:00,002880,预测中,已明说不会亏,预告,2023年度业绩预告（预增）,2024-01-20 00:00:00,False,0.018752,True
2024-01-20 00:00:00,300107,预测中,已明说不会亏,预告,2023年度业绩预告（预减）,2024-01-20 00:00:00,False,0.042906,True
2024-01-20 00:00:00,300141,预测中,已明说不会亏,预告,2023年度业绩预告（扭亏）,2024-01-20 00:00:00,False,0.205386,True
2024-01-20 00:00:00,300394,预测中,已明说不会亏,预告,2023年度业绩预告（预增）,2024-01-20 00:00:00,False,0.007906,True
2024-01-20 00:00:00,300553,预测中,已明说不会亏,预告,2023年度业绩预告（预增）,2024-01-20 00:00:00,False,0.030619,True
2024-01-20 00:00:00,300721,预测中,已明说会亏,预告,2023年度业绩预告（首亏）,2024-01-20 00:00:00,False,0.206394,True
2024-01-20 00:00:00,300919,预测中,已明说不会亏,预告,2023年度业绩预告（略增）,2024-01-20 00:00:00,False,0.023925,True
2024-01-20 00:00:00,301037,预测中,已明说会亏,预告,2023年度业绩预告（首亏）,2024-01-20 00:00:00,False,0.383282,True
2024-01-20 00:00:00,600021,预测中,已明说不会亏,预告,2023年度业绩预告（预增）,2024-01-20 00:00:00,False,0.13941,True
2024-01-20 00:00:00,600023,预测中,已明说不会亏,预告,2023年度业绩预告（扭亏）,2024-01-20 00:00:00,False,0.210895,True
2024-01-20 00:00:00,600121,预测中,已明说不会亏,预告,2023年度业绩预告（预减）,2024-01-20 00:00:00,False,0.037233,True
2024-01-20 00:00:00,600351,预测中,已明说不会亏,预告,2023年度业绩预告（预增）,2024-01-20 00:00:00,False,0.037306,True
2024-01-20 00:00:00,600518,预测中,已明说不会亏,预告,2023年度业绩预告（扭亏）,2024-01-20 00:00:00,False,0.284023,True
2024-01-20 00:00:00,600858,预测中,已明说不会亏,预告,2023年度业绩预告（扭亏）,2024-01-20 00:00:00,False,0.046056,True
2024-01-20 00:00:00,601866,预测中,已明说不会亏,预告,2023年度业绩预告（预减）,2024-01-20 00:00:00,False,0.027889,True
2024-01-20 00:00:00,603042,预测中,已明说会亏,预告,2023年度业绩预告（减亏）,2024-01-20 00:00:00,True,0.523036,True
2024-01-20 00:00:00,603099,预测中,已明说不会亏,预告,2023年度业绩预告（扭亏）,2024-01-20 00:00:00,True,0.462232,True
2024-01-20 00:00:00,603110,预测中,已明说不会亏,预告,2023年度业绩预告（预增）,2024-01-20 00:00:00,False,0.032778,True
2024-01-20 00:00:00,603136,预测中,已明说不会亏,预告,2023年度业绩预告（预增）,2024-01-20 00:00:00,False,0.030357,True
2024-01-20 00:00:00,603162,预测中,已明说不会亏,预告,2023年度业绩预告（预减）,2024-01-20 00:00:00,False,0.00548,True
2024-01-20 00:00:00,603551,预测中,已明说不会亏,预告,2023年度业绩预告（略增）,2024-01-20 00:00:00,False,0.006812,True
2024-01-20 00:00:00,605300,预测中,已明说不会亏,预告,2023年度业绩预告（预增）,2024-01-20 00:00:00,False,0.013038,True
2024-01-20 00:00:00,688152,预测中,已明说会亏,预告,2023年度业绩预告（首亏）,2024-01-20 00:00:00,False,0.039402,True
2024-01-20 00:00:00,688779,预测中,已明说会亏,预告,2023年度业绩预告（首亏）,2024-01-20 00:00:00,False,0.100891,True
2024-01-22 00:00:00,002902,预测中,已明说会亏,预告,2023年度业绩预告（首亏）,2024-01-22 00:00:00,False,0.172112,True
2024-01-22 00:00:00,300046,预测中,已明说不会亏,预告,2023年度业绩预告（预增）,2024-01-22 00:00:00,False,0.037163,True
2024-01-22 00:00:00,300073,预测中,已明说不会亏,预告,2023年度业绩预告（略减）,2024-01-22 00:00:00,False,0.006943,True
2024-01-22 00:00:00,300130,预测中,已明说不会亏,预告,2023年度业绩预告（预增）,2024-01-22 00:00:00,False,0.038692,True
2024-01-22 00:00:00,300218,预测中,已明说不会亏,预告,2023年度业绩预告（预减）,2024-01-22 00:00:00,False,0.101186,True
2024-01-22 00:00:00,300274,预测中,已明说不会亏,预告,2023年度业绩预告（预增）,2024-01-22 00:00:00,False,0.01482,True
2024-01-22 00:00:00,300285,预测中,已明说不会亏,预告,2023年度业绩预告（略增）,2024-01-22 00:00:00,False,0.029455,True
2024-01-22 00:00:00,300406,预测中,已明说不会亏,预告,2023年度业绩预告（略增）,2024-01-22 00:00:00,False,0.016904,True
2024-01-22 00:00:00,300474,预测中,已明说不会亏,预告,2023年度业绩预告（预减）,2024-01-22 00:00:00,False,0.185881,True
2024-01-22 00:00:00,300562,预测中,已明说不会亏,预告,2023年度业绩预告（扭亏）,2024-01-22 00:00:00,False,0.436129,True
2024-01-22 00:00:00,300681,预测中,已明说不会亏,预告,2023年度业绩预告（预增）,2024-01-22 00:00:00,False,0.232299,True
2024-01-22 00:00:00,300757,预测中,已明说不会亏,预告,2023年度业绩预告（预增）,2024-01-22 00:00:00,False,0.167182,True
2024-01-22 00:00:00,300857,预测中,已明说不会亏,预告,2023年度业绩预告（预增）,2024-01-22 00:00:00,False,0.0192,True
2024-01-22 00:00:00,300906,预测中,已明说不会亏,预告,2023年度业绩预告（预增）,2024-01-22 00:00:00,False,0.077455,True
2024-01-22 00:00:00,301039,预测中,已明说不会亏,预告,2023年度业绩预告（预增）,2024-01-22 00:00:00,False,0.018882,True
2024-01-22 00:00:00,301053,预测中,已明说不会亏,预告,2023年度业绩预告（预减）,2024-01-22 00:00:00,False,0.012364,True
2024-01-22 00:00:00,688002,预测中,已明说不会亏,预告,2023年度业绩预告（预增）,2024-01-22 00:00:00,False,0.023025,True
2024-01-22 00:00:00,688120,预测中,已明说不会亏,预告,2023年度业绩预告（预增）,2024-01-22 00:00:00,False,0.005323,True
2024-01-22 00:00:00,688501,预测中,已明说不会亏,预告,2023年度业绩预告（预增）,2024-01-22 00:00:00,False,0.107803,True
2024-01-22 00:00:00,688516,预测中,已明说不会亏,预告,2023年度业绩预告（预增）,2024-01-22 00:00:00,False,0.013611,True
2024-01-23 00:00:00,000510,预测中,已明说会亏,预告,2023年度业绩预告（首亏）,2024-01-23 00:00:00,False,0.423511,True
2024-01-23 00:00:00,000523,预测中,已明说不会亏,预告,2023年度业绩预告（扭亏）,2024-01-23 00:00:00,False,0.20488,True
2024-01-23 00:00:00,000554,预测中,已明说不会亏,预告,2023年度业绩预告（预增）,2024-01-23 00:00:00,False,0.044124,True
2024-01-23 00:00:00,000791,预测中,已明说不会亏,预告,2023年度业绩预告（预增）,2024-01-23 00:00:00,False,0.200373,True
2024-01-23 00:00:00,000800,预测中,已明说不会亏,预告,2023年度业绩预告（预增）,2024-01-23 00:00:00,False,0.190701,True
2024-01-23 00:00:00,000925,预测中,已明说不会亏,预告,2023年度业绩预告（略增）,2024-01-23 00:00:00,False,0.443042,True
2024-01-23 00:00:00,000997,预测中,已明说不会亏,预告,2023年度业绩预告（扭亏）,2024-01-23 00:00:00,False,0.034566,True
2024-01-23 00:00:00,002093,预测中,已明说不会亏,预告,2023年度业绩预告（预增）,2024-01-23 00:00:00,False,0.114884,True
2024-01-23 00:00:00,002395,预测中,已明说不会亏,预告,2023年度业绩预告（扭亏）,2024-01-23 00:00:00,False,0.055945,True
2024-01-23 00:00:00,002419,预测中,已明说不会亏,预告,2023年度业绩预告（预增）,2024-01-23 00:00:00,False,0.0596,True
2024-01-23 00:00:00,002456,预测中,已明说不会亏,预告,2023年度业绩预告（扭亏）,2024-01-23 00:00:00,True,0.585517,True
2024-01-23 00:00:00,002537,预测中,已明说不会亏,预告,2023年度业绩预告（预减）,2024-01-23 00:00:00,False,0.18633,True
2024-01-23 00:00:00,002592,预测中,已明说不会亏,预告,2023年度业绩预告（预增）,2024-01-23 00:00:00,False,0.095237,True
2024-01-23 00:00:00,002625,预测中,已明说不会亏,预告,2023年度业绩预告（预增）,2024-01-23 00:00:00,False,0.024737,True
2024-01-23 00:00:00,002648,预测中,已明说不会亏,预告,2023年度业绩预告（预增）,2024-01-23 00:00:00,False,0.020246,True
2024-01-23 00:00:00,002657,预测中,已明说会亏,预告,2023年度业绩预告（减亏）,2024-01-23 00:00:00,False,0.322936,True
2024-01-23 00:00:00,002730,预测中,已明说不会亏,预告,2023年度业绩预告（预增）,2024-01-23 00:00:00,False,0.018732,True
2024-01-23 00:00:00,002998,预测中,已明说不会亏,预告,2023年度业绩预告（预增）,2024-01-23 00:00:00,False,0.037625,True
2024-01-23 00:00:00,003002,预测中,已明说不会亏,预告,2023年度业绩预告（预增）,2024-01-23 00:00:00,False,0.012351,True
2024-01-23 00:00:00,300048,预测中,已明说会亏,预告,2023年度业绩预告（首亏）,2024-01-23 00:00:00,False,0.296614,True
2024-01-23 00:00:00,300145,预测中,已明说不会亏,预告,2023年度业绩预告（预增）,2024-01-23 00:00:00,False,0.085707,True
2024-01-23 00:00:00,300279,预测中,已明说不会亏,预告,2023年度业绩预告（扭亏）,2024-01-23 00:00:00,False,0.165271,True
2024-01-23 00:00:00,300365,预测中,已明说不会亏,预告,2023年度业绩预告（扭亏）,2024-01-23 00:00:00,False,0.17223,True
2024-01-23 00:00:00,300370,预测中,已明说会亏,预告,2023年度业绩预告（减亏）,2024-01-23 00:00:00,True,0.693419,True
2024-01-23 00:00:00,300381,预测中,已明说会亏,预告,2023年度业绩预告（首亏）,2024-01-23 00:00:00,False,0.428047,True
2024-01-23 00:00:00,300487,预测中,已明说不会亏,预告,2023年度业绩预告（预增）,2024-01-23 00:00:00,False,0.006188,True
2024-01-23 00:00:00,300525,预测中,已明说不会亏,预告,2023年度业绩预告（略增）,2024-01-23 00:00:00,False,0.047558,True
2024-01-23 00:00:00,300554,预测中,已明说不会亏,预告,2023年度业绩预告（预增）,2024-01-23 00:00:00,False,0.379461,True
2024-01-23 00:00:00,300559,预测中,已明说不会亏,预告,2023年度业绩预告（预增）,2024-01-23 00:00:00,False,0.052162,True
2024-01-23 00:00:00,300589,预测中,已明说不会亏,预告,2023年度业绩预告（预增）,2024-01-23 00:00:00,False,0.088764,True
2024-01-23 00:00:00,300622,预测中,已明说不会亏,预告,2023年度业绩预告（预增）,2024-01-23 00:00:00,False,0.020624,True
2024-01-23 00:00:00,300718,预测中,已明说不会亏,预告,2023年度业绩预告（预增）,2024-01-23 00:00:00,False,0.01724,True
2024-01-23 00:00:00,300752,预测中,已明说不会亏,预告,2023年度业绩预告（扭亏）,2024-01-23 00:00:00,True,0.523929,True
2024-01-23 00:00:00,300820,预测中,已明说不会亏,预告,2023年度业绩预告（略增）,2024-01-23 00:00:00,False,0.01486,True
2024-01-23 00:00:00,300859,预测中,已明说不会亏,预告,2023年度业绩预告（扭亏）,2024-01-23 00:00:00,True,0.62413,True
2024-01-23 00:00:00,300898,预测中,已明说不会亏,预告,2023年度业绩预告（预增）,2024-01-23 00:00:00,False,0.015268,True
2024-01-23 00:00:00,301257,预测中,已明说不会亏,预告,2023年度业绩预告（预增）,2024-01-23 00:00:00,False,0.00997,True
2024-01-23 00:00:00,301302,预测中,已明说会亏,预告,2023年度业绩预告（首亏）,2024-01-23 00:00:00,False,0.170087,True
2024-01-23 00:00:00,600133,预测中,已明说不会亏,预告,2023年度业绩预告（预增）,2024-01-23 00:00:00,False,0.03866,True
2024-01-23 00:00:00,600255,预测中,已明说会亏,预告,2023年度业绩预告（首亏）,2024-01-23 00:00:00,False,0.101898,True
2024-01-23 00:00:00,600446,预测中,已明说不会亏,预告,2023年度业绩预告（预增）,2024-01-23 00:00:00,False,0.124841,True
2024-01-23 00:00:00,600575,预测中,已明说不会亏,预告,2023年度业绩预告（预增）,2024-01-23 00:00:00,False,0.140908,True
2024-01-23 00:00:00,600576,预测中,已明说不会亏,预告,2023年度业绩预告（预增）,2024-01-23 00:00:00,False,0.105323,True
2024-01-23 00:00:00,600726,预测中,已明说会亏,预告,2023年度业绩预告（减亏）,2024-01-23 00:00:00,False,0.076321,True
2024-01-23 00:00:00,600918,预测中,已明说不会亏,预告,2023年度业绩预告（预增）,2024-01-23 00:00:00,False,0.014045,True
2024-01-23 00:00:00,601886,预测中,已明说不会亏,预告,2023年度业绩预告（略增）,2024-01-23 00:00:00,False,0.172422,True
2024-01-23 00:00:00,603158,预测中,已明说不会亏,预告,2023年度业绩预告（预增）,2024-01-23 00:00:00,False,0.038112,True
2024-01-23 00:00:00,603508,预测中,已明说不会亏,预告,2023年度业绩预告（略增）,2024-01-23 00:00:00,False,0.015781,True
2024-01-23 00:00:00,603596,预测中,已明说不会亏,预告,2023年度业绩预告（略增）,2024-01-23 00:00:00,False,0.006917,True
2024-01-23 00:00:00,603969,预测中,已明说不会亏,预告,2023年度业绩预告（预增）,2024-01-23 00:00:00,False,0.077884,True
2024-01-23 00:00:00,603979,预测中,已明说不会亏,预告,2023年度业绩预告（预增）,2024-01-23 00:00:00,False,0.013165,True
2024-01-23 00:00:00,603983,预测中,已明说不会亏,预告,2023年度业绩预告（预增）,2024-01-23 00:00:00,False,0.027017,True
2024-01-23 00:00:00,605003,预测中,已明说不会亏,预告,2023年度业绩预告（预增）,2024-01-23 00:00:00,False,0.025769,True
2024-01-23 00:00:00,605066,预测中,已明说不会亏,预告,2023年度业绩预告（预增）,2024-01-23 00:00:00,False,0.034646,True
2024-01-23 00:00:00,688072,预测中,已明说不会亏,预告,2023年度业绩预告（预增）,2024-01-23 00:00:00,False,0.006909,True
2024-01-23 00:00:00,688221,预测中,已明说会亏,预告,2023年度业绩预告（减亏）,2024-01-23 00:00:00,True,0.763584,True
2024-01-23 00:00:00,688289,预测中,已明说不会亏,预告,2023年度业绩预告（预减）,2024-01-23 00:00:00,False,0.0373,True
2024-01-23 00:00:00,688373,预测中,已明说会亏,预告,2023年度业绩预告（增亏）,2024-01-23 00:00:00,True,0.682014,True
2024-01-23 00:00:00,688439,预测中,已明说不会亏,预告,2023年度业绩预告（预增）,2024-01-23 00:00:00,False,0.014811,True
2024-01-23 00:00:00,688596,预测中,已明说不会亏,预告,2023年度业绩预告（预增）,2024-01-23 00:00:00,False,0.058829,True
2024-01-23 00:00:00,688636,预测中,已明说不会亏,预告,2023年度业绩预告（略增）,2024-01-23 00:00:00,False,0.108784,True
2024-01-23 00:00:00,688798,预测中,已明说不会亏,预告,2023年度业绩预告（扭亏）,2024-01-23 00:00:00,False,0.317063,True
2024-01-24 00:00:00,000014,预测中,已明说不会亏,预告,2023年度业绩预告（预增）,2024-01-24 00:00:00,False,0.005668,True
2024-01-24 00:00:00,000037,预测中,已明说不会亏,预告,2023年度业绩预告（扭亏）,2024-01-24 00:00:00,True,0.581635,True
2024-01-24 00:00:00,000338,预测中,已明说不会亏,预告,2023年度业绩预告（预增）,2024-01-24 00:00:00,False,0.025278,True
2024-01-24 00:00:00,000609,预测中,已明说会亏,预告,2023年度业绩预告（减亏）,2024-01-24 00:00:00,True,0.72063,True
2024-01-24 00:00:00,000655,预测中,已明说不会亏,预告,2023年度业绩预告（略增）,2024-01-24 00:00:00,False,0.051969,True
2024-01-24 00:00:00,000680,预测中,已明说不会亏,预告,2023年度业绩预告（略增）,2024-01-24 00:00:00,False,0.044832,True
2024-01-24 00:00:00,000758,预测中,已明说不会亏,预告,2023年度业绩预告（预增）,2024-01-24 00:00:00,False,0.050054,True
2024-01-24 00:00:00,000782,预测中,已明说会亏,预告,2023年度业绩预告（增亏）,2024-01-24 00:00:00,False,0.312771,True
2024-01-24 00:00:00,000951,预测中,已明说不会亏,预告,2023年度业绩预告（预增）,2024-01-24 00:00:00,False,0.039532,True
2024-01-24 00:00:00,001207,预测中,已明说不会亏,预告,2023年度业绩预告（预增）,2024-01-24 00:00:00,False,0.016975,True
2024-01-24 00:00:00,002033,预测中,已明说不会亏,预告,2023年度业绩预告（预增）,2024-01-24 00:00:00,False,0.031379,True
2024-01-24 00:00:00,002090,预测中,已明说不会亏,预告,2023年度业绩预告（预增）,2024-01-24 00:00:00,False,0.043251,True
2024-01-24 00:00:00,002171,预测中,已明说不会亏,预告,2023年度业绩预告（预增）,2024-01-24 00:00:00,False,0.067371,True
2024-01-24 00:00:00,002195,预测中,已明说不会亏,预告,2023年度业绩预告（预增）,2024-01-24 00:00:00,False,0.166959,True
2024-01-24 00:00:00,002233,预测中,已明说不会亏,预告,2023年度业绩预告（预增）,2024-01-24 00:00:00,False,0.012766,True
2024-01-24 00:00:00,002357,预测中,已明说不会亏,预告,2023年度业绩预告（预增）,2024-01-24 00:00:00,False,0.028246,True
2024-01-24 00:00:00,002373,预测中,已明说不会亏,预告,2023年度业绩预告（扭亏）,2024-01-24 00:00:00,False,0.163644,True
2024-01-24 00:00:00,002445,预测中,已明说不会亏,预告,2023年度业绩预告（预增）,2024-01-24 00:00:00,False,0.118686,True
2024-01-24 00:00:00,002478,预测中,已明说不会亏,预告,2023年度业绩预告（预增）,2024-01-24 00:00:00,False,0.009274,True
2024-01-24 00:00:00,002627,预测中,已明说不会亏,预告,2023年度业绩预告（预增）,2024-01-24 00:00:00,False,0.062441,True
2024-01-24 00:00:00,002661,预测中,已明说会亏,预告,2023年度业绩预告（首亏）,2024-01-24 00:00:00,False,0.114993,True
2024-01-24 00:00:00,002813,预测中,已明说会亏,预告,2023年度业绩预告（首亏）,2024-01-24 00:00:00,True,0.457429,True
2024-01-24 00:00:00,002860,预测中,已明说不会亏,预告,2023年度业绩预告（预增）,2024-01-24 00:00:00,False,0.020294,True
2024-01-24 00:00:00,002951,预测中,已明说会亏,预告,2023年度业绩预告（增亏）,2024-01-24 00:00:00,False,0.372925,True
2024-01-24 00:00:00,002953,预测中,已明说不会亏,预告,2023年度业绩预告（预增）,2024-01-24 00:00:00,False,0.034453,True
2024-01-24 00:00:00,003015,预测中,已明说会亏,预告,2023年度业绩预告（首亏）,2024-01-24 00:00:00,False,0.207483,True
2024-01-24 00:00:00,003038,预测中,已明说不会亏,预告,2023年度业绩预告（预增）,2024-01-24 00:00:00,False,0.071485,True
2024-01-24 00:00:00,300054,预测中,已明说不会亏,预告,2023年度业绩预告（略减）,2024-01-24 00:00:00,False,0.027992,True
2024-01-24 00:00:00,300103,预测中,已明说会亏,预告,2023年度业绩预告（减亏）,2024-01-24 00:00:00,True,0.642386,True
2024-01-24 00:00:00,300160,预测中,已明说不会亏,预告,2023年度业绩预告（略增）,2024-01-24 00:00:00,False,0.02847,True
2024-01-24 00:00:00,300227,预测中,已明说不会亏,预告,2023年度业绩预告（续盈）,2024-01-24 00:00:00,False,0.356331,True
2024-01-24 00:00:00,300413,预测中,已明说不会亏,预告,2023年度业绩预告（预增）,2024-01-24 00:00:00,False,0.010543,True
2024-01-24 00:00:00,300491,预测中,已明说不会亏,预告,2023年度业绩预告（预增）,2024-01-24 00:00:00,False,0.089426,True
2024-01-24 00:00:00,300566,预测中,已明说不会亏,预告,2023年度业绩预告（预增）,2024-01-24 00:00:00,False,0.186306,True
2024-01-24 00:00:00,300598,预测中,已明说不会亏,预告,2023年度业绩预告（扭亏）,2024-01-24 00:00:00,False,0.286365,True
2024-01-24 00:00:00,300610,预测中,已明说不会亏,预告,2023年度业绩预告（预减）,2024-01-24 00:00:00,False,0.054651,True
2024-01-24 00:00:00,300629,预测中,已明说不会亏,预告,2023年度业绩预告（略增）,2024-01-24 00:00:00,False,0.021269,True
2024-01-24 00:00:00,300700,预测中,已明说不会亏,预告,2023年度业绩预告（略增）,2024-01-24 00:00:00,False,0.016045,True
2024-01-24 00:00:00,300790,预测中,已明说不会亏,预告,2023年度业绩预告（预减）,2024-01-24 00:00:00,False,0.08879,True
2024-01-24 00:00:00,300860,预测中,已明说不会亏,预告,2023年度业绩预告（预增）,2024-01-24 00:00:00,False,0.413543,True
2024-01-24 00:00:00,300945,预测中,已明说不会亏,预告,2023年度业绩预告（预增）,2024-01-24 00:00:00,False,0.024793,True
2024-01-24 00:00:00,301190,预测中,已明说不会亏,预告,2023年度业绩预告（预减）,2024-01-24 00:00:00,False,0.021912,True
2024-01-24 00:00:00,301207,预测中,已明说不会亏,预告,2023年度业绩预告（预增）,2024-01-24 00:00:00,False,0.024666,True
2024-01-24 00:00:00,301286,预测中,已明说不会亏,预告,2023年度业绩预告（预增）,2024-01-24 00:00:00,False,0.015405,True
2024-01-24 00:00:00,600026,预测中,已明说不会亏,预告,2023年度业绩预告（预增）,2024-01-24 00:00:00,False,0.009997,True
2024-01-24 00:00:00,600037,预测中,已明说会亏,预告,2023年度业绩预告（首亏）,2024-01-24 00:00:00,False,0.223717,True
2024-01-24 00:00:00,600071,预测中,已明说会亏,预告,2023年度业绩预告（首亏）,2024-01-24 00:00:00,True,0.502329,True
2024-01-24 00:00:00,600166,预测中,已明说不会亏,预告,2023年度业绩预告（预增）,2024-01-24 00:00:00,False,0.122116,True
2024-01-24 00:00:00,600223,预测中,已明说不会亏,预告,2023年度业绩预告（预增）,2024-01-24 00:00:00,False,0.044121,True
2024-01-24 00:00:00,600310,预测中,已明说不会亏,预告,2023年度业绩预告（扭亏）,2024-01-24 00:00:00,False,0.146538,True
2024-01-24 00:00:00,600316,预测中,已明说不会亏,预告,2023年度业绩预告（预减）,2024-01-24 00:00:00,False,0.179734,True
2024-01-24 00:00:00,600372,预测中,已明说不会亏,预告,2023年度业绩预告（略增）,2024-01-24 00:00:00,False,0.01484,True
2024-01-24 00:00:00,600400,预测中,已明说不会亏,预告,2023年度业绩预告（预增）,2024-01-24 00:00:00,True,0.483543,True
2024-01-24 00:00:00,600482,预测中,已明说不会亏,预告,2023年度业绩预告（预增）,2024-01-24 00:00:00,False,0.133818,True
2024-01-24 00:00:00,600536,预测中,已明说会亏,预告,2023年度业绩预告（首亏）,2024-01-24 00:00:00,False,0.381965,True
2024-01-24 00:00:00,600584,预测中,已明说不会亏,预告,2023年度业绩预告（预减）,2024-01-24 00:00:00,False,0.02248,True
2024-01-24 00:00:00,600626,预测中,已明说会亏,预告,2023年度业绩预告（增亏）,2024-01-24 00:00:00,True,0.531745,True
2024-01-24 00:00:00,600644,预测中,已明说不会亏,预告,2023年度业绩预告（预减）,2024-01-24 00:00:00,False,0.11674,True
2024-01-24 00:00:00,600654,预测中,已明说不会亏,预告,2023年度业绩预告（扭亏）,2024-01-24 00:00:00,False,0.123175,True
2024-01-24 00:00:00,600688,预测中,已明说会亏,预告,2023年度业绩预告（减亏）,2024-01-24 00:00:00,False,0.241942,True
2024-01-24 00:00:00,600816,预测中,已明说不会亏,预告,2023年度业绩预告（扭亏）,2024-01-24 00:00:00,True,0.568806,True
2024-01-24 00:00:00,600822,预测中,已明说不会亏,预告,2023年度业绩预告（预增）,2024-01-24 00:00:00,False,0.019653,True
2024-01-24 00:00:00,600889,预测中,已明说会亏,预告,2023年度业绩预告（续亏）,2024-01-24 00:00:00,True,0.562574,True
2024-01-24 00:00:00,600933,预测中,已明说不会亏,预告,2023年度业绩预告（略增）,2024-01-24 00:00:00,False,0.009863,True
2024-01-24 00:00:00,601236,预测中,已明说不会亏,预告,2023年度业绩预告（预增）,2024-01-24 00:00:00,False,0.048288,True
2024-01-24 00:00:00,601700,预测中,已明说不会亏,预告,2023年度业绩预告（预增）,2024-01-24 00:00:00,False,0.177662,True
2024-01-24 00:00:00,603002,预测中,已明说不会亏,预告,2023年度业绩预告（预减）,2024-01-24 00:00:00,False,0.042234,True
2024-01-24 00:00:00,603038,预测中,已明说不会亏,预告,2023年度业绩预告（预增）,2024-01-24 00:00:00,False,0.261589,True
2024-01-24 00:00:00,603087,预测中,已明说不会亏,预告,2023年度业绩预告（扭亏）,2024-01-24 00:00:00,False,0.136346,True
2024-01-24 00:00:00,603127,预测中,已明说不会亏,预告,2023年度业绩预告（预减）,2024-01-24 00:00:00,False,0.010965,True
2024-01-24 00:00:00,603161,预测中,已明说不会亏,预告,2023年度业绩预告（预增）,2024-01-24 00:00:00,False,0.092092,True
2024-01-24 00:00:00,603238,预测中,已明说不会亏,预告,2023年度业绩预告（预增）,2024-01-24 00:00:00,False,0.03972,True
2024-01-24 00:00:00,603279,预测中,已明说不会亏,预告,2023年度业绩预告（略增）,2024-01-24 00:00:00,False,0.006417,True
2024-01-24 00:00:00,603286,预测中,已明说不会亏,预告,2023年度业绩预告（扭亏）,2024-01-24 00:00:00,False,0.244534,True
2024-01-24 00:00:00,603392,预测中,已明说不会亏,预告,2023年度业绩预告（预减）,2024-01-24 00:00:00,False,0.009574,True
2024-01-24 00:00:00,603688,预测中,已明说不会亏,预告,2023年度业绩预告（预增）,2024-01-24 00:00:00,False,0.005055,True
2024-01-24 00:00:00,603893,预测中,已明说不会亏,预告,2023年度业绩预告（预减）,2024-01-24 00:00:00,False,0.072544,True
2024-01-24 00:00:00,603977,预测中,已明说不会亏,预告,2023年度业绩预告（预增）,2024-01-24 00:00:00,False,0.032741,True
2024-01-24 00:00:00,603982,预测中,已明说会亏,预告,2023年度业绩预告（增亏）,2024-01-24 00:00:00,True,0.635792,True
2024-01-24 00:00:00,688006,预测中,已明说不会亏,预告,2023年度业绩预告（预增）,2024-01-24 00:00:00,False,0.00645,True
2024-01-24 00:00:00,688020,预测中,已明说会亏,预告,2023年度业绩预告（续亏）,2024-01-24 00:00:00,True,0.489902,True
2024-01-24 00:00:00,688066,预测中,已明说会亏,预告,2023年度业绩预告（首亏）,2024-01-24 00:00:00,False,0.185826,True
2024-01-24 00:00:00,688169,预测中,已明说不会亏,预告,2023年度业绩预告（预增）,2024-01-24 00:00:00,False,0.007416,True
2024-01-24 00:00:00,688200,预测中,已明说不会亏,预告,2023年度业绩预告（预减）,2024-01-24 00:00:00,False,0.007418,True
2024-01-24 00:00:00,688382,预测中,已明说会亏,预告,2023年度业绩预告（减亏）,2024-01-24 00:00:00,True,0.733758,True
2024-01-24 00:00:00,688519,预测中,已明说会亏,预告,2023年度业绩预告（首亏）,2024-01-24 00:00:00,False,0.299389,True
2024-01-24 00:00:00,688556,预测中,已明说不会亏,预告,2023年度业绩预告（预增）,2024-01-24 00:00:00,False,0.014729,True
2024-01-24 00:00:00,688575,预测中,已明说不会亏,预告,2023年度业绩预告（预减）,2024-01-24 00:00:00,False,0.012297,True
2024-01-24 00:00:00,688626,预测中,已明说不会亏,预告,2023年度业绩预告（预增）,2024-01-24 00:00:00,False,0.009042,True
2024-01-24 00:00:00,688685,预测中,已明说不会亏,预告,2023年度业绩预告（预减）,2024-01-24 00:00:00,False,0.019085,True
2024-01-24 00:00:00,688772,预测中,已明说不会亏,预告,2023年度业绩预告（预增）,2024-01-24 00:00:00,True,0.511548,True
2024-01-25 00:00:00,000007,预测中,已明说不会亏,预告,2023年度业绩预告（扭亏）,2024-01-25 00:00:00,False,0.173279,True
2024-01-25 00:00:00,000045,预测中,已明说不会亏,预告,2023年度业绩预告（略增）,2024-01-25 00:00:00,False,0.185401,True
2024-01-25 00:00:00,000157,预测中,已明说不会亏,预告,2023年度业绩预告（预增）,2024-01-25 00:00:00,False,0.052383,True
2024-01-25 00:00:00,000521,预测中,已明说不会亏,预告,2023年度业绩预告（预增）,2024-01-25 00:00:00,False,0.039653,True
2024-01-25 00:00:00,000528,预测中,已明说不会亏,预告,2023年度业绩预告（预增）,2024-01-25 00:00:00,False,0.01879,True
2024-01-25 00:00:00,000589,预测中,已明说不会亏,预告,2023年度业绩预告（预增）,2024-01-25 00:00:00,False,0.039579,True
2024-01-25 00:00:00,000678,预测中,已明说会亏,预告,2023年度业绩预告（减亏）,2024-01-25 00:00:00,True,0.637566,True
2024-01-25 00:00:00,000953,预测中,已明说会亏,预告,2023年度业绩预告（减亏）,2024-01-25 00:00:00,False,0.372049,True
2024-01-25 00:00:00,000999,预测中,已明说不会亏,预告,2023年度业绩预告（略增）,2024-01-25 00:00:00,False,0.013225,True
2024-01-25 00:00:00,002226,预测中,已明说不会亏,预告,2023年度业绩预告（预增）,2024-01-25 00:00:00,False,0.047477,True
2024-01-25 00:00:00,002270,预测中,已明说不会亏,预告,2023年度业绩预告（预增）,2024-01-25 00:00:00,False,0.00915,True
2024-01-25 00:00:00,002278,预测中,已明说不会亏,预告,2023年度业绩预告（扭亏）,2024-01-25 00:00:00,False,0.452531,True
2024-01-25 00:00:00,002302,预测中,已明说不会亏,预告,2023年度业绩预告（略增）,2024-01-25 00:00:00,False,0.055625,True
2024-01-25 00:00:00,002366,预测中,已明说不会亏,预告,2023年度业绩预告（预减）,2024-01-25 00:00:00,False,0.137214,True
2024-01-25 00:00:00,002429,预测中,已明说不会亏,预告,2023年度业绩预告（预增）,2024-01-25 00:00:00,False,0.010303,True
2024-01-25 00:00:00,002597,预测中,已明说不会亏,预告,2023年度业绩预告（预减）,2024-01-25 00:00:00,False,0.006798,True
2024-01-25 00:00:00,002673,预测中,已明说不会亏,预告,2023年度业绩预告（预增）,2024-01-25 00:00:00,False,0.044449,True
2024-01-25 00:00:00,002749,预测中,已明说不会亏,预告,2023年度业绩预告（预增）,2024-01-25 00:00:00,False,0.016413,True
2024-01-25 00:00:00,002752,预测中,已明说不会亏,预告,2023年度业绩预告（预增）,2024-01-25 00:00:00,False,0.026565,True
2024-01-25 00:00:00,002803,预测中,已明说不会亏,预告,2023年度业绩预告（预增）,2024-01-25 00:00:00,False,0.10328,True
2024-01-25 00:00:00,002820,预测中,已明说不会亏,预告,2023年度业绩预告（扭亏）,2024-01-25 00:00:00,False,0.111054,True
2024-01-25 00:00:00,002869,预测中,已明说不会亏,预告,2023年度业绩预告（预增）,2024-01-25 00:00:00,False,0.29522,True
2024-01-25 00:00:00,002879,预测中,已明说不会亏,预告,2023年度业绩预告（预增）,2024-01-25 00:00:00,False,0.144136,True
2024-01-25 00:00:00,002982,预测中,已明说会亏,预告,2023年度业绩预告（首亏）,2024-01-25 00:00:00,False,0.220102,True
2024-01-25 00:00:00,300074,预测中,已明说不会亏,预告,2023年度业绩预告（扭亏）,2024-01-25 00:00:00,False,0.331517,True
2024-01-25 00:00:00,300076,预测中,已明说会亏,预告,2023年度业绩预告（续亏）,2024-01-25 00:00:00,False,0.384416,True
2024-01-25 00:00:00,300132,预测中,已明说会亏,预告,2023年度业绩预告（减亏）,2024-01-25 00:00:00,True,0.501348,True
2024-01-25 00:00:00,300181,预测中,已明说不会亏,预告,2023年度业绩预告（略增）,2024-01-25 00:00:00,False,0.011487,True
2024-01-25 00:00:00,300201,预测中,已明说不会亏,预告,2023年度业绩预告（预增）,2024-01-25 00:00:00,False,0.076762,True
2024-01-25 00:00:00,300210,预测中,已明说会亏,预告,2023年度业绩预告（减亏）,2024-01-25 00:00:00,True,0.501432,True
2024-01-25 00:00:00,300293,预测中,已明说会亏,预告,2023年度业绩预告（减亏）,2024-01-25 00:00:00,False,0.297242,True
2024-01-25 00:00:00,300306,预测中,已明说不会亏,预告,2023年度业绩预告（略增）,2024-01-25 00:00:00,False,0.02178,True
2024-01-25 00:00:00,300337,预测中,已明说不会亏,预告,2023年度业绩预告（略增）,2024-01-25 00:00:00,False,0.120658,True
2024-01-25 00:00:00,300374,预测中,已明说会亏,预告,2023年度业绩预告（减亏）,2024-01-25 00:00:00,True,0.693901,True
2024-01-25 00:00:00,300416,预测中,已明说不会亏,预告,2023年度业绩预告（略增）,2024-01-25 00:00:00,False,0.010086,True
2024-01-25 00:00:00,300440,预测中,已明说不会亏,预告,2023年度业绩预告（预增）,2024-01-25 00:00:00,False,0.416409,True
2024-01-25 00:00:00,300753,预测中,已明说不会亏,预告,2023年度业绩预告（扭亏）,2024-01-25 00:00:00,False,0.207736,True
2024-01-25 00:00:00,300758,预测中,已明说不会亏,预告,2023年度业绩预告（扭亏）,2024-01-25 00:00:00,False,0.394588,True
2024-01-25 00:00:00,300807,预测中,已明说会亏,预告,2023年度业绩预告（增亏）,2024-01-25 00:00:00,False,0.34424,True
2024-01-25 00:00:00,300949,预测中,已明说会亏,预告,2023年度业绩预告（增亏）,2024-01-25 00:00:00,True,0.701578,True
2024-01-25 00:00:00,300969,预测中,已明说不会亏,预告,2023年度业绩预告（略增）,2024-01-25 00:00:00,False,0.005713,True
2024-01-25 00:00:00,301046,预测中,已明说不会亏,预告,2023年度业绩预告（预增）,2024-01-25 00:00:00,False,0.209154,True
2024-01-25 00:00:00,301067,预测中,已明说不会亏,预告,2023年度业绩预告（预减）,2024-01-25 00:00:00,False,0.130936,True
2024-01-25 00:00:00,301200,预测中,已明说不会亏,预告,2023年度业绩预告（预减）,2024-01-25 00:00:00,False,0.037168,True
2024-01-25 00:00:00,301229,预测中,已明说不会亏,预告,2023年度业绩预告（预增）,2024-01-25 00:00:00,False,0.030988,True
2024-01-25 00:00:00,600103,预测中,已明说不会亏,预告,2023年度业绩预告（略减）,2024-01-25 00:00:00,False,0.016676,True
2024-01-25 00:00:00,600129,预测中,已明说不会亏,预告,2023年度业绩预告（预增）,2024-01-25 00:00:00,False,0.018237,True
2024-01-25 00:00:00,600152,预测中,已明说会亏,预告,2023年度业绩预告（增亏）,2024-01-25 00:00:00,True,0.492887,True
2024-01-25 00:00:00,600292,预测中,已明说不会亏,预告,2023年度业绩预告（扭亏）,2024-01-25 00:00:00,False,0.200562,True
2024-01-25 00:00:00,600333,预测中,已明说会亏,预告,2023年度业绩预告（减亏）,2024-01-25 00:00:00,False,0.377485,True
2024-01-25 00:00:00,600396,预测中,已明说不会亏,预告,2023年度业绩预告（扭亏）,2024-01-25 00:00:00,False,0.245679,True
2024-01-25 00:00:00,600491,预测中,已明说会亏,预告,2023年度业绩预告（首亏）,2024-01-25 00:00:00,False,0.226969,True
2024-01-25 00:00:00,600509,预测中,已明说不会亏,预告,2023年度业绩预告（扭亏）,2024-01-25 00:00:00,False,0.137914,True
2024-01-25 00:00:00,600622,预测中,已明说会亏,预告,2023年度业绩预告（首亏）,2024-01-25 00:00:00,False,0.109177,True
2024-01-25 00:00:00,600865,预测中,已明说不会亏,预告,2023年度业绩预告（预减）,2024-01-25 00:00:00,False,0.093003,True
2024-01-25 00:00:00,600897,预测中,已明说不会亏,预告,2023年度业绩预告（预增）,2024-01-25 00:00:00,False,0.062451,True
2024-01-25 00:00:00,600975,预测中,已明说会亏,预告,2023年度业绩预告（增亏）,2024-01-25 00:00:00,True,0.676563,True
2024-01-25 00:00:00,601099,预测中,已明说不会亏,预告,2023年度业绩预告（扭亏）,2024-01-25 00:00:00,False,0.050963,True
2024-01-25 00:00:00,601108,预测中,已明说不会亏,预告,2023年度业绩预告（预增）,2024-01-25 00:00:00,False,0.021923,True
2024-01-25 00:00:00,601127,预测中,已明说会亏,预告,2023年度业绩预告（减亏）,2024-01-25 00:00:00,False,0.366743,True
2024-01-25 00:00:00,601226,预测中,已明说不会亏,预告,2023年度业绩预告（预减）,2024-01-25 00:00:00,False,0.400461,True
2024-01-25 00:00:00,601279,预测中,已明说不会亏,预告,2023年度业绩预告（预增）,2024-01-25 00:00:00,False,0.196016,True
2024-01-25 00:00:00,601500,预测中,已明说不会亏,预告,2023年度业绩预告（预增）,2024-01-25 00:00:00,False,0.365233,True
2024-01-25 00:00:00,601958,预测中,已明说不会亏,预告,2023年度业绩预告（预增）,2024-01-25 00:00:00,False,0.008579,True
2024-01-25 00:00:00,603031,预测中,已明说不会亏,预告,2023年度业绩预告（预增）,2024-01-25 00:00:00,False,0.010551,True
2024-01-25 00:00:00,603077,预测中,已明说不会亏,预告,2023年度业绩预告（预减）,2024-01-25 00:00:00,False,0.028439,True
2024-01-25 00:00:00,603112,预测中,已明说不会亏,预告,2023年度业绩预告（预增）,2024-01-25 00:00:00,False,0.028128,True
2024-01-25 00:00:00,603121,预测中,已明说不会亏,预告,2023年度业绩预告（扭亏）,2024-01-25 00:00:00,False,0.170104,True
2024-01-25 00:00:00,603123,预测中,已明说会亏,预告,2023年度业绩预告（增亏）,2024-01-25 00:00:00,False,0.342687,True
2024-01-25 00:00:00,603138,预测中,已明说会亏,预告,2023年度业绩预告（增亏）,2024-01-25 00:00:00,True,0.77731,True
2024-01-25 00:00:00,603267,预测中,已明说不会亏,预告,2023年度业绩预告（预减）,2024-01-25 00:00:00,False,0.012485,True
2024-01-25 00:00:00,603301,预测中,已明说不会亏,预告,2023年度业绩预告（预减）,2024-01-25 00:00:00,False,0.00756,True
2024-01-25 00:00:00,603356,预测中,已明说会亏,预告,2023年度业绩预告（增亏）,2024-01-25 00:00:00,False,0.350321,True
2024-01-25 00:00:00,603602,预测中,已明说不会亏,预告,2023年度业绩预告（预增）,2024-01-25 00:00:00,False,0.229577,True
2024-01-25 00:00:00,603660,预测中,已明说会亏,预告,2023年度业绩预告（减亏）,2024-01-25 00:00:00,True,0.518941,True
2024-01-25 00:00:00,603668,预测中,已明说会亏,预告,2023年度业绩预告（首亏）,2024-01-25 00:00:00,False,0.205845,True
2024-01-25 00:00:00,603679,预测中,已明说不会亏,预告,2023年度业绩预告（扭亏）,2024-01-25 00:00:00,False,0.172617,True
2024-01-25 00:00:00,603690,预测中,已明说不会亏,预告,2023年度业绩预告（预增）,2024-01-25 00:00:00,False,0.015249,True
2024-01-25 00:00:00,603848,预测中,已明说不会亏,预告,2023年度业绩预告（预增）,2024-01-25 00:00:00,False,0.018487,True
2024-01-25 00:00:00,603885,预测中,已明说不会亏,预告,2023年度业绩预告（扭亏）,2024-01-25 00:00:00,False,0.181284,True
2024-01-25 00:00:00,605056,预测中,已明说不会亏,预告,2023年度业绩预告（预减）,2024-01-25 00:00:00,False,0.020166,True
2024-01-25 00:00:00,605090,预测中,已明说不会亏,预告,2023年度业绩预告（略增）,2024-01-25 00:00:00,False,0.010863,True
2024-01-25 00:00:00,605100,预测中,已明说不会亏,预告,2023年度业绩预告（预增）,2024-01-25 00:00:00,False,0.060217,True
2024-01-25 00:00:00,688132,预测中,已明说会亏,预告,2023年度业绩预告（首亏）,2024-01-25 00:00:00,False,0.087322,True
2024-01-25 00:00:00,688218,预测中,已明说不会亏,预告,2023年度业绩预告（预增）,2024-01-25 00:00:00,False,0.177094,True
2024-01-25 00:00:00,688551,预测中,已明说不会亏,预告,2023年度业绩预告（预增）,2024-01-25 00:00:00,False,0.019738,True
2024-01-25 00:00:00,688617,预测中,已明说不会亏,预告,2023年度业绩预告（预增）,2024-01-25 00:00:00,False,0.006628,True
2024-01-25 00:00:00,688661,预测中,已明说会亏,预告,2023年度业绩预告（首亏）,2024-01-25 00:00:00,False,0.067638,True
2024-01-26 00:00:00,000048,预测中,已明说不会亏,预告,2023年度业绩预告（预增）,2024-01-26 00:00:00,False,0.059643,True
2024-01-26 00:00:00,000068,预测中,已明说不会亏,预告,2023年度业绩预告（扭亏）,2024-01-26 00:00:00,True,0.758561,True
2024-01-26 00:00:00,000151,预测中,已明说会亏,预告,2023年度业绩预告（减亏）,2024-01-26 00:00:00,True,0.516202,True
2024-01-26 00:00:00,000526,预测中,已明说不会亏,预告,2023年度业绩预告（预增）,2024-01-26 00:00:00,False,0.150495,True
2024-01-26 00:00:00,000534,预测中,已明说不会亏,预告,2023年度业绩预告（预增）,2024-01-26 00:00:00,False,0.028364,True
2024-01-26 00:00:00,000581,预测中,已明说不会亏,预告,2023年度业绩预告（预增）,2024-01-26 00:00:00,False,0.181269,True
2024-01-26 00:00:00,000767,预测中,已明说会亏,预告,2023年度业绩预告（减亏）,2024-01-26 00:00:00,True,0.516478,True
2024-01-26 00:00:00,000966,预测中,已明说不会亏,预告,2023年度业绩预告（预增）,2024-01-26 00:00:00,False,0.324568,True
2024-01-26 00:00:00,001202,预测中,已明说不会亏,预告,2023年度业绩预告（预增）,2024-01-26 00:00:00,False,0.025677,True
2024-01-26 00:00:00,001226,预测中,已明说会亏,预告,2023年度业绩预告（首亏）,2024-01-26 00:00:00,False,0.028533,True
2024-01-26 00:00:00,001266,预测中,已明说会亏,预告,2023年度业绩预告（首亏）,2024-01-26 00:00:00,False,0.039193,True
2024-01-26 00:00:00,002116,预测中,已明说不会亏,预告,2023年度业绩预告（预增）,2024-01-26 00:00:00,False,0.01082,True
2024-01-26 00:00:00,002138,预测中,已明说不会亏,预告,2023年度业绩预告（预增）,2024-01-26 00:00:00,False,0.062506,True
2024-01-26 00:00:00,002154,预测中,已明说不会亏,预告,2023年度业绩预告（预增）,2024-01-26 00:00:00,False,0.014909,True
2024-01-26 00:00:00,002380,预测中,已明说不会亏,预告,2023年度业绩预告（扭亏）,2024-01-26 00:00:00,False,0.168429,True
2024-01-26 00:00:00,002446,预测中,已明说不会亏,预告,2023年度业绩预告（预减）,2024-01-26 00:00:00,False,0.028727,True
2024-01-26 00:00:00,002791,预测中,已明说不会亏,预告,2023年度业绩预告（预增）,2024-01-26 00:00:00,False,0.283967,True
2024-01-26 00:00:00,002861,预测中,已明说会亏,预告,2023年度业绩预告（减亏）,2024-01-26 00:00:00,True,0.598496,True
2024-01-26 00:00:00,002897,预测中,已明说不会亏,预告,2023年度业绩预告（预减）,2024-01-26 00:00:00,False,0.063548,True
2024-01-26 00:00:00,003007,预测中,已明说不会亏,预告,2023年度业绩预告（预增）,2024-01-26 00:00:00,False,0.144725,True
2024-01-26 00:00:00,300067,预测中,已明说不会亏,预告,2023年度业绩预告（预减）,2024-01-26 00:00:00,False,0.36616,True
2024-01-26 00:00:00,300077,预测中,已明说会亏,预告,2023年度业绩预告（增亏）,2024-01-26 00:00:00,True,0.500489,True
2024-01-26 00:00:00,300079,预测中,已明说不会亏,预告,2023年度业绩预告（预减）,2024-01-26 00:00:00,False,0.098416,True
2024-01-26 00:00:00,300109,预测中,已明说不会亏,预告,2023年度业绩预告（预增）,2024-01-26 00:00:00,False,0.014903,True
2024-01-26 00:00:00,300134,预测中,已明说会亏,预告,2023年度业绩预告（首亏）,2024-01-26 00:00:00,False,0.323142,True
2024-01-26 00:00:00,300139,预测中,已明说会亏,预告,2023年度业绩预告（减亏）,2024-01-26 00:00:00,False,0.317676,True
2024-01-26 00:00:00,300140,预测中,已明说不会亏,预告,2023年度业绩预告（略增）,2024-01-26 00:00:00,False,0.022904,True
2024-01-26 00:00:00,300142,预测中,已明说不会亏,预告,2023年度业绩预告（略减）,2024-01-26 00:00:00,False,0.014055,True
2024-01-26 00:00:00,300143,预测中,已明说不会亏,预告,2023年度业绩预告（扭亏）,2024-01-26 00:00:00,False,0.119565,True
2024-01-26 00:00:00,300149,预测中,已明说会亏,预告,2023年度业绩预告（首亏）,2024-01-26 00:00:00,True,0.461815,True
2024-01-26 00:00:00,300164,预测中,已明说不会亏,预告,2023年度业绩预告（预增）,2024-01-26 00:00:00,False,0.091696,True
2024-01-26 00:00:00,300180,预测中,已明说会亏,预告,2023年度业绩预告（减亏）,2024-01-26 00:00:00,False,0.23718,True
2024-01-26 00:00:00,300226,预测中,已明说不会亏,预告,2023年度业绩预告（略增）,2024-01-26 00:00:00,False,0.022673,True
2024-01-26 00:00:00,300238,预测中,已明说不会亏,预告,2023年度业绩预告（扭亏）,2024-01-26 00:00:00,False,0.059378,True
2024-01-26 00:00:00,300242,预测中,已明说会亏,预告,2023年度业绩预告（首亏）,2024-01-26 00:00:00,True,0.597263,True
2024-01-26 00:00:00,300271,预测中,已明说会亏,预告,2023年度业绩预告（增亏）,2024-01-26 00:00:00,True,0.526116,True
2024-01-26 00:00:00,300292,预测中,已明说不会亏,预告,2023年度业绩预告（预增）,2024-01-26 00:00:00,False,0.137568,True
2024-01-26 00:00:00,300298,预测中,已明说不会亏,预告,2023年度业绩预告（略减）,2024-01-26 00:00:00,False,0.010486,True
2024-01-26 00:00:00,300331,预测中,已明说会亏,预告,2023年度业绩预告（减亏）,2024-01-26 00:00:00,False,0.215623,True
2024-01-26 00:00:00,300363,预测中,已明说不会亏,预告,2023年度业绩预告（预减）,2024-01-26 00:00:00,False,0.010304,True
2024-01-26 00:00:00,300397,预测中,已明说会亏,预告,2023年度业绩预告（续亏）,2024-01-26 00:00:00,True,0.516942,True
2024-01-26 00:00:00,300429,预测中,已明说会亏,预告,2023年度业绩预告（减亏）,2024-01-26 00:00:00,False,0.239649,True
2024-01-26 00:00:00,300458,预测中,已明说不会亏,预告,2023年度业绩预告（预减）,2024-01-26 00:00:00,False,0.07729,True
2024-01-26 00:00:00,300460,预测中,已明说会亏,预告,2023年度业绩预告（续亏）,2024-01-26 00:00:00,True,0.752072,True
2024-01-26 00:00:00,300462,预测中,已明说会亏,预告,2023年度业绩预告（首亏）,2024-01-26 00:00:00,False,0.083873,True
2024-01-26 00:00:00,300463,预测中,已明说不会亏,预告,2023年度业绩预告（预减）,2024-01-26 00:00:00,False,0.015334,True
2024-01-26 00:00:00,300497,预测中,已明说会亏,预告,2023年度业绩预告（增亏）,2024-01-26 00:00:00,True,0.511787,True
2024-01-26 00:00:00,300518,预测中,已明说会亏,预告,2023年度业绩预告（首亏）,2024-01-26 00:00:00,False,0.071159,True
2024-01-26 00:00:00,300527,预测中,已明说会亏,预告,2023年度业绩预告（增亏）,2024-01-26 00:00:00,False,0.289299,True
2024-01-26 00:00:00,300549,预测中,已明说不会亏,预告,2023年度业绩预告（略减）,2024-01-26 00:00:00,False,0.020316,True
2024-01-26 00:00:00,300552,预测中,已明说会亏,预告,2023年度业绩预告（增亏）,2024-01-26 00:00:00,True,0.631841,True
2024-01-26 00:00:00,300564,预测中,已明说不会亏,预告,2023年度业绩预告（预减）,2024-01-26 00:00:00,False,0.050823,True
2024-01-26 00:00:00,300588,预测中,已明说会亏,预告,2023年度业绩预告（减亏）,2024-01-26 00:00:00,False,0.367597,True
2024-01-26 00:00:00,300595,预测中,已明说不会亏,预告,2023年度业绩预告（略增）,2024-01-26 00:00:00,False,0.007158,True
2024-01-26 00:00:00,300632,预测中,已明说不会亏,预告,2023年度业绩预告（预增）,2024-01-26 00:00:00,False,0.218399,True
2024-01-26 00:00:00,300688,预测中,已明说不会亏,预告,2023年度业绩预告（扭亏）,2024-01-26 00:00:00,False,0.390157,True
2024-01-26 00:00:00,300707,预测中,已明说不会亏,预告,2023年度业绩预告（预减）,2024-01-26 00:00:00,False,0.182033,True
2024-01-26 00:00:00,300724,预测中,已明说不会亏,预告,2023年度业绩预告（预增）,2024-01-26 00:00:00,False,0.009299,True
2024-01-26 00:00:00,300786,预测中,已明说会亏,预告,2023年度业绩预告（首亏）,2024-01-26 00:00:00,False,0.219333,True
2024-01-26 00:00:00,300787,预测中,已明说不会亏,预告,2023年度业绩预告（预减）,2024-01-26 00:00:00,False,0.098927,True
2024-01-26 00:00:00,300795,预测中,已明说不会亏,预告,2023年度业绩预告（预增）,2024-01-26 00:00:00,False,0.024086,True
2024-01-26 00:00:00,300821,预测中,已明说会亏,预告,2023年度业绩预告（首亏）,2024-01-26 00:00:00,False,0.138071,True
2024-01-26 00:00:00,300825,预测中,已明说不会亏,预告,2023年度业绩预告（预减）,2024-01-26 00:00:00,False,0.067037,True
2024-01-26 00:00:00,300844,预测中,已明说会亏,预告,2023年度业绩预告（续亏）,2024-01-26 00:00:00,False,0.138746,True
2024-01-26 00:00:00,300875,预测中,已明说会亏,预告,2023年度业绩预告（增亏）,2024-01-26 00:00:00,False,0.076076,True
2024-01-26 00:00:00,300883,预测中,已明说会亏,预告,2023年度业绩预告（首亏）,2024-01-26 00:00:00,False,0.105232,True
2024-01-26 00:00:00,300890,预测中,已明说不会亏,预告,2023年度业绩预告（预减）,2024-01-26 00:00:00,False,0.01375,True
2024-01-26 00:00:00,300928,预测中,已明说会亏,预告,2023年度业绩预告（首亏）,2024-01-26 00:00:00,False,0.137424,True
2024-01-26 00:00:00,300956,预测中,已明说会亏,预告,2023年度业绩预告（增亏）,2024-01-26 00:00:00,True,0.632033,True
2024-01-26 00:00:00,300970,预测中,已明说不会亏,预告,2023年度业绩预告（预减）,2024-01-26 00:00:00,False,0.014995,True
2024-01-26 00:00:00,300976,预测中,已明说不会亏,预告,2023年度业绩预告（预减）,2024-01-26 00:00:00,False,0.152943,True
2024-01-26 00:00:00,300977,预测中,已明说不会亏,预告,2023年度业绩预告（预增）,2024-01-26 00:00:00,False,0.068621,True
2024-01-26 00:00:00,300978,预测中,已明说不会亏,预告,2023年度业绩预告（预增）,2024-01-26 00:00:00,False,0.048056,True
2024-01-26 00:00:00,301001,预测中,已明说不会亏,预告,2023年度业绩预告（扭亏）,2024-01-26 00:00:00,False,0.231381,True
2024-01-26 00:00:00,301002,预测中,已明说不会亏,预告,2023年度业绩预告（预减）,2024-01-26 00:00:00,False,0.078499,True
2024-01-26 00:00:00,301013,预测中,已明说会亏,预告,2023年度业绩预告（续亏）,2024-01-26 00:00:00,False,0.21944,True
2024-01-26 00:00:00,301027,预测中,已明说不会亏,预告,2023年度业绩预告（预减）,2024-01-26 00:00:00,False,0.083985,True
2024-01-26 00:00:00,301036,预测中,已明说不会亏,预告,2023年度业绩预告（预增）,2024-01-26 00:00:00,False,0.283503,True
2024-01-26 00:00:00,301088,预测中,已明说不会亏,预告,2023年度业绩预告（预减）,2024-01-26 00:00:00,False,0.029523,True
2024-01-26 00:00:00,301127,预测中,已明说不会亏,预告,2023年度业绩预告（预增）,2024-01-26 00:00:00,False,0.019356,True
2024-01-26 00:00:00,301136,预测中,已明说不会亏,预告,2023年度业绩预告（预减）,2024-01-26 00:00:00,False,0.037842,True
2024-01-26 00:00:00,301155,预测中,已明说会亏,预告,2023年度业绩预告（首亏）,2024-01-26 00:00:00,False,0.043118,True
2024-01-26 00:00:00,301176,预测中,已明说会亏,预告,2023年度业绩预告（首亏）,2024-01-26 00:00:00,False,0.0914,True
2024-01-26 00:00:00,301177,预测中,已明说不会亏,预告,2023年度业绩预告（预减）,2024-01-26 00:00:00,False,0.043985,True
2024-01-26 00:00:00,301183,预测中,已明说会亏,预告,2023年度业绩预告（首亏）,2024-01-26 00:00:00,False,0.384866,True
2024-01-26 00:00:00,301193,预测中,已明说不会亏,预告,2023年度业绩预告（预减）,2024-01-26 00:00:00,False,0.037851,True
2024-01-26 00:00:00,301205,预测中,已明说不会亏,预告,2023年度业绩预告（预减）,2024-01-26 00:00:00,False,0.006718,True
2024-01-26 00:00:00,301278,预测中,已明说不会亏,预告,2023年度业绩预告（预增）,2024-01-26 00:00:00,False,0.007987,True
2024-01-26 00:00:00,301298,预测中,已明说不会亏,预告,2023年度业绩预告（预增）,2024-01-26 00:00:00,False,0.020734,True
2024-01-26 00:00:00,301308,预测中,已明说会亏,预告,2023年度业绩预告（首亏）,2024-01-26 00:00:00,False,0.251221,True
2024-01-26 00:00:00,301314,预测中,已明说不会亏,预告,2023年度业绩预告（预减）,2024-01-26 00:00:00,False,0.011256,True
2024-01-26 00:00:00,301326,预测中,已明说会亏,预告,2023年度业绩预告（首亏）,2024-01-26 00:00:00,False,0.351984,True
2024-01-26 00:00:00,301369,预测中,已明说不会亏,预告,2023年度业绩预告（预减）,2024-01-26 00:00:00,False,0.024537,True
2024-01-26 00:00:00,302132,预测中,已明说不会亏,预告,2023年度业绩预告（预减）,2024-01-26 00:00:00,False,0.043531,True
2024-01-26 00:00:00,600171,预测中,已明说会亏,预告,2023年度业绩预告（首亏）,2024-01-26 00:00:00,False,0.034089,True
2024-01-26 00:00:00,600293,预测中,已明说不会亏,预告,2023年度业绩预告（扭亏）,2024-01-26 00:00:00,True,0.50132,True
2024-01-26 00:00:00,600481,预测中,已明说不会亏,预告,2023年度业绩预告（预增）,2024-01-26 00:00:00,False,0.026371,True
2024-01-26 00:00:00,600521,预测中,已明说不会亏,预告,2023年度业绩预告（略减）,2024-01-26 00:00:00,False,0.015527,True
2024-01-26 00:00:00,600526,预测中,已明说不会亏,预告,2023年度业绩预告（预增）,2024-01-26 00:00:00,False,0.154342,True
2024-01-26 00:00:00,600581,预测中,已明说会亏,预告,2023年度业绩预告（减亏）,2024-01-26 00:00:00,False,0.382307,True
2024-01-26 00:00:00,600601,预测中,已明说不会亏,预告,2023年度业绩预告（扭亏）,2024-01-26 00:00:00,False,0.120612,True
2024-01-26 00:00:00,600679,预测中,已明说不会亏,预告,2023年度业绩预告（扭亏）,2024-01-26 00:00:00,False,0.076533,True
2024-01-26 00:00:00,600721,预测中,已明说不会亏,预告,2023年度业绩预告（扭亏）,2024-01-26 00:00:00,False,0.211654,True
2024-01-26 00:00:00,600790,预测中,已明说不会亏,预告,2023年度业绩预告（预减）,2024-01-26 00:00:00,False,0.016056,True
2024-01-26 00:00:00,600805,预测中,已明说不会亏,预告,2023年度业绩预告（预减）,2024-01-26 00:00:00,False,0.298394,True
2024-01-26 00:00:00,600818,预测中,已明说不会亏,预告,2023年度业绩预告（扭亏）,2024-01-26 00:00:00,False,0.057344,True
2024-01-26 00:00:00,600839,预测中,已明说不会亏,预告,2023年度业绩预告（预增）,2024-01-26 00:00:00,False,0.027399,True
2024-01-26 00:00:00,600906,预测中,已明说不会亏,预告,2023年度业绩预告（预增）,2024-01-26 00:00:00,False,0.018644,True
2024-01-26 00:00:00,600955,预测中,已明说不会亏,预告,2023年度业绩预告（预减）,2024-01-26 00:00:00,False,0.059048,True
2024-01-26 00:00:00,601019,预测中,已明说不会亏,预告,2023年度业绩预告（略增）,2024-01-26 00:00:00,False,0.010907,True
2024-01-26 00:00:00,601333,预测中,已明说不会亏,预告,2023年度业绩预告（扭亏）,2024-01-26 00:00:00,False,0.050515,True
2024-01-26 00:00:00,601519,预测中,已明说不会亏,预告,2023年度业绩预告（扭亏）,2024-01-26 00:00:00,False,0.116452,True
2024-01-26 00:00:00,601566,预测中,已明说不会亏,预告,2023年度业绩预告（扭亏）,2024-01-26 00:00:00,False,0.073628,True
2024-01-26 00:00:00,601567,预测中,已明说不会亏,预告,2023年度业绩预告（预增）,2024-01-26 00:00:00,False,0.007195,True
2024-01-26 00:00:00,603027,预测中,已明说不会亏,预告,2023年度业绩预告（预增）,2024-01-26 00:00:00,False,0.006275,True
2024-01-26 00:00:00,603069,预测中,已明说会亏,预告,2023年度业绩预告（首亏）,2024-01-26 00:00:00,False,0.286116,True
2024-01-26 00:00:00,603101,预测中,已明说不会亏,预告,2023年度业绩预告（扭亏）,2024-01-26 00:00:00,False,0.043749,True
2024-01-26 00:00:00,603116,预测中,已明说不会亏,预告,2023年度业绩预告（扭亏）,2024-01-26 00:00:00,False,0.168691,True
2024-01-26 00:00:00,603232,预测中,已明说不会亏,预告,2023年度业绩预告（扭亏）,2024-01-26 00:00:00,False,0.419709,True
2024-01-26 00:00:00,603236,预测中,已明说不会亏,预告,2023年度业绩预告（预减）,2024-01-26 00:00:00,False,0.211364,True
2024-01-26 00:00:00,603331,预测中,已明说不会亏,预告,2023年度业绩预告（预增）,2024-01-26 00:00:00,False,0.025459,True
2024-01-26 00:00:00,603466,预测中,已明说不会亏,预告,2023年度业绩预告（预增）,2024-01-26 00:00:00,False,0.020945,True
2024-01-26 00:00:00,603598,预测中,已明说不会亏,预告,2023年度业绩预告（扭亏）,2024-01-26 00:00:00,False,0.302537,True
2024-01-26 00:00:00,603683,预测中,已明说不会亏,预告,2023年度业绩预告（预增）,2024-01-26 00:00:00,False,0.087311,True
2024-01-26 00:00:00,603725,预测中,已明说不会亏,预告,2023年度业绩预告（扭亏）,2024-01-26 00:00:00,False,0.234153,True
2024-01-26 00:00:00,603727,预测中,已明说会亏,预告,2023年度业绩预告（首亏）,2024-01-26 00:00:00,False,0.263789,True
2024-01-26 00:00:00,603810,预测中,已明说会亏,预告,2023年度业绩预告（首亏）,2024-01-26 00:00:00,False,0.040136,True
2024-01-26 00:00:00,603819,预测中,已明说不会亏,预告,2023年度业绩预告（扭亏）,2024-01-26 00:00:00,False,0.136297,True
2024-01-26 00:00:00,603878,预测中,已明说不会亏,预告,2023年度业绩预告（预增）,2024-01-26 00:00:00,False,0.008016,True
2024-01-26 00:00:00,603922,预测中,已明说不会亏,预告,2023年度业绩预告（扭亏）,2024-01-26 00:00:00,True,0.468706,True
2024-01-26 00:00:00,603960,预测中,已明说不会亏,预告,2023年度业绩预告（预增）,2024-01-26 00:00:00,False,0.024585,True
2024-01-26 00:00:00,603986,预测中,已明说不会亏,预告,2023年度业绩预告（预减）,2024-01-26 00:00:00,False,0.020177,True
2024-01-26 00:00:00,605138,预测中,已明说不会亏,预告,2023年度业绩预告（预减）,2024-01-26 00:00:00,False,0.022905,True
2024-01-26 00:00:00,605286,预测中,已明说不会亏,预告,2023年度业绩预告（预增）,2024-01-26 00:00:00,False,0.019544,True
2024-01-26 00:00:00,688092,预测中,已明说不会亏,预告,2023年度业绩预告（预增）,2024-01-26 00:00:00,False,0.01215,True
2024-01-26 00:00:00,688147,预测中,已明说不会亏,预告,2023年度业绩预告（预增）,2024-01-26 00:00:00,False,0.040984,True
2024-01-26 00:00:00,688208,预测中,已明说不会亏,预告,2023年度业绩预告（预增）,2024-01-26 00:00:00,False,0.077119,True
2024-01-26 00:00:00,688232,预测中,已明说不会亏,预告,2023年度业绩预告（预减）,2024-01-26 00:00:00,False,0.078622,True
2024-01-26 00:00:00,688336,预测中,已明说不会亏,预告,2023年度业绩预告（预增）,2024-01-26 00:00:00,False,0.039805,True
2024-01-26 00:00:00,688520,预测中,已明说会亏,预告,2023年度业绩预告（减亏）,2024-01-26 00:00:00,False,0.225466,True
2024-01-26 00:00:00,688597,预测中,已明说不会亏,预告,2023年度业绩预告（预减）,2024-01-26 00:00:00,False,0.082908,True
2024-01-26 00:00:00,688662,预测中,已明说会亏,预告,2023年度业绩预告（首亏）,2024-01-26 00:00:00,False,0.079042,True
2024-01-27 00:00:00,000029,预测中,已明说会亏,预告,2023年度业绩预告（首亏）,2024-01-27 00:00:00,False,0.401211,True
2024-01-27 00:00:00,000058,预测中,已明说不会亏,预告,2023年度业绩预告（预增）,2024-01-27 00:00:00,False,0.054296,True
2024-01-27 00:00:00,000088,预测中,已明说不会亏,预告,2023年度业绩预告（预增）,2024-01-27 00:00:00,False,0.015327,True
2024-01-27 00:00:00,000100,预测中,已明说不会亏,预告,2023年度业绩预告（预增）,2024-01-27 00:00:00,False,0.321748,True
2024-01-27 00:00:00,000410,预测中,已明说不会亏,预告,2023年度业绩预告（预增）,2024-01-27 00:00:00,True,0.596023,True
2024-01-27 00:00:00,000421,预测中,已明说会亏,预告,2023年度业绩预告（首亏）,2024-01-27 00:00:00,False,0.192248,True
2024-01-27 00:00:00,000422,预测中,已明说不会亏,预告,2023年度业绩预告（预减）,2024-01-27 00:00:00,False,0.054945,True
2024-01-27 00:00:00,000423,预测中,已明说不会亏,预告,2023年度业绩预告（略增）,2024-01-27 00:00:00,False,0.010988,True
2024-01-27 00:00:00,000426,预测中,已明说不会亏,预告,2023年度业绩预告（预增）,2024-01-27 00:00:00,False,0.22541,True
2024-01-27 00:00:00,000504,预测中,已明说会亏,预告,2023年度业绩预告（增亏）,2024-01-27 00:00:00,True,0.520736,True
2024-01-27 00:00:00,000529,预测中,已明说不会亏,预告,2023年度业绩预告（预减）,2024-01-27 00:00:00,False,0.103544,True
2024-01-27 00:00:00,000543,预测中,已明说不会亏,预告,2023年度业绩预告（预增）,2024-01-27 00:00:00,False,0.14456,True
2024-01-27 00:00:00,000545,预测中,已明说会亏,预告,2023年度业绩预告（增亏）,2024-01-27 00:00:00,True,0.631983,True
2024-01-27 00:00:00,000558,预测中,已明说不会亏,预告,2023年度业绩预告（扭亏）,2024-01-27 00:00:00,False,0.050687,True
2024-01-27 00:00:00,000573,预测中,已明说不会亏,预告,2023年度业绩预告（预增）,2024-01-27 00:00:00,False,0.055208,True
2024-01-27 00:00:00,000593,预测中,已明说会亏,预告,2023年度业绩预告（首亏）,2024-01-27 00:00:00,False,0.092385,True
2024-01-27 00:00:00,000600,预测中,已明说不会亏,预告,2023年度业绩预告（预增）,2024-01-27 00:00:00,False,0.232256,True
2024-01-27 00:00:00,000619,预测中,已明说会亏,预告,2023年度业绩预告（减亏）,2024-01-27 00:00:00,False,0.398783,True
2024-01-27 00:00:00,000635,预测中,已明说会亏,预告,2023年度业绩预告（增亏）,2024-01-27 00:00:00,True,0.633291,True
2024-01-27 00:00:00,000683,预测中,已明说不会亏,预告,2023年度业绩预告（预减）,2024-01-27 00:00:00,False,0.01129,True
2024-01-27 00:00:00,000686,预测中,已明说不会亏,预告,2023年度业绩预告（预增）,2024-01-27 00:00:00,False,0.021062,True
2024-01-27 00:00:00,000691,预测中,已明说会亏,预告,2023年度业绩预告（首亏）,2024-01-27 00:00:00,False,0.244639,True
2024-01-27 00:00:00,000721,预测中,已明说会亏,预告,2023年度业绩预告（减亏）,2024-01-27 00:00:00,True,0.557895,True
2024-01-27 00:00:00,000757,预测中,已明说会亏,预告,2023年度业绩预告（增亏）,2024-01-27 00:00:00,False,0.168819,True
2024-01-27 00:00:00,000762,预测中,已明说不会亏,预告,2023年度业绩预告（预减）,2024-01-27 00:00:00,False,0.085374,True
2024-01-27 00:00:00,000792,预测中,已明说不会亏,预告,2023年度业绩预告（预减）,2024-01-27 00:00:00,False,0.0273,True
2024-01-27 00:00:00,000811,预测中,已明说不会亏,预告,2023年度业绩预告（预增）,2024-01-27 00:00:00,False,0.015757,True
2024-01-27 00:00:00,000830,预测中,已明说不会亏,预告,2023年度业绩预告（预减）,2024-01-27 00:00:00,False,0.016345,True
2024-01-27 00:00:00,000833,预测中,已明说不会亏,预告,2023年度业绩预告（预减）,2024-01-27 00:00:00,False,0.037622,True
2024-01-27 00:00:00,000860,预测中,已明说会亏,预告,2023年度业绩预告（减亏）,2024-01-27 00:00:00,False,0.044163,True
2024-01-27 00:00:00,000877,预测中,已明说不会亏,预告,2023年度业绩预告（预减）,2024-01-27 00:00:00,False,0.1043,True
2024-01-27 00:00:00,000903,预测中,已明说会亏,预告,2023年度业绩预告（减亏）,2024-01-27 00:00:00,True,0.608639,True
2024-01-27 00:00:00,000912,预测中,已明说不会亏,预告,2023年度业绩预告（预减）,2024-01-27 00:00:00,False,0.022921,True
2024-01-27 00:00:00,000952,预测中,已明说会亏,预告,2023年度业绩预告（首亏）,2024-01-27 00:00:00,True,0.529275,True
2024-01-27 00:00:00,001269,预测中,已明说不会亏,预告,2023年度业绩预告（预增）,2024-01-27 00:00:00,False,0.013872,True
2024-01-27 00:00:00,001896,预测中,已明说会亏,预告,2023年度业绩预告（减亏）,2024-01-27 00:00:00,True,0.561421,True
2024-01-27 00:00:00,002038,预测中,已明说不会亏,预告,2023年度业绩预告（预增）,2024-01-27 00:00:00,False,0.056226,True
2024-01-27 00:00:00,002045,预测中,已明说不会亏,预告,2023年度业绩预告（预增）,2024-01-27 00:00:00,False,0.293895,True
2024-01-27 00:00:00,002075,预测中,已明说不会亏,预告,2023年度业绩预告（预减）,2024-01-27 00:00:00,False,0.03649,True
2024-01-27 00:00:00,002127,预测中,已明说不会亏,预告,2023年度业绩预告（扭亏）,2024-01-27 00:00:00,False,0.417417,True
2024-01-27 00:00:00,002129,预测中,已明说不会亏,预告,2023年度业绩预告（略减）,2024-01-27 00:00:00,False,0.00956,True
2024-01-27 00:00:00,002134,预测中,已明说不会亏,预告,2023年度业绩预告（略减）,2024-01-27 00:00:00,False,0.03293,True
2024-01-27 00:00:00,002153,预测中,已明说会亏,预告,2023年度业绩预告（减亏）,2024-01-27 00:00:00,False,0.349427,True
2024-01-27 00:00:00,002157,预测中,已明说不会亏,预告,2023年度业绩预告（扭亏）,2024-01-27 00:00:00,True,0.699505,True
2024-01-27 00:00:00,002162,预测中,已明说不会亏,预告,2023年度业绩预告（扭亏）,2024-01-27 00:00:00,False,0.303089,True
2024-01-27 00:00:00,002186,预测中,已明说不会亏,预告,2023年度业绩预告（扭亏）,2024-01-27 00:00:00,False,0.269477,True
2024-01-27 00:00:00,002194,预测中,已明说不会亏,预告,2023年度业绩预告（预减）,2024-01-27 00:00:00,False,0.028037,True
2024-01-27 00:00:00,002207,预测中,已明说会亏,预告,2023年度业绩预告（增亏）,2024-01-27 00:00:00,True,0.473275,True
2024-01-27 00:00:00,002223,预测中,已明说不会亏,预告,2023年度业绩预告（预增）,2024-01-27 00:00:00,False,0.006116,True
2024-01-27 00:00:00,002250,预测中,已明说会亏,预告,2023年度业绩预告（首亏）,2024-01-27 00:00:00,False,0.082804,True
2024-01-27 00:00:00,002286,预测中,已明说不会亏,预告,2023年度业绩预告（预减）,2024-01-27 00:00:00,False,0.107318,True
2024-01-27 00:00:00,002315,预测中,已明说不会亏,预告,2023年度业绩预告（略增）,2024-01-27 00:00:00,False,0.034108,True
2024-01-27 00:00:00,002320,预测中,已明说不会亏,预告,2023年度业绩预告（预增）,2024-01-27 00:00:00,False,0.015949,True
2024-01-27 00:00:00,002370,预测中,已明说会亏,预告,2023年度业绩预告（减亏）,2024-01-27 00:00:00,True,0.477364,True
2024-01-27 00:00:00,002436,预测中,已明说不会亏,预告,2023年度业绩预告（预减）,2024-01-27 00:00:00,False,0.148469,True
2024-01-27 00:00:00,002452,预测中,已明说不会亏,预告,2023年度业绩预告（预增）,2024-01-27 00:00:00,False,0.072999,True
2024-01-27 00:00:00,002471,预测中,已明说不会亏,预告,2023年度业绩预告（扭亏）,2024-01-27 00:00:00,False,0.393157,True
2024-01-27 00:00:00,002488,预测中,已明说不会亏,预告,2023年度业绩预告（预减）,2024-01-27 00:00:00,False,0.336849,True
2024-01-27 00:00:00,002538,预测中,已明说不会亏,预告,2023年度业绩预告（预减）,2024-01-27 00:00:00,False,0.020507,True
2024-01-27 00:00:00,002540,预测中,已明说不会亏,预告,2023年度业绩预告（略减）,2024-01-27 00:00:00,False,0.014031,True
2024-01-27 00:00:00,002544,预测中,已明说不会亏,预告,2023年度业绩预告（预减）,2024-01-27 00:00:00,False,0.068796,True
2024-01-27 00:00:00,002546,预测中,已明说不会亏,预告,2023年度业绩预告（预增）,2024-01-27 00:00:00,False,0.047495,True
2024-01-27 00:00:00,002549,预测中,已明说会亏,预告,2023年度业绩预告（首亏）,2024-01-27 00:00:00,False,0.068866,True
2024-01-27 00:00:00,002551,预测中,已明说会亏,预告,2023年度业绩预告（减亏）,2024-01-27 00:00:00,False,0.16932,True
2024-01-27 00:00:00,002553,预测中,已明说不会亏,预告,2023年度业绩预告（预减）,2024-01-27 00:00:00,False,0.41526,True
2024-01-27 00:00:00,002559,预测中,已明说不会亏,预告,2023年度业绩预告（预增）,2024-01-27 00:00:00,False,0.08307,True
2024-01-27 00:00:00,002568,预测中,已明说不会亏,预告,2023年度业绩预告（预增）,2024-01-27 00:00:00,False,0.011035,True
2024-01-27 00:00:00,002606,预测中,已明说不会亏,预告,2023年度业绩预告（预减）,2024-01-27 00:00:00,False,0.034428,True
2024-01-27 00:00:00,002624,预测中,已明说不会亏,预告,2023年度业绩预告（预减）,2024-01-27 00:00:00,False,0.071829,True
2024-01-27 00:00:00,002632,预测中,已明说不会亏,预告,2023年度业绩预告（预减）,2024-01-27 00:00:00,False,0.016811,True
2024-01-27 00:00:00,002633,预测中,已明说会亏,预告,2023年度业绩预告（减亏）,2024-01-27 00:00:00,False,0.239052,True
2024-01-27 00:00:00,002651,预测中,已明说不会亏,预告,2023年度业绩预告（预减）,2024-01-27 00:00:00,False,0.005688,True
2024-01-27 00:00:00,002652,预测中,已明说不会亏,预告,2023年度业绩预告（扭亏）,2024-01-27 00:00:00,True,0.665566,True
2024-01-27 00:00:00,002667,预测中,已明说会亏,预告,2023年度业绩预告（首亏）,2024-01-27 00:00:00,False,0.214496,True
2024-01-27 00:00:00,002672,预测中,已明说会亏,预告,2023年度业绩预告（增亏）,2024-01-27 00:00:00,True,0.653165,True
2024-01-27 00:00:00,002695,预测中,已明说不会亏,预告,2023年度业绩预告（预增）,2024-01-27 00:00:00,False,0.108769,True
2024-01-27 00:00:00,002767,预测中,已明说不会亏,预告,2023年度业绩预告（预减）,2024-01-27 00:00:00,False,0.159066,True
2024-01-27 00:00:00,002825,预测中,已明说不会亏,预告,2023年度业绩预告（预减）,2024-01-27 00:00:00,False,0.018228,True
2024-01-27 00:00:00,002836,预测中,已明说不会亏,预告,2023年度业绩预告（预减）,2024-01-27 00:00:00,False,0.05053,True
2024-01-27 00:00:00,002850,预测中,已明说不会亏,预告,2023年度业绩预告（略增）,2024-01-27 00:00:00,False,0.00954,True
2024-01-27 00:00:00,002852,预测中,已明说不会亏,预告,2023年度业绩预告（扭亏）,2024-01-27 00:00:00,False,0.075054,True
2024-01-27 00:00:00,002888,预测中,已明说会亏,预告,2023年度业绩预告（减亏）,2024-01-27 00:00:00,False,0.286226,True
2024-01-27 00:00:00,002912,预测中,已明说不会亏,预告,2023年度业绩预告（扭亏）,2024-01-27 00:00:00,False,0.089069,True
2024-01-27 00:00:00,002942,预测中,已明说会亏,预告,2023年度业绩预告（首亏）,2024-01-27 00:00:00,False,0.105445,True
2024-01-27 00:00:00,002955,预测中,已明说不会亏,预告,2023年度业绩预告（略减）,2024-01-27 00:00:00,False,0.024895,True
2024-01-27 00:00:00,002963,预测中,已明说不会亏,预告,2023年度业绩预告（扭亏）,2024-01-27 00:00:00,False,0.400241,True
2024-01-27 00:00:00,003001,预测中,已明说不会亏,预告,2023年度业绩预告（扭亏）,2024-01-27 00:00:00,True,0.591236,True
2024-01-27 00:00:00,003040,预测中,已明说不会亏,预告,2023年度业绩预告（预减）,2024-01-27 00:00:00,False,0.025987,True
2024-01-27 00:00:00,300025,预测中,已明说会亏,预告,2023年度业绩预告（首亏）,2024-01-27 00:00:00,False,0.448478,True
2024-01-27 00:00:00,300061,预测中,已明说会亏,预告,2023年度业绩预告（首亏）,2024-01-27 00:00:00,False,0.419301,True
2024-01-27 00:00:00,300091,预测中,已明说会亏,预告,2023年度业绩预告（续亏）,2024-01-27 00:00:00,True,0.593599,True
2024-01-27 00:00:00,300223,预测中,已明说不会亏,预告,2023年度业绩预告（略减）,2024-01-27 00:00:00,False,0.020864,True
2024-01-27 00:00:00,300228,预测中,已明说不会亏,预告,2023年度业绩预告（扭亏）,2024-01-27 00:00:00,False,0.151684,True
2024-01-27 00:00:00,300229,预测中,已明说不会亏,预告,2023年度业绩预告（预减）,2024-01-27 00:00:00,False,0.059365,True
2024-01-27 00:00:00,300308,预测中,已明说不会亏,预告,2023年度业绩预告（预增）,2024-01-27 00:00:00,False,0.010198,True
2024-01-27 00:00:00,300375,预测中,已明说不会亏,预告,2023年度业绩预告（预减）,2024-01-27 00:00:00,False,0.06347,True
2024-01-27 00:00:00,300499,预测中,已明说会亏,预告,2023年度业绩预告（首亏）,2024-01-27 00:00:00,False,0.267427,True
2024-01-27 00:00:00,300505,预测中,已明说会亏,预告,2023年度业绩预告（首亏）,2024-01-27 00:00:00,False,0.125483,True
2024-01-27 00:00:00,300540,预测中,已明说不会亏,预告,2023年度业绩预告（扭亏）,2024-01-27 00:00:00,False,0.066636,True
2024-01-27 00:00:00,300617,预测中,已明说不会亏,预告,2023年度业绩预告（预增）,2024-01-27 00:00:00,False,0.038635,True
2024-01-27 00:00:00,300698,预测中,已明说不会亏,预告,2023年度业绩预告（预增）,2024-01-27 00:00:00,False,0.091266,True
2024-01-27 00:00:00,300709,预测中,已明说不会亏,预告,2023年度业绩预告（扭亏）,2024-01-27 00:00:00,True,0.607667,True
2024-01-27 00:00:00,300767,预测中,已明说会亏,预告,2023年度业绩预告（首亏）,2024-01-27 00:00:00,False,0.073458,True
2024-01-27 00:00:00,300865,预测中,已明说会亏,预告,2023年度业绩预告（首亏）,2024-01-27 00:00:00,False,0.074417,True
2024-01-27 00:00:00,300918,预测中,已明说不会亏,预告,2023年度业绩预告（略增）,2024-01-27 00:00:00,False,0.013424,True
2024-01-27 00:00:00,300935,预测中,已明说会亏,预告,2023年度业绩预告（增亏）,2024-01-27 00:00:00,True,0.613208,True
2024-01-27 00:00:00,301011,预测中,已明说不会亏,预告,2023年度业绩预告（扭亏）,2024-01-27 00:00:00,False,0.348543,True
2024-01-27 00:00:00,301077,预测中,已明说不会亏,预告,2023年度业绩预告（续盈）,2024-01-27 00:00:00,False,0.0157,True
2024-01-27 00:00:00,301152,预测中,已明说会亏,预告,2023年度业绩预告（首亏）,2024-01-27 00:00:00,False,0.321912,True
2024-01-27 00:00:00,301166,预测中,已明说不会亏,预告,2023年度业绩预告（预减）,2024-01-27 00:00:00,False,0.072014,True
2024-01-27 00:00:00,301212,预测中,已明说不会亏,预告,2023年度业绩预告（预减）,2024-01-27 00:00:00,False,0.008748,True
2024-01-27 00:00:00,600009,预测中,已明说不会亏,预告,2023年度业绩预告（扭亏）,2024-01-27 00:00:00,False,0.44586,True
2024-01-27 00:00:00,600029,预测中,已明说会亏,预告,2023年度业绩预告（减亏）,2024-01-27 00:00:00,True,0.679365,True
2024-01-27 00:00:00,600075,预测中,已明说会亏,预告,2023年度业绩预告（首亏）,2024-01-27 00:00:00,False,0.119293,True
2024-01-27 00:00:00,600095,预测中,已明说不会亏,预告,2023年度业绩预告（扭亏）,2024-01-27 00:00:00,False,0.025528,True
2024-01-27 00:00:00,600127,预测中,已明说不会亏,预告,2023年度业绩预告（扭亏）,2024-01-27 00:00:00,False,0.203452,True
2024-01-27 00:00:00,600149,预测中,已明说会亏,预告,2023年度业绩预告（增亏）,2024-01-27 00:00:00,False,0.375936,True
2024-01-27 00:00:00,600176,预测中,已明说不会亏,预告,2023年度业绩预告（预减）,2024-01-27 00:00:00,False,0.009567,True
2024-01-27 00:00:00,600185,预测中,已明说会亏,预告,2023年度业绩预告（减亏）,2024-01-27 00:00:00,False,0.302329,True
2024-01-27 00:00:00,600189,预测中,已明说会亏,预告,2023年度业绩预告（首亏）,2024-01-27 00:00:00,False,0.375762,True
2024-01-27 00:00:00,600239,预测中,已明说会亏,预告,2023年度业绩预告（减亏）,2024-01-27 00:00:00,False,0.045689,True
2024-01-27 00:00:00,600251,预测中,已明说不会亏,预告,2023年度业绩预告（略增）,2024-01-27 00:00:00,False,0.016265,True
2024-01-27 00:00:00,600256,预测中,已明说不会亏,预告,2023年度业绩预告（预减）,2024-01-27 00:00:00,False,0.007167,True
2024-01-27 00:00:00,600265,预测中,已明说不会亏,预告,2023年度业绩预告（扭亏）,2024-01-27 00:00:00,False,0.210899,True
2024-01-27 00:00:00,600330,预测中,已明说不会亏,预告,2023年度业绩预告（预减）,2024-01-27 00:00:00,False,0.022651,True
2024-01-27 00:00:00,600367,预测中,已明说不会亏,预告,2023年度业绩预告（预减）,2024-01-27 00:00:00,False,0.101008,True
2024-01-27 00:00:00,600375,预测中,已明说会亏,预告,2023年度业绩预告（减亏）,2024-01-27 00:00:00,True,0.534016,True
2024-01-27 00:00:00,600389,预测中,已明说不会亏,预告,2023年度业绩预告（预减）,2024-01-27 00:00:00,False,0.016368,True
2024-01-27 00:00:00,600489,预测中,已明说不会亏,预告,2023年度业绩预告（预增）,2024-01-27 00:00:00,False,0.027377,True
2024-01-27 00:00:00,600499,预测中,已明说不会亏,预告,2023年度业绩预告（略减）,2024-01-27 00:00:00,False,0.017329,True
2024-01-27 00:00:00,600520,预测中,已明说会亏,预告,2023年度业绩预告（首亏）,2024-01-27 00:00:00,False,0.041265,True
2024-01-27 00:00:00,600538,预测中,已明说会亏,预告,2023年度业绩预告（首亏）,2024-01-27 00:00:00,False,0.21786,True
2024-01-27 00:00:00,600568,预测中,已明说会亏,预告,2023年度业绩预告（减亏）,2024-01-27 00:00:00,True,0.683539,True
2024-01-27 00:00:00,600572,预测中,已明说不会亏,预告,2023年度业绩预告（预增）,2024-01-27 00:00:00,False,0.024725,True
2024-01-27 00:00:00,600588,预测中,已明说会亏,预告,2023年度业绩预告（首亏）,2024-01-27 00:00:00,False,0.181503,True
2024-01-27 00:00:00,600592,预测中,已明说不会亏,预告,2023年度业绩预告（扭亏）,2024-01-27 00:00:00,False,0.061309,True
2024-01-27 00:00:00,600596,预测中,已明说不会亏,预告,2023年度业绩预告（预减）,2024-01-27 00:00:00,False,0.073313,True
2024-01-27 00:00:00,600653,预测中,已明说会亏,预告,2023年度业绩预告（续亏）,2024-01-27 00:00:00,False,0.315611,True
2024-01-27 00:00:00,600658,预测中,已明说会亏,预告,2023年度业绩预告（首亏）,2024-01-27 00:00:00,False,0.021445,True
2024-01-27 00:00:00,600685,预测中,已明说不会亏,预告,2023年度业绩预告（预减）,2024-01-27 00:00:00,False,0.147977,True
2024-01-27 00:00:00,600716,预测中,已明说不会亏,预告,2023年度业绩预告（扭亏）,2024-01-27 00:00:00,False,0.0914,True
2024-01-27 00:00:00,600720,预测中,已明说不会亏,预告,2023年度业绩预告（略增）,2024-01-27 00:00:00,False,0.013681,True
2024-01-27 00:00:00,600740,预测中,已明说不会亏,预告,2023年度业绩预告（预减）,2024-01-27 00:00:00,False,0.019775,True
2024-01-27 00:00:00,600743,预测中,已明说会亏,预告,2023年度业绩预告（减亏）,2024-01-27 00:00:00,True,0.562716,True
2024-01-27 00:00:00,600744,预测中,已明说会亏,预告,2023年度业绩预告（首亏）,2024-01-27 00:00:00,True,0.495958,True
2024-01-27 00:00:00,600749,预测中,已明说不会亏,预告,2023年度业绩预告（扭亏）,2024-01-27 00:00:00,True,0.458865,True
2024-01-27 00:00:00,600770,预测中,已明说会亏,预告,2023年度业绩预告（减亏）,2024-01-27 00:00:00,False,0.36897,True
2024-01-27 00:00:00,600779,预测中,已明说不会亏,预告,2023年度业绩预告（略增）,2024-01-27 00:00:00,False,0.009399,True
2024-01-27 00:00:00,600792,预测中,已明说不会亏,预告,2023年度业绩预告（扭亏）,2024-01-27 00:00:00,False,0.17799,True
2024-01-27 00:00:00,600800,预测中,已明说会亏,预告,2023年度业绩预告（增亏）,2024-01-27 00:00:00,False,0.426626,True
2024-01-27 00:00:00,600812,预测中,已明说不会亏,预告,2023年度业绩预告（扭亏）,2024-01-27 00:00:00,False,0.286728,True
2024-01-27 00:00:00,600815,预测中,已明说会亏,预告,2023年度业绩预告（首亏）,2024-01-27 00:00:00,True,0.458846,True
2024-01-27 00:00:00,600841,预测中,已明说会亏,预告,2023年度业绩预告（增亏）,2024-01-27 00:00:00,True,0.754325,True
2024-01-27 00:00:00,600847,预测中,已明说会亏,预告,2023年度业绩预告（减亏）,2024-01-27 00:00:00,False,0.238967,True
2024-01-27 00:00:00,600859,预测中,已明说不会亏,预告,2023年度业绩预告（预增）,2024-01-27 00:00:00,False,0.040592,True
2024-01-27 00:00:00,600861,预测中,已明说不会亏,预告,2023年度业绩预告（扭亏）,2024-01-27 00:00:00,False,0.014003,True
2024-01-27 00:00:00,600962,预测中,已明说不会亏,预告,2023年度业绩预告（预减）,2024-01-27 00:00:00,False,0.058196,True
2024-01-27 00:00:00,600977,预测中,已明说不会亏,预告,2023年度业绩预告（扭亏）,2024-01-27 00:00:00,False,0.179893,True
2024-01-27 00:00:00,600981,预测中,已明说会亏,预告,2023年度业绩预告（减亏）,2024-01-27 00:00:00,False,0.07405,True
2024-01-27 00:00:00,601003,预测中,已明说会亏,预告,2023年度业绩预告（减亏）,2024-01-27 00:00:00,False,0.015935,True
2024-01-27 00:00:00,601005,预测中,已明说会亏,预告,2023年度业绩预告（增亏）,2024-01-27 00:00:00,False,0.134719,True
2024-01-27 00:00:00,601068,预测中,已明说会亏,预告,2023年度业绩预告（首亏）,2024-01-27 00:00:00,True,0.529485,True
2024-01-27 00:00:00,601111,预测中,已明说会亏,预告,2023年度业绩预告（减亏）,2024-01-27 00:00:00,True,0.63034,True
2024-01-27 00:00:00,601366,预测中,已明说不会亏,预告,2023年度业绩预告（扭亏）,2024-01-27 00:00:00,False,0.207481,True
2024-01-27 00:00:00,601568,预测中,已明说不会亏,预告,2023年度业绩预告（预减）,2024-01-27 00:00:00,False,0.046859,True
2024-01-27 00:00:00,601600,预测中,已明说不会亏,预告,2023年度业绩预告（预增）,2024-01-27 00:00:00,False,0.02607,True
2024-01-27 00:00:00,601606,预测中,已明说不会亏,预告,2023年度业绩预告（预减）,2024-01-27 00:00:00,False,0.088725,True
2024-01-27 00:00:00,601616,预测中,已明说不会亏,预告,2023年度业绩预告（预减）,2024-01-27 00:00:00,False,0.161952,True
2024-01-27 00:00:00,601698,预测中,已明说不会亏,预告,2023年度业绩预告（预减）,2024-01-27 00:00:00,False,0.01143,True
2024-01-27 00:00:00,601777,预测中,已明说不会亏,预告,2023年度业绩预告（预减）,2024-01-27 00:00:00,False,0.119636,True
2024-01-27 00:00:00,601816,预测中,已明说不会亏,预告,2023年度业绩预告（扭亏）,2024-01-27 00:00:00,False,0.043529,True
2024-01-27 00:00:00,601908,预测中,已明说不会亏,预告,2023年度业绩预告（预减）,2024-01-27 00:00:00,False,0.153216,True
2024-01-27 00:00:00,601929,预测中,已明说会亏,预告,2023年度业绩预告（增亏）,2024-01-27 00:00:00,False,0.351749,True
2024-01-27 00:00:00,603010,预测中,已明说不会亏,预告,2023年度业绩预告（预减）,2024-01-27 00:00:00,False,0.014169,True
2024-01-27 00:00:00,603026,预测中,已明说不会亏,预告,2023年度业绩预告（预减）,2024-01-27 00:00:00,False,0.089487,True
2024-01-27 00:00:00,603037,预测中,已明说不会亏,预告,2023年度业绩预告（略增）,2024-01-27 00:00:00,False,0.017073,True
2024-01-27 00:00:00,603131,预测中,已明说会亏,预告,2023年度业绩预告（减亏）,2024-01-27 00:00:00,False,0.26307,True
2024-01-27 00:00:00,603177,预测中,已明说会亏,预告,2023年度业绩预告（首亏）,2024-01-27 00:00:00,False,0.321853,True
2024-01-27 00:00:00,603208,预测中,已明说不会亏,预告,2023年度业绩预告（扭亏）,2024-01-27 00:00:00,False,0.115601,True
2024-01-27 00:00:00,603222,预测中,已明说会亏,预告,2023年度业绩预告（首亏）,2024-01-27 00:00:00,False,0.095941,True
2024-01-27 00:00:00,603256,预测中,已明说会亏,预告,2023年度业绩预告（首亏）,2024-01-27 00:00:00,False,0.21742,True
2024-01-27 00:00:00,603313,预测中,已明说不会亏,预告,2023年度业绩预告（预增）,2024-01-27 00:00:00,False,0.292818,True
2024-01-27 00:00:00,603329,预测中,已明说不会亏,预告,2023年度业绩预告（预减）,2024-01-27 00:00:00,False,0.251215,True
2024-01-27 00:00:00,603390,预测中,已明说不会亏,预告,2023年度业绩预告（扭亏）,2024-01-27 00:00:00,False,0.074344,True
2024-01-27 00:00:00,603489,预测中,已明说不会亏,预告,2023年度业绩预告（预减）,2024-01-27 00:00:00,False,0.012738,True
2024-01-27 00:00:00,603678,预测中,已明说不会亏,预告,2023年度业绩预告（预减）,2024-01-27 00:00:00,False,0.022784,True
2024-01-27 00:00:00,603825,预测中,已明说会亏,预告,2023年度业绩预告（减亏）,2024-01-27 00:00:00,True,0.497983,True
2024-01-27 00:00:00,603838,预测中,已明说会亏,预告,2023年度业绩预告（续亏）,2024-01-27 00:00:00,True,0.653807,True
2024-01-27 00:00:00,603901,预测中,已明说不会亏,预告,2023年度业绩预告（预减）,2024-01-27 00:00:00,False,0.021844,True
2024-01-27 00:00:00,605196,预测中,已明说不会亏,预告,2023年度业绩预告（预增）,2024-01-27 00:00:00,False,0.015001,True
2024-01-27 00:00:00,605208,预测中,已明说不会亏,预告,2023年度业绩预告（预减）,2024-01-27 00:00:00,False,0.099049,True
2024-01-27 00:00:00,605289,预测中,已明说不会亏,预告,2023年度业绩预告（扭亏）,2024-01-27 00:00:00,False,0.1094,True
2024-01-27 00:00:00,605369,预测中,已明说不会亏,预告,2023年度业绩预告（预减）,2024-01-27 00:00:00,False,0.013685,True
2024-01-27 00:00:00,605399,预测中,已明说不会亏,预告,2023年度业绩预告（预减）,2024-01-27 00:00:00,False,0.009703,True
2024-01-27 00:00:00,605499,预测中,已明说不会亏,预告,2023年度业绩预告（略增）,2024-01-27 00:00:00,False,0.007962,True
2024-01-27 00:00:00,688008,预测中,已明说不会亏,预告,2023年度业绩预告（预减）,2024-01-27 00:00:00,False,0.027732,True
2024-01-27 00:00:00,688026,预测中,已明说不会亏,预告,2023年度业绩预告（预减）,2024-01-27 00:00:00,False,0.207919,True
2024-01-27 00:00:00,688028,预测中,已明说不会亏,预告,2023年度业绩预告（预增）,2024-01-27 00:00:00,False,0.015468,True
2024-01-27 00:00:00,688051,预测中,已明说会亏,预告,2023年度业绩预告（减亏）,2024-01-27 00:00:00,True,0.751603,True
2024-01-27 00:00:00,688058,预测中,已明说不会亏,预告,2023年度业绩预告（扭亏）,2024-01-27 00:00:00,False,0.262929,True
2024-01-27 00:00:00,688063,预测中,已明说不会亏,预告,2023年度业绩预告（预减）,2024-01-27 00:00:00,False,0.005772,True
2024-01-27 00:00:00,688081,预测中,已明说会亏,预告,2023年度业绩预告（减亏）,2024-01-27 00:00:00,False,0.322517,True
2024-01-27 00:00:00,688119,预测中,已明说不会亏,预告,2023年度业绩预告（预减）,2024-01-27 00:00:00,False,0.072215,True
2024-01-27 00:00:00,688123,预测中,已明说不会亏,预告,2023年度业绩预告（预减）,2024-01-27 00:00:00,False,0.010398,True
2024-01-27 00:00:00,688126,预测中,已明说不会亏,预告,2023年度业绩预告（略减）,2024-01-27 00:00:00,False,0.027252,True
2024-01-27 00:00:00,688158,预测中,已明说会亏,预告,2023年度业绩预告（减亏）,2024-01-27 00:00:00,True,0.580186,True
2024-01-27 00:00:00,688168,预测中,已明说不会亏,预告,2023年度业绩预告（扭亏）,2024-01-27 00:00:00,True,0.494271,True
2024-01-27 00:00:00,688207,预测中,已明说会亏,预告,2023年度业绩预告（首亏）,2024-01-27 00:00:00,False,0.20659,True
2024-01-27 00:00:00,688223,预测中,已明说不会亏,预告,2023年度业绩预告（预增）,2024-01-27 00:00:00,False,0.01922,True
2024-01-27 00:00:00,688225,预测中,已明说会亏,预告,2023年度业绩预告（首亏）,2024-01-27 00:00:00,False,0.166412,True
2024-01-27 00:00:00,688266,预测中,已明说会亏,预告,2023年度业绩预告（减亏）,2024-01-27 00:00:00,True,0.699515,True
2024-01-27 00:00:00,688267,预测中,已明说不会亏,预告,2023年度业绩预告（预减）,2024-01-27 00:00:00,False,0.059062,True
2024-01-27 00:00:00,688306,预测中,已明说会亏,预告,2023年度业绩预告（首亏）,2024-01-27 00:00:00,True,0.692034,True
2024-01-27 00:00:00,688310,预测中,已明说不会亏,预告,2023年度业绩预告（预增）,2024-01-27 00:00:00,False,0.009769,True
2024-01-27 00:00:00,688313,预测中,已明说会亏,预告,2023年度业绩预告（首亏）,2024-01-27 00:00:00,False,0.105737,True
2024-01-27 00:00:00,688370,预测中,已明说不会亏,预告,2023年度业绩预告（预减）,2024-01-27 00:00:00,False,0.011165,True
2024-01-27 00:00:00,688381,预测中,已明说不会亏,预告,2023年度业绩预告（预减）,2024-01-27 00:00:00,False,0.021054,True
2024-01-27 00:00:00,688387,预测中,已明说会亏,预告,2023年度业绩预告（减亏）,2024-01-27 00:00:00,False,0.158435,True
2024-01-27 00:00:00,688399,预测中,已明说会亏,预告,2023年度业绩预告（首亏）,2024-01-27 00:00:00,False,0.117138,True
2024-01-27 00:00:00,688606,预测中,已明说不会亏,预告,2023年度业绩预告（预减）,2024-01-27 00:00:00,False,0.035173,True
2024-01-27 00:00:00,688609,预测中,已明说会亏,预告,2023年度业绩预告（首亏）,2024-01-27 00:00:00,False,0.058362,True
2024-01-27 00:00:00,688668,预测中,已明说不会亏,预告,2023年度业绩预告（预减）,2024-01-27 00:00:00,False,0.011616,True
2024-01-27 00:00:00,688680,预测中,已明说会亏,预告,2023年度业绩预告（首亏）,2024-01-27 00:00:00,False,0.299204,True
2024-01-27 00:00:00,688707,预测中,已明说不会亏,预告,2023年度业绩预告（预减）,2024-01-27 00:00:00,False,0.019053,True
2024-01-27 00:00:00,688787,预测中,已明说会亏,预告,2023年度业绩预告（首亏）,2024-01-27 00:00:00,False,0.386352,True
2024-01-29 00:00:00,000070,预测中,已明说会亏,预告,2023年度业绩预告（首亏）,2024-01-29 00:00:00,False,0.382723,True
2024-01-29 00:00:00,000631,预测中,已明说不会亏,预告,2023年度业绩预告（预增）,2024-01-29 00:00:00,False,0.047124,True
2024-01-29 00:00:00,000736,预测中,已明说会亏,预告,2023年度业绩预告（首亏）,2024-01-29 00:00:00,False,0.358917,True
2024-01-29 00:00:00,001331,预测中,已明说会亏,预告,2023年度业绩预告（首亏）,2024-01-29 00:00:00,False,0.044747,True
2024-01-29 00:00:00,002044,预测中,已明说不会亏,预告,2023年度业绩预告（扭亏）,2024-01-29 00:00:00,True,0.731476,True
2024-01-29 00:00:00,002312,预测中,已明说不会亏,预告,2023年度业绩预告（预减）,2024-01-29 00:00:00,False,0.064151,True
2024-01-29 00:00:00,002939,预测中,已明说不会亏,预告,2023年度业绩预告（预增）,2024-01-29 00:00:00,False,0.018468,True
2024-01-29 00:00:00,002984,预测中,已明说不会亏,预告,2023年度业绩预告（预增）,2024-01-29 00:00:00,False,0.008507,True
2024-01-29 00:00:00,300001,预测中,已明说不会亏,预告,2023年度业绩预告（预增）,2024-01-29 00:00:00,False,0.105386,True
2024-01-29 00:00:00,300017,预测中,已明说不会亏,预告,2023年度业绩预告（预增）,2024-01-29 00:00:00,False,0.084191,True
2024-01-29 00:00:00,300022,预测中,已明说不会亏,预告,2023年度业绩预告（预增）,2024-01-29 00:00:00,False,0.087642,True
2024-01-29 00:00:00,300045,预测中,已明说不会亏,预告,2023年度业绩预告（扭亏）,2024-01-29 00:00:00,False,0.160669,True
2024-01-29 00:00:00,300052,预测中,已明说会亏,预告,2023年度业绩预告（续亏）,2024-01-29 00:00:00,False,0.364615,True
2024-01-29 00:00:00,300069,预测中,已明说不会亏,预告,2023年度业绩预告（扭亏）,2024-01-29 00:00:00,True,0.481472,True
2024-01-29 00:00:00,300078,预测中,已明说会亏,预告,2023年度业绩预告（续亏）,2024-01-29 00:00:00,True,0.753907,True
2024-01-29 00:00:00,300098,预测中,已明说会亏,预告,2023年度业绩预告（减亏）,2024-01-29 00:00:00,False,0.32072,True
2024-01-29 00:00:00,300113,预测中,已明说不会亏,预告,2023年度业绩预告（扭亏）,2024-01-29 00:00:00,False,0.123977,True
2024-01-29 00:00:00,300148,预测中,已明说会亏,预告,2023年度业绩预告（减亏）,2024-01-29 00:00:00,False,0.217629,True
2024-01-29 00:00:00,300165,预测中,已明说会亏,预告,2023年度业绩预告（续亏）,2024-01-29 00:00:00,False,0.371375,True
2024-01-29 00:00:00,300187,预测中,已明说不会亏,预告,2023年度业绩预告（扭亏）,2024-01-29 00:00:00,False,0.121563,True
2024-01-29 00:00:00,300191,预测中,已明说会亏,预告,2023年度业绩预告（首亏）,2024-01-29 00:00:00,False,0.090052,True
2024-01-29 00:00:00,300204,预测中,已明说会亏,预告,2023年度业绩预告（增亏）,2024-01-29 00:00:00,True,0.81425,True
2024-01-29 00:00:00,300215,预测中,已明说不会亏,预告,2023年度业绩预告（预减）,2024-01-29 00:00:00,False,0.341575,True
2024-01-29 00:00:00,300230,预测中,已明说不会亏,预告,2023年度业绩预告（预增）,2024-01-29 00:00:00,False,0.026717,True
2024-01-29 00:00:00,300253,预测中,已明说不会亏,预告,2023年度业绩预告（预增）,2024-01-29 00:00:00,False,0.413789,True
2024-01-29 00:00:00,300254,预测中,已明说不会亏,预告,2023年度业绩预告（扭亏）,2024-01-29 00:00:00,True,0.509495,True
2024-01-29 00:00:00,300267,预测中,已明说会亏,预告,2023年度业绩预告（首亏）,2024-01-29 00:00:00,False,0.211954,True
2024-01-29 00:00:00,300269,预测中,已明说不会亏,预告,2023年度业绩预告（扭亏）,2024-01-29 00:00:00,False,0.398984,True
2024-01-29 00:00:00,300321,预测中,已明说会亏,预告,2023年度业绩预告（首亏）,2024-01-29 00:00:00,False,0.443111,True
2024-01-29 00:00:00,300324,预测中,已明说会亏,预告,2023年度业绩预告（减亏）,2024-01-29 00:00:00,True,0.541318,True
2024-01-29 00:00:00,300353,预测中,已明说不会亏,预告,2023年度业绩预告（预增）,2024-01-29 00:00:00,True,0.607751,True
2024-01-29 00:00:00,300383,预测中,已明说不会亏,预告,2023年度业绩预告（扭亏）,2024-01-29 00:00:00,False,0.272714,True
2024-01-29 00:00:00,300386,预测中,已明说会亏,预告,2023年度业绩预告（增亏）,2024-01-29 00:00:00,True,0.569586,True
2024-01-29 00:00:00,300442,预测中,已明说不会亏,预告,2023年度业绩预告（预增）,2024-01-29 00:00:00,False,0.023809,True
2024-01-29 00:00:00,300456,预测中,已明说不会亏,预告,2023年度业绩预告（扭亏）,2024-01-29 00:00:00,False,0.096391,True
2024-01-29 00:00:00,300508,预测中,已明说不会亏,预告,2023年度业绩预告（略减）,2024-01-29 00:00:00,False,0.021812,True
2024-01-29 00:00:00,300541,预测中,已明说不会亏,预告,2023年度业绩预告（预增）,2024-01-29 00:00:00,False,0.052224,True
2024-01-29 00:00:00,300545,预测中,已明说不会亏,预告,2023年度业绩预告（预增）,2024-01-29 00:00:00,False,0.038454,True
2024-01-29 00:00:00,300547,预测中,已明说不会亏,预告,2023年度业绩预告（预增）,2024-01-29 00:00:00,False,0.008399,True
2024-01-29 00:00:00,300581,预测中,已明说不会亏,预告,2023年度业绩预告（预减）,2024-01-29 00:00:00,False,0.084463,True
2024-01-29 00:00:00,300611,预测中,已明说不会亏,预告,2023年度业绩预告（扭亏）,2024-01-29 00:00:00,False,0.259588,True
2024-01-29 00:00:00,300616,预测中,已明说不会亏,预告,2023年度业绩预告（预增）,2024-01-29 00:00:00,True,0.46381,True
2024-01-29 00:00:00,300667,预测中,已明说不会亏,预告,2023年度业绩预告（预增）,2024-01-29 00:00:00,False,0.049774,True
2024-01-29 00:00:00,300683,预测中,已明说会亏,预告,2023年度业绩预告（增亏）,2024-01-29 00:00:00,False,0.423096,True
2024-01-29 00:00:00,300694,预测中,已明说不会亏,预告,2023年度业绩预告（预增）,2024-01-29 00:00:00,False,0.174617,True
2024-01-29 00:00:00,300702,预测中,已明说不会亏,预告,2023年度业绩预告（扭亏）,2024-01-29 00:00:00,False,0.174064,True
2024-01-29 00:00:00,300713,预测中,已明说会亏,预告,2023年度业绩预告（减亏）,2024-01-29 00:00:00,False,0.207748,True
2024-01-29 00:00:00,300716,预测中,已明说会亏,预告,2023年度业绩预告（首亏）,2024-01-29 00:00:00,False,0.452102,True
2024-01-29 00:00:00,300731,预测中,已明说不会亏,预告,2023年度业绩预告（扭亏）,2024-01-29 00:00:00,False,0.209793,True
2024-01-29 00:00:00,300743,预测中,已明说不会亏,预告,2023年度业绩预告（预增）,2024-01-29 00:00:00,False,0.011369,True
2024-01-29 00:00:00,300759,预测中,已明说不会亏,预告,2023年度业绩预告（略增）,2024-01-29 00:00:00,False,0.014623,True
2024-01-29 00:00:00,300870,预测中,已明说不会亏,预告,2023年度业绩预告（预增）,2024-01-29 00:00:00,False,0.14232,True
2024-01-29 00:00:00,300872,预测中,已明说不会亏,预告,2023年度业绩预告（预增）,2024-01-29 00:00:00,False,0.108288,True
2024-01-29 00:00:00,300891,预测中,已明说不会亏,预告,2023年度业绩预告（预增）,2024-01-29 00:00:00,False,0.264437,True
2024-01-29 00:00:00,300892,预测中,已明说会亏,预告,2023年度业绩预告（首亏）,2024-01-29 00:00:00,True,0.589297,True
2024-01-29 00:00:00,300901,预测中,已明说不会亏,预告,2023年度业绩预告（预减）,2024-01-29 00:00:00,False,0.080521,True
2024-01-29 00:00:00,300940,预测中,已明说会亏,预告,2023年度业绩预告（增亏）,2024-01-29 00:00:00,True,0.787933,True
2024-01-29 00:00:00,300973,预测中,已明说不会亏,预告,2023年度业绩预告（略减）,2024-01-29 00:00:00,False,0.016614,True
2024-01-29 00:00:00,300981,预测中,已明说会亏,预告,2023年度业绩预告（首亏）,2024-01-29 00:00:00,False,0.377239,True
2024-01-29 00:00:00,300982,预测中,已明说不会亏,预告,2023年度业绩预告（预减）,2024-01-29 00:00:00,False,0.011477,True
2024-01-29 00:00:00,300996,预测中,已明说不会亏,预告,2023年度业绩预告（预减）,2024-01-29 00:00:00,False,0.036016,True
2024-01-29 00:00:00,301009,预测中,已明说不会亏,预告,2023年度业绩预告（扭亏）,2024-01-29 00:00:00,False,0.061248,True
2024-01-29 00:00:00,301066,预测中,已明说不会亏,预告,2023年度业绩预告（扭亏）,2024-01-29 00:00:00,False,0.041695,True
2024-01-29 00:00:00,301103,预测中,已明说不会亏,预告,2023年度业绩预告（预增）,2024-01-29 00:00:00,False,0.057794,True
2024-01-29 00:00:00,301159,预测中,已明说不会亏,预告,2023年度业绩预告（扭亏）,2024-01-29 00:00:00,True,0.538299,True
2024-01-29 00:00:00,301186,预测中,已明说不会亏,预告,2023年度业绩预告（预增）,2024-01-29 00:00:00,False,0.018471,True
2024-01-29 00:00:00,301206,预测中,已明说不会亏,预告,2023年度业绩预告（预减）,2024-01-29 00:00:00,False,0.103658,True
2024-01-29 00:00:00,301217,预测中,已明说不会亏,预告,2023年度业绩预告（预减）,2024-01-29 00:00:00,False,0.104332,True
2024-01-29 00:00:00,301231,预测中,已明说不会亏,预告,2023年度业绩预告（预减）,2024-01-29 00:00:00,False,0.042203,True
2024-01-29 00:00:00,301237,预测中,已明说不会亏,预告,2023年度业绩预告（预减）,2024-01-29 00:00:00,False,0.056918,True
2024-01-29 00:00:00,301246,预测中,已明说不会亏,预告,2023年度业绩预告（预减）,2024-01-29 00:00:00,False,0.010484,True
2024-01-29 00:00:00,301259,预测中,已明说会亏,预告,2023年度业绩预告（首亏）,2024-01-29 00:00:00,False,0.015903,True
2024-01-29 00:00:00,301288,预测中,已明说不会亏,预告,2023年度业绩预告（预增）,2024-01-29 00:00:00,False,0.108957,True
2024-01-29 00:00:00,301391,预测中,已明说不会亏,预告,2023年度业绩预告（预增）,2024-01-29 00:00:00,False,0.009324,True
2024-01-29 00:00:00,600258,预测中,已明说不会亏,预告,2023年度业绩预告（扭亏）,2024-01-29 00:00:00,False,0.046282,True
2024-01-29 00:00:00,600570,预测中,已明说不会亏,预告,2023年度业绩预告（略增）,2024-01-29 00:00:00,False,0.01104,True
2024-01-29 00:00:00,603530,预测中,已明说不会亏,预告,2023年度业绩预告（预增）,2024-01-29 00:00:00,False,0.03893,True
2024-01-29 00:00:00,603813,预测中,已明说会亏,预告,2023年度业绩预告（首亏）,2024-01-29 00:00:00,False,0.421869,True
2024-01-29 00:00:00,605599,预测中,已明说不会亏,预告,2023年度业绩预告（预增）,2024-01-29 00:00:00,False,0.016893,True
2024-01-29 00:00:00,688531,预测中,已明说不会亏,预告,2023年度业绩预告（预增）,2024-01-29 00:00:00,False,0.00703,True
2024-01-30 00:00:00,000025,预测中,已明说不会亏,预告,2023年度业绩预告（预增）,2024-01-30 00:00:00,False,0.071777,True
2024-01-30 00:00:00,000036,预测中,已明说不会亏,预告,2023年度业绩预告（预减）,2024-01-30 00:00:00,False,0.016782,True
2024-01-30 00:00:00,000409,预测中,已明说不会亏,预告,2023年度业绩预告（预增）,2024-01-30 00:00:00,False,0.088499,True
2024-01-30 00:00:00,000428,预测中,已明说会亏,预告,2023年度业绩预告（减亏）,2024-01-30 00:00:00,True,0.531975,True
2024-01-30 00:00:00,000503,预测中,已明说会亏,预告,2023年度业绩预告（减亏）,2024-01-30 00:00:00,True,0.61574,True
2024-01-30 00:00:00,000533,预测中,已明说不会亏,预告,2023年度业绩预告（预增）,2024-01-30 00:00:00,False,0.063042,True
2024-01-30 00:00:00,000539,预测中,已明说不会亏,预告,2023年度业绩预告（扭亏）,2024-01-30 00:00:00,False,0.232701,True
2024-01-30 00:00:00,000544,预测中,已明说不会亏,预告,2023年度业绩预告（略增）,2024-01-30 00:00:00,False,0.02327,True
2024-01-30 00:00:00,000557,预测中,已明说不会亏,预告,2023年度业绩预告（略增）,2024-01-30 00:00:00,False,0.018233,True
2024-01-30 00:00:00,000612,预测中,已明说不会亏,预告,2023年度业绩预告（预增）,2024-01-30 00:00:00,False,0.065441,True
2024-01-30 00:00:00,000620,预测中,已明说不会亏,预告,2023年度业绩预告（扭亏）,2024-01-30 00:00:00,False,0.267801,True
2024-01-30 00:00:00,000665,预测中,已明说会亏,预告,2023年度业绩预告（减亏）,2024-01-30 00:00:00,True,0.591402,True
2024-01-30 00:00:00,000669,预测中,已明说会亏,预告,2023年度业绩预告（增亏）,2024-01-30 00:00:00,False,0.418029,True
2024-01-30 00:00:00,000670,预测中,已明说会亏,预告,2023年度业绩预告（首亏）,2024-01-30 00:00:00,True,0.462768,True
2024-01-30 00:00:00,000690,预测中,已明说不会亏,预告,2023年度业绩预告（预增）,2024-01-30 00:00:00,False,0.089934,True
2024-01-30 00:00:00,000697,预测中,已明说会亏,预告,2023年度业绩预告（减亏）,2024-01-30 00:00:00,False,0.177257,True
2024-01-30 00:00:00,000759,预测中,已明说会亏,预告,2023年度业绩预告（续亏）,2024-01-30 00:00:00,False,0.307643,True
2024-01-30 00:00:00,000820,预测中,已明说会亏,预告,2023年度业绩预告（续亏）,2024-01-30 00:00:00,True,0.636449,True
2024-01-30 00:00:00,000852,预测中,已明说不会亏,预告,2023年度业绩预告（预增）,2024-01-30 00:00:00,False,0.134179,True
2024-01-30 00:00:00,000859,预测中,已明说会亏,预告,2023年度业绩预告（首亏）,2024-01-30 00:00:00,False,0.045228,True
2024-01-30 00:00:00,000868,预测中,已明说会亏,预告,2023年度业绩预告（减亏）,2024-01-30 00:00:00,True,0.582082,True
2024-01-30 00:00:00,000899,预测中,已明说不会亏,预告,2023年度业绩预告（预增）,2024-01-30 00:00:00,False,0.306919,True
2024-01-30 00:00:00,000908,预测中,已明说会亏,预告,2023年度业绩预告（增亏）,2024-01-30 00:00:00,False,0.374888,True
2024-01-30 00:00:00,000911,预测中,已明说不会亏,预告,2023年度业绩预告（扭亏）,2024-01-30 00:00:00,False,0.37907,True
2024-01-30 00:00:00,000929,预测中,已明说会亏,预告,2023年度业绩预告（增亏）,2024-01-30 00:00:00,False,0.371519,True
2024-01-30 00:00:00,000936,预测中,已明说不会亏,预告,2023年度业绩预告（预减）,2024-01-30 00:00:00,False,0.09102,True
2024-01-30 00:00:00,000949,预测中,已明说会亏,预告,2023年度业绩预告（减亏）,2024-01-30 00:00:00,False,0.295326,True
2024-01-30 00:00:00,000978,预测中,已明说不会亏,预告,2023年度业绩预告（扭亏）,2024-01-30 00:00:00,True,0.488387,True
2024-01-30 00:00:00,000980,预测中,已明说会亏,预告,2023年度业绩预告（减亏）,2024-01-30 00:00:00,True,0.705399,True
2024-01-30 00:00:00,000985,预测中,已明说不会亏,预告,2023年度业绩预告（预减）,2024-01-30 00:00:00,False,0.130869,True
2024-01-30 00:00:00,000990,预测中,已明说不会亏,预告,2023年度业绩预告（预增）,2024-01-30 00:00:00,True,0.490113,True
2024-01-30 00:00:00,001210,预测中,已明说不会亏,预告,2023年度业绩预告（预减）,2024-01-30 00:00:00,False,0.020205,True
2024-01-30 00:00:00,001259,预测中,已明说不会亏,预告,2023年度业绩预告（预减）,2024-01-30 00:00:00,False,0.006186,True
2024-01-30 00:00:00,001309,预测中,已明说不会亏,预告,2023年度业绩预告（预减）,2024-01-30 00:00:00,False,0.087374,True
2024-01-30 00:00:00,001313,预测中,已明说不会亏,预告,2023年度业绩预告（预减）,2024-01-30 00:00:00,False,0.274474,True
2024-01-30 00:00:00,002027,预测中,已明说不会亏,预告,2023年度业绩预告（预增）,2024-01-30 00:00:00,False,0.025871,True
2024-01-30 00:00:00,002029,预测中,已明说不会亏,预告,2023年度业绩预告（预增）,2024-01-30 00:00:00,False,0.061414,True
2024-01-30 00:00:00,002035,预测中,已明说不会亏,预告,2023年度业绩预告（预增）,2024-01-30 00:00:00,False,0.025465,True
2024-01-30 00:00:00,002039,预测中,已明说不会亏,预告,2023年度业绩预告（略减）,2024-01-30 00:00:00,False,0.193839,True
2024-01-30 00:00:00,002058,预测中,已明说会亏,预告,2023年度业绩预告（减亏）,2024-01-30 00:00:00,True,0.549967,True
2024-01-30 00:00:00,002061,预测中,已明说不会亏,预告,2023年度业绩预告（略减）,2024-01-30 00:00:00,False,0.015351,True
2024-01-30 00:00:00,002072,预测中,已明说不会亏,预告,2023年度业绩预告（扭亏）,2024-01-30 00:00:00,False,0.21843,True
2024-01-30 00:00:00,002074,预测中,已明说不会亏,预告,2023年度业绩预告（预增）,2024-01-30 00:00:00,False,0.202077,True
2024-01-30 00:00:00,002079,预测中,已明说不会亏,预告,2023年度业绩预告（预减）,2024-01-30 00:00:00,False,0.063213,True
2024-01-30 00:00:00,002097,预测中,已明说不会亏,预告,2023年度业绩预告（扭亏）,2024-01-30 00:00:00,False,0.133175,True
2024-01-30 00:00:00,002103,预测中,已明说不会亏,预告,2023年度业绩预告（扭亏）,2024-01-30 00:00:00,False,0.309957,True
2024-01-30 00:00:00,002105,预测中,已明说不会亏,预告,2023年度业绩预告（预减）,2024-01-30 00:00:00,False,0.03797,True
2024-01-30 00:00:00,002110,预测中,已明说会亏,预告,2023年度业绩预告（首亏）,2024-01-30 00:00:00,False,0.10606,True
2024-01-30 00:00:00,002112,预测中,已明说不会亏,预告,2023年度业绩预告（预增）,2024-01-30 00:00:00,False,0.044978,True
2024-01-30 00:00:00,002146,预测中,已明说不会亏,预告,2023年度业绩预告（扭亏）,2024-01-30 00:00:00,False,0.446607,True
2024-01-30 00:00:00,002151,预测中,已明说不会亏,预告,2023年度业绩预告（续盈）,2024-01-30 00:00:00,False,0.14609,True
2024-01-30 00:00:00,002159,预测中,已明说不会亏,预告,2023年度业绩预告（扭亏）,2024-01-30 00:00:00,False,0.044535,True
2024-01-30 00:00:00,002164,预测中,已明说不会亏,预告,2023年度业绩预告（预减）,2024-01-30 00:00:00,False,0.204978,True
2024-01-30 00:00:00,002166,预测中,已明说不会亏,预告,2023年度业绩预告（预减）,2024-01-30 00:00:00,False,0.050838,True
2024-01-30 00:00:00,002172,预测中,已明说不会亏,预告,2023年度业绩预告（扭亏）,2024-01-30 00:00:00,True,0.486563,True
2024-01-30 00:00:00,002185,预测中,已明说不会亏,预告,2023年度业绩预告（预减）,2024-01-30 00:00:00,False,0.08648,True
2024-01-30 00:00:00,002199,预测中,已明说会亏,预告,2023年度业绩预告（续亏）,2024-01-30 00:00:00,True,0.578907,True
2024-01-30 00:00:00,002209,预测中,已明说不会亏,预告,2023年度业绩预告（预增）,2024-01-30 00:00:00,False,0.312936,True
2024-01-30 00:00:00,002219,预测中,已明说不会亏,预告,2023年度业绩预告（预减）,2024-01-30 00:00:00,False,0.195085,True
2024-01-30 00:00:00,002221,预测中,已明说不会亏,预告,2023年度业绩预告（预增）,2024-01-30 00:00:00,False,0.227445,True
2024-01-30 00:00:00,002230,预测中,已明说不会亏,预告,2023年度业绩预告（略增）,2024-01-30 00:00:00,False,0.081968,True
2024-01-30 00:00:00,002232,预测中,已明说不会亏,预告,2023年度业绩预告（预减）,2024-01-30 00:00:00,False,0.036035,True
2024-01-30 00:00:00,002247,预测中,已明说会亏,预告,2023年度业绩预告（首亏）,2024-01-30 00:00:00,False,0.105835,True
2024-01-30 00:00:00,002252,预测中,已明说不会亏,预告,2023年度业绩预告（续盈）,2024-01-30 00:00:00,False,0.016338,True
2024-01-30 00:00:00,002256,预测中,已明说会亏,预告,2023年度业绩预告（增亏）,2024-01-30 00:00:00,True,0.770977,True
2024-01-30 00:00:00,002296,预测中,已明说不会亏,预告,2023年度业绩预告（预增）,2024-01-30 00:00:00,False,0.032941,True
2024-01-30 00:00:00,002314,预测中,已明说不会亏,预告,2023年度业绩预告（预减）,2024-01-30 00:00:00,False,0.031059,True
2024-01-30 00:00:00,002324,预测中,已明说不会亏,预告,2023年度业绩预告（预增）,2024-01-30 00:00:00,False,0.036612,True
2024-01-30 00:00:00,002326,预测中,已明说会亏,预告,2023年度业绩预告（首亏）,2024-01-30 00:00:00,False,0.08145,True
2024-01-30 00:00:00,002339,预测中,已明说不会亏,预告,2023年度业绩预告（扭亏）,2024-01-30 00:00:00,False,0.355544,True
2024-01-30 00:00:00,002345,预测中,已明说不会亏,预告,2023年度业绩预告（预增）,2024-01-30 00:00:00,False,0.034007,True
2024-01-30 00:00:00,002347,预测中,已明说会亏,预告,2023年度业绩预告（续亏）,2024-01-30 00:00:00,False,0.128336,True
2024-01-30 00:00:00,002358,预测中,已明说不会亏,预告,2023年度业绩预告（预增）,2024-01-30 00:00:00,True,0.483983,True
2024-01-30 00:00:00,002360,预测中,已明说不会亏,预告,2023年度业绩预告（预增）,2024-01-30 00:00:00,False,0.017926,True
2024-01-30 00:00:00,002376,预测中,已明说不会亏,预告,2023年度业绩预告（扭亏）,2024-01-30 00:00:00,True,0.537614,True
2024-01-30 00:00:00,002383,预测中,已明说不会亏,预告,2023年度业绩预告（扭亏）,2024-01-30 00:00:00,False,0.43583,True
2024-01-30 00:00:00,002392,预测中,已明说不会亏,预告,2023年度业绩预告（预增）,2024-01-30 00:00:00,False,0.140613,True
2024-01-30 00:00:00,002405,预测中,已明说会亏,预告,2023年度业绩预告（增亏）,2024-01-30 00:00:00,False,0.385723,True
2024-01-30 00:00:00,002410,预测中,已明说不会亏,预告,2023年度业绩预告（预减）,2024-01-30 00:00:00,False,0.010578,True
2024-01-30 00:00:00,002418,预测中,已明说不会亏,预告,2023年度业绩预告（预增）,2024-01-30 00:00:00,False,0.202711,True
2024-01-30 00:00:00,002420,预测中,已明说会亏,预告,2023年度业绩预告（首亏）,2024-01-30 00:00:00,False,0.154793,True
2024-01-30 00:00:00,002432,预测中,已明说不会亏,预告,2023年度业绩预告（预减）,2024-01-30 00:00:00,False,0.014508,True
2024-01-30 00:00:00,002453,预测中,已明说会亏,预告,2023年度业绩预告（减亏）,2024-01-30 00:00:00,True,0.622746,True
2024-01-30 00:00:00,002496,预测中,已明说会亏,预告,2023年度业绩预告（减亏）,2024-01-30 00:00:00,False,0.433542,True
2024-01-30 00:00:00,002523,预测中,已明说不会亏,预告,2023年度业绩预告（续盈）,2024-01-30 00:00:00,False,0.089077,True
2024-01-30 00:00:00,002524,预测中,已明说不会亏,预告,2023年度业绩预告（扭亏）,2024-01-30 00:00:00,True,0.629482,True
2024-01-30 00:00:00,002526,预测中,已明说不会亏,预告,2023年度业绩预告（预增）,2024-01-30 00:00:00,False,0.10677,True
2024-01-30 00:00:00,002535,预测中,已明说不会亏,预告,2023年度业绩预告（预增）,2024-01-30 00:00:00,False,0.211581,True
2024-01-30 00:00:00,002561,预测中,已明说不会亏,预告,2023年度业绩预告（预增）,2024-01-30 00:00:00,False,0.035102,True
2024-01-30 00:00:00,002563,预测中,已明说不会亏,预告,2023年度业绩预告（预增）,2024-01-30 00:00:00,False,0.024765,True
2024-01-30 00:00:00,002574,预测中,已明说不会亏,预告,2023年度业绩预告（扭亏）,2024-01-30 00:00:00,False,0.043745,True
2024-01-30 00:00:00,002588,预测中,已明说不会亏,预告,2023年度业绩预告（预增）,2024-01-30 00:00:00,False,0.018224,True
2024-01-30 00:00:00,002593,预测中,已明说不会亏,预告,2023年度业绩预告（预增）,2024-01-30 00:00:00,False,0.187702,True
2024-01-30 00:00:00,002594,预测中,已明说不会亏,预告,2023年度业绩预告（预增）,2024-01-30 00:00:00,False,0.006004,True
2024-01-30 00:00:00,002608,预测中,已明说不会亏,预告,2023年度业绩预告（预增）,2024-01-30 00:00:00,False,0.136905,True
2024-01-30 00:00:00,002612,预测中,已明说不会亏,预告,2023年度业绩预告（预增）,2024-01-30 00:00:00,False,0.034281,True
2024-01-30 00:00:00,002629,预测中,已明说会亏,预告,2023年度业绩预告（首亏）,2024-01-30 00:00:00,True,0.671756,True
2024-01-30 00:00:00,002639,预测中,已明说不会亏,预告,2023年度业绩预告（扭亏）,2024-01-30 00:00:00,False,0.415401,True
2024-01-30 00:00:00,002668,预测中,已明说不会亏,预告,2023年度业绩预告（预增）,2024-01-30 00:00:00,False,0.027748,True
2024-01-30 00:00:00,002671,预测中,已明说不会亏,预告,2023年度业绩预告（扭亏）,2024-01-30 00:00:00,False,0.181447,True
2024-01-30 00:00:00,002687,预测中,已明说不会亏,预告,2023年度业绩预告（预增）,2024-01-30 00:00:00,False,0.026603,True
2024-01-30 00:00:00,002696,预测中,已明说会亏,预告,2023年度业绩预告（首亏）,2024-01-30 00:00:00,False,0.153802,True
2024-01-30 00:00:00,002703,预测中,已明说不会亏,预告,2023年度业绩预告（预增）,2024-01-30 00:00:00,False,0.101784,True
2024-01-30 00:00:00,002715,预测中,已明说不会亏,预告,2023年度业绩预告（扭亏）,2024-01-30 00:00:00,True,0.457654,True
2024-01-30 00:00:00,002760,预测中,已明说会亏,预告,2023年度业绩预告（首亏）,2024-01-30 00:00:00,False,0.017817,True
2024-01-30 00:00:00,002762,预测中,已明说会亏,预告,2023年度业绩预告（减亏）,2024-01-30 00:00:00,False,0.166077,True
2024-01-30 00:00:00,002765,预测中,已明说会亏,预告,2023年度业绩预告（首亏）,2024-01-30 00:00:00,False,0.032851,True
2024-01-30 00:00:00,002766,预测中,已明说不会亏,预告,2023年度业绩预告（预增）,2024-01-30 00:00:00,False,0.26532,True
2024-01-30 00:00:00,002774,预测中,已明说不会亏,预告,2023年度业绩预告（预增）,2024-01-30 00:00:00,False,0.038787,True
2024-01-30 00:00:00,002801,预测中,已明说不会亏,预告,2023年度业绩预告（预减）,2024-01-30 00:00:00,False,0.00717,True
2024-01-30 00:00:00,002806,预测中,已明说会亏,预告,2023年度业绩预告（增亏）,2024-01-30 00:00:00,True,0.713924,True
2024-01-30 00:00:00,002819,预测中,已明说会亏,预告,2023年度业绩预告（首亏）,2024-01-30 00:00:00,False,0.121967,True
2024-01-30 00:00:00,002826,预测中,已明说不会亏,预告,2023年度业绩预告（预减）,2024-01-30 00:00:00,False,0.04939,True
2024-01-30 00:00:00,002827,预测中,已明说不会亏,预告,2023年度业绩预告（预增）,2024-01-30 00:00:00,False,0.068472,True
2024-01-30 00:00:00,002848,预测中,已明说会亏,预告,2023年度业绩预告（增亏）,2024-01-30 00:00:00,True,0.671107,True
2024-01-30 00:00:00,002868,预测中,已明说会亏,预告,2023年度业绩预告（增亏）,2024-01-30 00:00:00,True,0.565116,True
2024-01-30 00:00:00,002899,预测中,已明说不会亏,预告,2023年度业绩预告（预增）,2024-01-30 00:00:00,False,0.082052,True
2024-01-30 00:00:00,002918,预测中,已明说不会亏,预告,2023年度业绩预告（扭亏）,2024-01-30 00:00:00,False,0.257549,True
2024-01-30 00:00:00,002919,预测中,已明说不会亏,预告,2023年度业绩预告（预增）,2024-01-30 00:00:00,False,0.168435,True
2024-01-30 00:00:00,002921,预测中,已明说不会亏,预告,2023年度业绩预告（预减）,2024-01-30 00:00:00,False,0.310106,True
2024-01-30 00:00:00,002933,预测中,已明说不会亏,预告,2023年度业绩预告（扭亏）,2024-01-30 00:00:00,False,0.20577,True
2024-01-30 00:00:00,002949,预测中,已明说不会亏,预告,2023年度业绩预告（预增）,2024-01-30 00:00:00,False,0.019393,True
2024-01-30 00:00:00,002952,预测中,已明说不会亏,预告,2023年度业绩预告（预减）,2024-01-30 00:00:00,False,0.023342,True
2024-01-30 00:00:00,002981,预测中,已明说不会亏,预告,2023年度业绩预告（预增）,2024-01-30 00:00:00,False,0.211639,True
2024-01-30 00:00:00,003003,预测中,已明说不会亏,预告,2023年度业绩预告（扭亏）,2024-01-30 00:00:00,False,0.070365,True
2024-01-30 00:00:00,003005,预测中,已明说不会亏,预告,2023年度业绩预告（预减）,2024-01-30 00:00:00,False,0.325198,True
2024-01-30 00:00:00,003010,预测中,已明说不会亏,预告,2023年度业绩预告（预增）,2024-01-30 00:00:00,False,0.07336,True
2024-01-30 00:00:00,003012,预测中,已明说不会亏,预告,2023年度业绩预告（预增）,2024-01-30 00:00:00,False,0.216004,True
2024-01-30 00:00:00,300007,预测中,已明说不会亏,预告,2023年度业绩预告（预减）,2024-01-30 00:00:00,False,0.08957,True
2024-01-30 00:00:00,300011,预测中,已明说不会亏,预告,2023年度业绩预告（扭亏）,2024-01-30 00:00:00,False,0.269077,True
2024-01-30 00:00:00,300013,预测中,已明说会亏,预告,2023年度业绩预告（增亏）,2024-01-30 00:00:00,True,0.737916,True
2024-01-30 00:00:00,300016,预测中,已明说会亏,预告,2023年度业绩预告（首亏）,2024-01-30 00:00:00,False,0.282389,True
2024-01-30 00:00:00,300018,预测中,已明说不会亏,预告,2023年度业绩预告（预增）,2024-01-30 00:00:00,False,0.077048,True
2024-01-30 00:00:00,300026,预测中,已明说不会亏,预告,2023年度业绩预告（略减）,2024-01-30 00:00:00,False,0.036314,True
2024-01-30 00:00:00,300027,预测中,已明说会亏,预告,2023年度业绩预告（减亏）,2024-01-30 00:00:00,True,0.728425,True
2024-01-30 00:00:00,300030,预测中,已明说会亏,预告,2023年度业绩预告（减亏）,2024-01-30 00:00:00,False,0.071686,True
2024-01-30 00:00:00,300031,预测中,已明说不会亏,预告,2023年度业绩预告（扭亏）,2024-01-30 00:00:00,False,0.365822,True
2024-01-30 00:00:00,300039,预测中,已明说不会亏,预告,2023年度业绩预告（预增）,2024-01-30 00:00:00,False,0.01323,True
2024-01-30 00:00:00,300042,预测中,已明说会亏,预告,2023年度业绩预告（首亏）,2024-01-30 00:00:00,False,0.036147,True
2024-01-30 00:00:00,300043,预测中,已明说不会亏,预告,2023年度业绩预告（扭亏）,2024-01-30 00:00:00,True,0.670205,True
2024-01-30 00:00:00,300044,预测中,已明说会亏,预告,2023年度业绩预告（减亏）,2024-01-30 00:00:00,True,0.799986,True
2024-01-30 00:00:00,300050,预测中,已明说会亏,预告,2023年度业绩预告（减亏）,2024-01-30 00:00:00,False,0.435826,True
2024-01-30 00:00:00,300053,预测中,已明说会亏,预告,2023年度业绩预告（减亏）,2024-01-30 00:00:00,False,0.156972,True
2024-01-30 00:00:00,300058,预测中,已明说不会亏,预告,2023年度业绩预告（扭亏）,2024-01-30 00:00:00,False,0.253381,True
2024-01-30 00:00:00,300063,预测中,已明说不会亏,预告,2023年度业绩预告（不确定）,2024-01-30 00:00:00,False,0.411121,True
2024-01-30 00:00:00,300065,预测中,已明说会亏,预告,2023年度业绩预告（减亏）,2024-01-30 00:00:00,False,0.190862,True
2024-01-30 00:00:00,300080,预测中,已明说不会亏,预告,2023年度业绩预告（预减）,2024-01-30 00:00:00,False,0.142238,True
2024-01-30 00:00:00,300081,预测中,已明说会亏,预告,2023年度业绩预告（减亏）,2024-01-30 00:00:00,True,0.582746,True
2024-01-30 00:00:00,300082,预测中,已明说会亏,预告,2023年度业绩预告（首亏）,2024-01-30 00:00:00,True,0.590635,True
2024-01-30 00:00:00,300085,预测中,已明说会亏,预告,2023年度业绩预告（减亏）,2024-01-30 00:00:00,False,0.180362,True
2024-01-30 00:00:00,300086,预测中,已明说不会亏,预告,2023年度业绩预告（扭亏）,2024-01-30 00:00:00,False,0.338705,True
2024-01-30 00:00:00,300088,预测中,已明说不会亏,预告,2023年度业绩预告（预减）,2024-01-30 00:00:00,False,0.09117,True
2024-01-30 00:00:00,300093,预测中,已明说会亏,预告,2023年度业绩预告（增亏）,2024-01-30 00:00:00,True,0.651631,True
2024-01-30 00:00:00,300097,预测中,已明说不会亏,预告,2023年度业绩预告（扭亏）,2024-01-30 00:00:00,True,0.754538,True
2024-01-30 00:00:00,300101,预测中,已明说不会亏,预告,2023年度业绩预告（预减）,2024-01-30 00:00:00,False,0.018467,True
2024-01-30 00:00:00,300106,预测中,已明说会亏,预告,2023年度业绩预告（首亏）,2024-01-30 00:00:00,False,0.121685,True
2024-01-30 00:00:00,300111,预测中,已明说不会亏,预告,2023年度业绩预告（扭亏）,2024-01-30 00:00:00,True,0.508954,True
2024-01-30 00:00:00,300112,预测中,已明说不会亏,预告,2023年度业绩预告（预减）,2024-01-30 00:00:00,False,0.111755,True
2024-01-30 00:00:00,300115,预测中,已明说不会亏,预告,2023年度业绩预告（预增）,2024-01-30 00:00:00,True,0.462978,True
2024-01-30 00:00:00,300118,预测中,已明说不会亏,预告,2023年度业绩预告（预增）,2024-01-30 00:00:00,False,0.012566,True
2024-01-30 00:00:00,300123,预测中,已明说会亏,预告,2023年度业绩预告（减亏）,2024-01-30 00:00:00,False,0.315621,True
2024-01-30 00:00:00,300124,预测中,已明说不会亏,预告,2023年度业绩预告（略增）,2024-01-30 00:00:00,False,0.006277,True
2024-01-30 00:00:00,300135,预测中,已明说会亏,预告,2023年度业绩预告（减亏）,2024-01-30 00:00:00,False,0.122767,True
2024-01-30 00:00:00,300137,预测中,已明说会亏,预告,2023年度业绩预告（减亏）,2024-01-30 00:00:00,False,0.271797,True
2024-01-30 00:00:00,300144,预测中,已明说会亏,预告,2023年度业绩预告（首亏）,2024-01-30 00:00:00,False,0.070381,True
2024-01-30 00:00:00,300147,预测中,已明说会亏,预告,2023年度业绩预告（减亏）,2024-01-30 00:00:00,True,0.457978,True
2024-01-30 00:00:00,300150,预测中,已明说会亏,预告,2023年度业绩预告（减亏）,2024-01-30 00:00:00,False,0.33427,True
2024-01-30 00:00:00,300157,预测中,已明说会亏,预告,2023年度业绩预告（增亏）,2024-01-30 00:00:00,True,0.690554,True
2024-01-30 00:00:00,300159,预测中,已明说会亏,预告,2023年度业绩预告（首亏）,2024-01-30 00:00:00,True,0.67521,True
2024-01-30 00:00:00,300162,预测中,已明说会亏,预告,2023年度业绩预告（首亏）,2024-01-30 00:00:00,False,0.30998,True
2024-01-30 00:00:00,300168,预测中,已明说会亏,预告,2023年度业绩预告（增亏）,2024-01-30 00:00:00,True,0.48122,True
2024-01-30 00:00:00,300169,预测中,已明说会亏,预告,2023年度业绩预告（减亏）,2024-01-30 00:00:00,True,0.647851,True
2024-01-30 00:00:00,300170,预测中,已明说会亏,预告,2023年度业绩预告（首亏）,2024-01-30 00:00:00,False,0.17273,True
2024-01-30 00:00:00,300173,预测中,已明说不会亏,预告,2023年度业绩预告（扭亏）,2024-01-30 00:00:00,False,0.255217,True
2024-01-30 00:00:00,300176,预测中,已明说不会亏,预告,2023年度业绩预告（预增）,2024-01-30 00:00:00,False,0.270736,True
2024-01-30 00:00:00,300183,预测中,已明说不会亏,预告,2023年度业绩预告（预减）,2024-01-30 00:00:00,False,0.039913,True
2024-01-30 00:00:00,300189,预测中,已明说会亏,预告,2023年度业绩预告（减亏）,2024-01-30 00:00:00,False,0.241038,True
2024-01-30 00:00:00,300194,预测中,已明说不会亏,预告,2023年度业绩预告（略增）,2024-01-30 00:00:00,False,0.020122,True
2024-01-30 00:00:00,300195,预测中,已明说不会亏,预告,2023年度业绩预告（扭亏）,2024-01-30 00:00:00,False,0.389911,True
2024-01-30 00:00:00,300196,预测中,已明说不会亏,预告,2023年度业绩预告（预减）,2024-01-30 00:00:00,False,0.010976,True
2024-01-30 00:00:00,300198,预测中,已明说会亏,预告,2023年度业绩预告（续亏）,2024-01-30 00:00:00,True,0.750705,True
2024-01-30 00:00:00,300200,预测中,已明说会亏,预告,2023年度业绩预告（首亏）,2024-01-30 00:00:00,False,0.013255,True
2024-01-30 00:00:00,300203,预测中,已明说会亏,预告,2023年度业绩预告（减亏）,2024-01-30 00:00:00,True,0.657159,True
2024-01-30 00:00:00,300205,预测中,已明说不会亏,预告,2023年度业绩预告（预减）,2024-01-30 00:00:00,False,0.048641,True
2024-01-30 00:00:00,300211,预测中,已明说会亏,预告,2023年度业绩预告（首亏）,2024-01-30 00:00:00,False,0.279238,True
2024-01-30 00:00:00,300212,预测中,已明说会亏,预告,2023年度业绩预告（首亏）,2024-01-30 00:00:00,True,0.827406,True
2024-01-30 00:00:00,300222,预测中,已明说会亏,预告,2023年度业绩预告（减亏）,2024-01-30 00:00:00,False,0.244853,True
2024-01-30 00:00:00,300232,预测中,已明说不会亏,预告,2023年度业绩预告（预增）,2024-01-30 00:00:00,False,0.095328,True
2024-01-30 00:00:00,300237,预测中,已明说会亏,预告,2023年度业绩预告（续亏）,2024-01-30 00:00:00,True,0.805646,True
2024-01-30 00:00:00,300240,预测中,已明说不会亏,预告,2023年度业绩预告（预减）,2024-01-30 00:00:00,True,0.487769,True
2024-01-30 00:00:00,300241,预测中,已明说会亏,预告,2023年度业绩预告（首亏）,2024-01-30 00:00:00,False,0.437133,True
2024-01-30 00:00:00,300245,预测中,已明说会亏,预告,2023年度业绩预告（增亏）,2024-01-30 00:00:00,True,0.48593,True
2024-01-30 00:00:00,300246,预测中,已明说会亏,预告,2023年度业绩预告（首亏）,2024-01-30 00:00:00,False,0.038093,True
2024-01-30 00:00:00,300247,预测中,已明说不会亏,预告,2023年度业绩预告（预减）,2024-01-30 00:00:00,False,0.047432,True
2024-01-30 00:00:00,300250,预测中,已明说不会亏,预告,2023年度业绩预告（扭亏）,2024-01-30 00:00:00,False,0.364546,True
2024-01-30 00:00:00,300251,预测中,已明说不会亏,预告,2023年度业绩预告（扭亏）,2024-01-30 00:00:00,False,0.300224,True
2024-01-30 00:00:00,300252,预测中,已明说会亏,预告,2023年度业绩预告（减亏）,2024-01-30 00:00:00,False,0.2204,True
2024-01-30 00:00:00,300256,预测中,已明说会亏,预告,2023年度业绩预告（首亏）,2024-01-30 00:00:00,True,0.758708,True
2024-01-30 00:00:00,300261,预测中,已明说会亏,预告,2023年度业绩预告（首亏）,2024-01-30 00:00:00,False,0.055618,True
2024-01-30 00:00:00,300263,预测中,已明说不会亏,预告,2023年度业绩预告（预增）,2024-01-30 00:00:00,False,0.16362,True
2024-01-30 00:00:00,300268,预测中,已明说会亏,预告,2023年度业绩预告（续亏）,2024-01-30 00:00:00,False,0.336108,True
2024-01-30 00:00:00,300270,预测中,已明说会亏,预告,2023年度业绩预告（首亏）,2024-01-30 00:00:00,False,0.344115,True
2024-01-30 00:00:00,300281,预测中,已明说不会亏,预告,2023年度业绩预告（扭亏）,2024-01-30 00:00:00,False,0.289765,True
2024-01-30 00:00:00,300286,预测中,已明说不会亏,预告,2023年度业绩预告（略增）,2024-01-30 00:00:00,False,0.009234,True
2024-01-30 00:00:00,300289,预测中,已明说不会亏,预告,2023年度业绩预告（扭亏）,2024-01-30 00:00:00,False,0.081395,True
2024-01-30 00:00:00,300290,预测中,已明说不会亏,预告,2023年度业绩预告（扭亏）,2024-01-30 00:00:00,False,0.311564,True
2024-01-30 00:00:00,300300,预测中,已明说会亏,预告,2023年度业绩预告（增亏）,2024-01-30 00:00:00,True,0.704136,True
2024-01-30 00:00:00,300302,预测中,已明说会亏,预告,2023年度业绩预告（增亏）,2024-01-30 00:00:00,False,0.149259,True
2024-01-30 00:00:00,300305,预测中,已明说不会亏,预告,2023年度业绩预告（预减）,2024-01-30 00:00:00,False,0.129159,True
2024-01-30 00:00:00,300310,预测中,已明说不会亏,预告,2023年度业绩预告（预增）,2024-01-30 00:00:00,False,0.218527,True
2024-01-30 00:00:00,300311,预测中,已明说会亏,预告,2023年度业绩预告（增亏）,2024-01-30 00:00:00,True,0.580244,True
2024-01-30 00:00:00,300315,预测中,已明说不会亏,预告,2023年度业绩预告（预增）,2024-01-30 00:00:00,False,0.194937,True
2024-01-30 00:00:00,300317,预测中,已明说不会亏,预告,2023年度业绩预告（预减）,2024-01-30 00:00:00,False,0.186462,True
2024-01-30 00:00:00,300322,预测中,已明说会亏,预告,2023年度业绩预告（增亏）,2024-01-30 00:00:00,True,0.578714,True
2024-01-30 00:00:00,300326,预测中,已明说不会亏,预告,2023年度业绩预告（扭亏）,2024-01-30 00:00:00,False,0.035917,True
2024-01-30 00:00:00,300329,预测中,已明说会亏,预告,2023年度业绩预告（首亏）,2024-01-30 00:00:00,True,0.703886,True
2024-01-30 00:00:00,300333,预测中,已明说会亏,预告,2023年度业绩预告（减亏）,2024-01-30 00:00:00,True,0.62129,True
2024-01-30 00:00:00,300334,预测中,已明说会亏,预告,2023年度业绩预告（减亏）,2024-01-30 00:00:00,True,0.470863,True
2024-01-30 00:00:00,300338,预测中,已明说会亏,预告,2023年度业绩预告（首亏）,2024-01-30 00:00:00,False,0.218486,True
2024-01-30 00:00:00,300340,预测中,已明说会亏,预告,2023年度业绩预告（续亏）,2024-01-30 00:00:00,True,0.624126,True
2024-01-30 00:00:00,300342,预测中,已明说不会亏,预告,2023年度业绩预告（预增）,2024-01-30 00:00:00,False,0.189321,True
2024-01-30 00:00:00,300352,预测中,已明说不会亏,预告,2023年度业绩预告（扭亏）,2024-01-30 00:00:00,False,0.432019,True
2024-01-30 00:00:00,300364,预测中,已明说不会亏,预告,2023年度业绩预告（扭亏）,2024-01-30 00:00:00,True,0.458655,True
2024-01-30 00:00:00,300366,预测中,已明说会亏,预告,2023年度业绩预告（增亏）,2024-01-30 00:00:00,True,0.457065,True
2024-01-30 00:00:00,300368,预测中,已明说会亏,预告,2023年度业绩预告（减亏）,2024-01-30 00:00:00,False,0.283266,True
2024-01-30 00:00:00,300369,预测中,已明说会亏,预告,2023年度业绩预告（首亏）,2024-01-30 00:00:00,True,0.470979,True
2024-01-30 00:00:00,300376,预测中,已明说不会亏,预告,2023年度业绩预告（预增）,2024-01-30 00:00:00,False,0.139795,True
2024-01-30 00:00:00,300380,预测中,已明说会亏,预告,2023年度业绩预告（减亏）,2024-01-30 00:00:00,False,0.210269,True
2024-01-30 00:00:00,300400,预测中,已明说不会亏,预告,2023年度业绩预告（预减）,2024-01-30 00:00:00,False,0.097356,True
2024-01-30 00:00:00,300405,预测中,已明说会亏,预告,2023年度业绩预告（减亏）,2024-01-30 00:00:00,True,0.532608,True
2024-01-30 00:00:00,300410,预测中,已明说会亏,预告,2023年度业绩预告（增亏）,2024-01-30 00:00:00,True,0.834704,True
2024-01-30 00:00:00,300412,预测中,已明说会亏,预告,2023年度业绩预告（减亏）,2024-01-30 00:00:00,False,0.206976,True
2024-01-30 00:00:00,300417,预测中,已明说会亏,预告,2023年度业绩预告（减亏）,2024-01-30 00:00:00,False,0.245188,True
2024-01-30 00:00:00,300422,预测中,已明说会亏,预告,2023年度业绩预告（减亏）,2024-01-30 00:00:00,False,0.437071,True
2024-01-30 00:00:00,300423,预测中,已明说会亏,预告,2023年度业绩预告（增亏）,2024-01-30 00:00:00,False,0.194847,True
2024-01-30 00:00:00,300426,预测中,已明说不会亏,预告,2023年度业绩预告（预减）,2024-01-30 00:00:00,True,0.732946,True
2024-01-30 00:00:00,300427,预测中,已明说会亏,预告,2023年度业绩预告（首亏）,2024-01-30 00:00:00,False,0.077138,True
2024-01-30 00:00:00,300432,预测中,已明说会亏,预告,2023年度业绩预告（首亏）,2024-01-30 00:00:00,True,0.507908,True
2024-01-30 00:00:00,300436,预测中,已明说会亏,预告,2023年度业绩预告（增亏）,2024-01-30 00:00:00,True,0.705472,True
2024-01-30 00:00:00,300448,预测中,已明说会亏,预告,2023年度业绩预告（首亏）,2024-01-30 00:00:00,False,0.282524,True
2024-01-30 00:00:00,300449,预测中,已明说会亏,预告,2023年度业绩预告（增亏）,2024-01-30 00:00:00,True,0.659554,True
2024-01-30 00:00:00,300454,预测中,已明说不会亏,预告,2023年度业绩预告（续盈）,2024-01-30 00:00:00,False,0.126624,True
2024-01-30 00:00:00,300461,预测中,已明说不会亏,预告,2023年度业绩预告（扭亏）,2024-01-30 00:00:00,False,0.257931,True
2024-01-30 00:00:00,300465,预测中,已明说不会亏,预告,2023年度业绩预告（扭亏）,2024-01-30 00:00:00,False,0.204737,True
2024-01-30 00:00:00,300467,预测中,已明说不会亏,预告,2023年度业绩预告（扭亏）,2024-01-30 00:00:00,False,0.166092,True
2024-01-30 00:00:00,300469,预测中,已明说会亏,预告,2023年度业绩预告（续亏）,2024-01-30 00:00:00,True,0.659245,True
2024-01-30 00:00:00,300471,预测中,已明说会亏,预告,2023年度业绩预告（减亏）,2024-01-30 00:00:00,False,0.329468,True
2024-01-30 00:00:00,300472,预测中,已明说会亏,预告,2023年度业绩预告（增亏）,2024-01-30 00:00:00,True,0.724546,True
2024-01-30 00:00:00,300477,预测中,已明说会亏,预告,2023年度业绩预告（首亏）,2024-01-30 00:00:00,False,0.416588,True
2024-01-30 00:00:00,300485,预测中,已明说不会亏,预告,2023年度业绩预告（预减）,2024-01-30 00:00:00,False,0.141093,True
2024-01-30 00:00:00,300486,预测中,已明说会亏,预告,2023年度业绩预告（首亏）,2024-01-30 00:00:00,False,0.285329,True
2024-01-30 00:00:00,300489,预测中,已明说会亏,预告,2023年度业绩预告（增亏）,2024-01-30 00:00:00,True,0.547353,True
2024-01-30 00:00:00,300507,预测中,已明说不会亏,预告,2023年度业绩预告（预减）,2024-01-30 00:00:00,False,0.028031,True
2024-01-30 00:00:00,300511,预测中,已明说会亏,预告,2023年度业绩预告（减亏）,2024-01-30 00:00:00,False,0.041005,True
2024-01-30 00:00:00,300514,预测中,已明说不会亏,预告,2023年度业绩预告（预增）,2024-01-30 00:00:00,False,0.00974,True
2024-01-30 00:00:00,300521,预测中,已明说会亏,预告,2023年度业绩预告（续亏）,2024-01-30 00:00:00,False,0.361084,True
2024-01-30 00:00:00,300523,预测中,已明说不会亏,预告,2023年度业绩预告（预增）,2024-01-30 00:00:00,False,0.2385,True
2024-01-30 00:00:00,300530,预测中,已明说会亏,预告,2023年度业绩预告（续亏）,2024-01-30 00:00:00,True,0.65174,True
2024-01-30 00:00:00,300531,预测中,已明说会亏,预告,2023年度业绩预告（首亏）,2024-01-30 00:00:00,False,0.03738,True
2024-01-30 00:00:00,300535,预测中,已明说不会亏,预告,2023年度业绩预告（扭亏）,2024-01-30 00:00:00,False,0.164563,True
2024-01-30 00:00:00,300538,预测中,已明说不会亏,预告,2023年度业绩预告（预增）,2024-01-30 00:00:00,False,0.131399,True
2024-01-30 00:00:00,300546,预测中,已明说会亏,预告,2023年度业绩预告（首亏）,2024-01-30 00:00:00,False,0.029263,True
2024-01-30 00:00:00,300548,预测中,已明说不会亏,预告,2023年度业绩预告（预减）,2024-01-30 00:00:00,False,0.014647,True
2024-01-30 00:00:00,300551,预测中,已明说会亏,预告,2023年度业绩预告（续亏）,2024-01-30 00:00:00,False,0.371872,True
2024-01-30 00:00:00,300555,预测中,已明说会亏,预告,2023年度业绩预告（续亏）,2024-01-30 00:00:00,False,0.276014,True
2024-01-30 00:00:00,300565,预测中,已明说会亏,预告,2023年度业绩预告（增亏）,2024-01-30 00:00:00,True,0.681874,True
2024-01-30 00:00:00,300575,预测中,已明说不会亏,预告,2023年度业绩预告（预减）,2024-01-30 00:00:00,False,0.012811,True
2024-01-30 00:00:00,300577,预测中,已明说不会亏,预告,2023年度业绩预告（预增）,2024-01-30 00:00:00,False,0.318686,True
2024-01-30 00:00:00,300585,预测中,已明说不会亏,预告,2023年度业绩预告（预减）,2024-01-30 00:00:00,False,0.323621,True
2024-01-30 00:00:00,300586,预测中,已明说不会亏,预告,2023年度业绩预告（预减）,2024-01-30 00:00:00,False,0.014476,True
2024-01-30 00:00:00,300587,预测中,已明说会亏,预告,2023年度业绩预告（首亏）,2024-01-30 00:00:00,False,0.140839,True
2024-01-30 00:00:00,300591,预测中,已明说会亏,预告,2023年度业绩预告（减亏）,2024-01-30 00:00:00,True,0.547086,True
2024-01-30 00:00:00,300593,预测中,已明说不会亏,预告,2023年度业绩预告（预减）,2024-01-30 00:00:00,False,0.031566,True
2024-01-30 00:00:00,300599,预测中,已明说不会亏,预告,2023年度业绩预告（扭亏）,2024-01-30 00:00:00,False,0.199607,True
2024-01-30 00:00:00,300603,预测中,已明说不会亏,预告,2023年度业绩预告（扭亏）,2024-01-30 00:00:00,False,0.131656,True
2024-01-30 00:00:00,300604,预测中,已明说不会亏,预告,2023年度业绩预告（预减）,2024-01-30 00:00:00,False,0.047105,True
2024-01-30 00:00:00,300606,预测中,已明说不会亏,预告,2023年度业绩预告（预增）,2024-01-30 00:00:00,False,0.172887,True
2024-01-30 00:00:00,300609,预测中,已明说会亏,预告,2023年度业绩预告（减亏）,2024-01-30 00:00:00,False,0.407671,True
2024-01-30 00:00:00,300619,预测中,已明说不会亏,预告,2023年度业绩预告（预增）,2024-01-30 00:00:00,False,0.02072,True
2024-01-30 00:00:00,300624,预测中,已明说不会亏,预告,2023年度业绩预告（预增）,2024-01-30 00:00:00,False,0.040502,True
2024-01-30 00:00:00,300639,预测中,已明说不会亏,预告,2023年度业绩预告（预减）,2024-01-30 00:00:00,False,0.015478,True
2024-01-30 00:00:00,300647,预测中,已明说会亏,预告,2023年度业绩预告（首亏）,2024-01-30 00:00:00,True,0.703472,True
2024-01-30 00:00:00,300651,预测中,已明说不会亏,预告,2023年度业绩预告（预增）,2024-01-30 00:00:00,False,0.110573,True
2024-01-30 00:00:00,300660,预测中,已明说不会亏,预告,2023年度业绩预告（略增）,2024-01-30 00:00:00,False,0.012571,True
2024-01-30 00:00:00,300663,预测中,已明说会亏,预告,2023年度业绩预告（首亏）,2024-01-30 00:00:00,False,0.270841,True
2024-01-30 00:00:00,300668,预测中,已明说不会亏,预告,2023年度业绩预告（预增）,2024-01-30 00:00:00,False,0.043008,True
2024-01-30 00:00:00,300670,预测中,已明说会亏,预告,2023年度业绩预告（减亏）,2024-01-30 00:00:00,True,0.492827,True
2024-01-30 00:00:00,300671,预测中,已明说会亏,预告,2023年度业绩预告（增亏）,2024-01-30 00:00:00,False,0.428734,True
2024-01-30 00:00:00,300676,预测中,已明说不会亏,预告,2023年度业绩预告（预减）,2024-01-30 00:00:00,False,0.054534,True
2024-01-30 00:00:00,300686,预测中,已明说会亏,预告,2023年度业绩预告（增亏）,2024-01-30 00:00:00,True,0.707184,True
2024-01-30 00:00:00,300692,预测中,已明说不会亏,预告,2023年度业绩预告（预减）,2024-01-30 00:00:00,False,0.033183,True
2024-01-30 00:00:00,300696,预测中,已明说不会亏,预告,2023年度业绩预告（预减）,2024-01-30 00:00:00,False,0.014385,True
2024-01-30 00:00:00,300710,预测中,已明说会亏,预告,2023年度业绩预告（减亏）,2024-01-30 00:00:00,True,0.538911,True
2024-01-30 00:00:00,300715,预测中,已明说不会亏,预告,2023年度业绩预告（扭亏）,2024-01-30 00:00:00,False,0.221586,True
2024-01-30 00:00:00,300733,预测中,已明说会亏,预告,2023年度业绩预告（首亏）,2024-01-30 00:00:00,False,0.37197,True
2024-01-30 00:00:00,300737,预测中,已明说会亏,预告,2023年度业绩预告（首亏）,2024-01-30 00:00:00,False,0.344107,True
2024-01-30 00:00:00,300756,预测中,已明说不会亏,预告,2023年度业绩预告（扭亏）,2024-01-30 00:00:00,False,0.066105,True
2024-01-30 00:00:00,300762,预测中,已明说会亏,预告,2023年度业绩预告（首亏）,2024-01-30 00:00:00,False,0.1822,True
2024-01-30 00:00:00,300771,预测中,已明说不会亏,预告,2023年度业绩预告（预减）,2024-01-30 00:00:00,False,0.255773,True
2024-01-30 00:00:00,300774,预测中,已明说不会亏,预告,2023年度业绩预告（预增）,2024-01-30 00:00:00,False,0.061098,True
2024-01-30 00:00:00,300777,预测中,已明说不会亏,预告,2023年度业绩预告（预减）,2024-01-30 00:00:00,False,0.006876,True
2024-01-30 00:00:00,300778,预测中,已明说会亏,预告,2023年度业绩预告（首亏）,2024-01-30 00:00:00,False,0.053109,True
2024-01-30 00:00:00,300780,预测中,已明说会亏,预告,2023年度业绩预告（首亏）,2024-01-30 00:00:00,False,0.03614,True
2024-01-30 00:00:00,300798,预测中,已明说不会亏,预告,2023年度业绩预告（预增）,2024-01-30 00:00:00,False,0.150283,True
2024-01-30 00:00:00,300808,预测中,已明说不会亏,预告,2023年度业绩预告（扭亏）,2024-01-30 00:00:00,False,0.38797,True
2024-01-30 00:00:00,300809,预测中,已明说不会亏,预告,2023年度业绩预告（预增）,2024-01-30 00:00:00,False,0.033096,True
2024-01-30 00:00:00,300810,预测中,已明说会亏,预告,2023年度业绩预告（首亏）,2024-01-30 00:00:00,True,0.478001,True
2024-01-30 00:00:00,300813,预测中,已明说不会亏,预告,2023年度业绩预告（预减）,2024-01-30 00:00:00,False,0.008065,True
2024-01-30 00:00:00,300816,预测中,已明说不会亏,预告,2023年度业绩预告（扭亏）,2024-01-30 00:00:00,False,0.212149,True
2024-01-30 00:00:00,300819,预测中,已明说不会亏,预告,2023年度业绩预告（预增）,2024-01-30 00:00:00,False,0.031395,True
2024-01-30 00:00:00,300823,预测中,已明说不会亏,预告,2023年度业绩预告（预增）,2024-01-30 00:00:00,False,0.029579,True
2024-01-30 00:00:00,300827,预测中,已明说不会亏,预告,2023年度业绩预告（预增）,2024-01-30 00:00:00,False,0.017197,True
2024-01-30 00:00:00,300830,预测中,已明说不会亏,预告,2023年度业绩预告（预减）,2024-01-30 00:00:00,False,0.182892,True
2024-01-30 00:00:00,300836,预测中,已明说会亏,预告,2023年度业绩预告（减亏）,2024-01-30 00:00:00,False,0.16215,True
2024-01-30 00:00:00,300849,预测中,已明说会亏,预告,2023年度业绩预告（续亏）,2024-01-30 00:00:00,False,0.355225,True
2024-01-30 00:00:00,300877,预测中,已明说不会亏,预告,2023年度业绩预告（扭亏）,2024-01-30 00:00:00,False,0.095425,True
2024-01-30 00:00:00,300886,预测中,已明说会亏,预告,2023年度业绩预告（首亏）,2024-01-30 00:00:00,False,0.063216,True
2024-01-30 00:00:00,300887,预测中,已明说不会亏,预告,2023年度业绩预告（预减）,2024-01-30 00:00:00,False,0.029449,True
2024-01-30 00:00:00,300888,预测中,已明说不会亏,预告,2023年度业绩预告（预减）,2024-01-30 00:00:00,False,0.00758,True
2024-01-30 00:00:00,300895,预测中,已明说会亏,预告,2023年度业绩预告（增亏）,2024-01-30 00:00:00,False,0.365983,True
2024-01-30 00:00:00,300903,预测中,已明说会亏,预告,2023年度业绩预告（首亏）,2024-01-30 00:00:00,True,0.479241,True
2024-01-30 00:00:00,300912,预测中,已明说不会亏,预告,2023年度业绩预告（扭亏）,2024-01-30 00:00:00,True,0.53141,True
2024-01-30 00:00:00,300929,预测中,已明说不会亏,预告,2023年度业绩预告（预减）,2024-01-30 00:00:00,False,0.099232,True
2024-01-30 00:00:00,300936,预测中,已明说不会亏,预告,2023年度业绩预告（预增）,2024-01-30 00:00:00,False,0.028789,True
2024-01-30 00:00:00,300937,预测中,已明说不会亏,预告,2023年度业绩预告（预增）,2024-01-30 00:00:00,False,0.01624,True
2024-01-30 00:00:00,300942,预测中,已明说会亏,预告,2023年度业绩预告（首亏）,2024-01-30 00:00:00,False,0.289014,True
2024-01-30 00:00:00,300953,预测中,已明说不会亏,预告,2023年度业绩预告（预减）,2024-01-30 00:00:00,False,0.191018,True
2024-01-30 00:00:00,300964,预测中,已明说不会亏,预告,2023年度业绩预告（预减）,2024-01-30 00:00:00,False,0.070537,True
2024-01-30 00:00:00,300965,预测中,已明说会亏,预告,2023年度业绩预告（首亏）,2024-01-30 00:00:00,False,0.209656,True
2024-01-30 00:00:00,300967,预测中,已明说会亏,预告,2023年度业绩预告（首亏）,2024-01-30 00:00:00,False,0.380445,True
2024-01-30 00:00:00,300968,预测中,已明说不会亏,预告,2023年度业绩预告（预减）,2024-01-30 00:00:00,False,0.392114,True
2024-01-30 00:00:00,300983,预测中,已明说不会亏,预告,2023年度业绩预告（预减）,2024-01-30 00:00:00,False,0.200839,True
2024-01-30 00:00:00,300985,预测中,已明说不会亏,预告,2023年度业绩预告（扭亏）,2024-01-30 00:00:00,True,0.572636,True
2024-01-30 00:00:00,300986,预测中,已明说会亏,预告,2023年度业绩预告（首亏）,2024-01-30 00:00:00,False,0.259602,True
2024-01-30 00:00:00,301005,预测中,已明说不会亏,预告,2023年度业绩预告（预减）,2024-01-30 00:00:00,False,0.05226,True
2024-01-30 00:00:00,301012,预测中,已明说不会亏,预告,2023年度业绩预告（预减）,2024-01-30 00:00:00,False,0.132894,True
2024-01-30 00:00:00,301024,预测中,已明说会亏,预告,2023年度业绩预告（减亏）,2024-01-30 00:00:00,False,0.236057,True
2024-01-30 00:00:00,301032,预测中,已明说不会亏,预告,2023年度业绩预告（预增）,2024-01-30 00:00:00,False,0.207197,True
2024-01-30 00:00:00,301038,预测中,已明说会亏,预告,2023年度业绩预告（续亏）,2024-01-30 00:00:00,False,0.164995,True
2024-01-30 00:00:00,301043,预测中,已明说不会亏,预告,2023年度业绩预告（预增）,2024-01-30 00:00:00,False,0.025613,True
2024-01-30 00:00:00,301045,预测中,已明说不会亏,预告,2023年度业绩预告（预减）,2024-01-30 00:00:00,False,0.190192,True
2024-01-30 00:00:00,301056,预测中,已明说不会亏,预告,2023年度业绩预告（预增）,2024-01-30 00:00:00,False,0.018922,True
2024-01-30 00:00:00,301060,预测中,已明说会亏,预告,2023年度业绩预告（首亏）,2024-01-30 00:00:00,False,0.063153,True
2024-01-30 00:00:00,301063,预测中,已明说不会亏,预告,2023年度业绩预告（略减）,2024-01-30 00:00:00,False,0.021182,True
2024-01-30 00:00:00,301072,预测中,已明说不会亏,预告,2023年度业绩预告（略减）,2024-01-30 00:00:00,False,0.034341,True
2024-01-30 00:00:00,301098,预测中,已明说不会亏,预告,2023年度业绩预告（预减）,2024-01-30 00:00:00,False,0.030554,True
2024-01-30 00:00:00,301113,预测中,已明说不会亏,预告,2023年度业绩预告（预减）,2024-01-30 00:00:00,False,0.08658,True
2024-01-30 00:00:00,301116,预测中,已明说会亏,预告,2023年度业绩预告（首亏）,2024-01-30 00:00:00,False,0.186744,True
2024-01-30 00:00:00,301117,预测中,已明说会亏,预告,2023年度业绩预告（首亏）,2024-01-30 00:00:00,False,0.044185,True
2024-01-30 00:00:00,301125,预测中,已明说不会亏,预告,2023年度业绩预告（预减）,2024-01-30 00:00:00,False,0.015319,True
2024-01-30 00:00:00,301133,预测中,已明说不会亏,预告,2023年度业绩预告（预增）,2024-01-30 00:00:00,False,0.023562,True
2024-01-30 00:00:00,301150,预测中,已明说不会亏,预告,2023年度业绩预告（预减）,2024-01-30 00:00:00,False,0.028664,True
2024-01-30 00:00:00,301180,预测中,已明说不会亏,预告,2023年度业绩预告（预减）,2024-01-30 00:00:00,False,0.068804,True
2024-01-30 00:00:00,301189,预测中,已明说会亏,预告,2023年度业绩预告（首亏）,2024-01-30 00:00:00,False,0.44318,True
2024-01-30 00:00:00,301228,预测中,已明说会亏,预告,2023年度业绩预告（增亏）,2024-01-30 00:00:00,True,0.476455,True
2024-01-30 00:00:00,301248,预测中,已明说不会亏,预告,2023年度业绩预告（预减）,2024-01-30 00:00:00,False,0.065554,True
2024-01-30 00:00:00,301266,预测中,已明说不会亏,预告,2023年度业绩预告（预增）,2024-01-30 00:00:00,False,0.024969,True
2024-01-30 00:00:00,301283,预测中,已明说不会亏,预告,2023年度业绩预告（略增）,2024-01-30 00:00:00,False,0.009121,True
2024-01-30 00:00:00,301333,预测中,已明说不会亏,预告,2023年度业绩预告（预增）,2024-01-30 00:00:00,False,0.012599,True
2024-01-30 00:00:00,301349,预测中,已明说不会亏,预告,2023年度业绩预告（预减）,2024-01-30 00:00:00,False,0.013744,True
2024-01-30 00:00:00,301356,预测中,已明说会亏,预告,2023年度业绩预告（首亏）,2024-01-30 00:00:00,False,0.030525,True
2024-01-30 00:00:00,301365,预测中,已明说不会亏,预告,2023年度业绩预告（预减）,2024-01-30 00:00:00,False,0.013298,True
2024-01-30 00:00:00,301429,预测中,已明说不会亏,预告,2023年度业绩预告（略减）,2024-01-30 00:00:00,False,0.014398,True
2024-01-30 00:00:00,600010,预测中,已明说不会亏,预告,2023年度业绩预告（扭亏）,2024-01-30 00:00:00,False,0.051712,True
2024-01-30 00:00:00,600053,预测中,已明说不会亏,预告,2023年度业绩预告（预减）,2024-01-30 00:00:00,False,0.356664,True
2024-01-30 00:00:00,600054,预测中,已明说不会亏,预告,2023年度业绩预告（扭亏）,2024-01-30 00:00:00,False,0.05316,True
2024-01-30 00:00:00,600063,预测中,已明说不会亏,预告,2023年度业绩预告（预减）,2024-01-30 00:00:00,False,0.031672,True
2024-01-30 00:00:00,600105,预测中,已明说不会亏,预告,2023年度业绩预告（预减）,2024-01-30 00:00:00,False,0.15166,True
2024-01-30 00:00:00,600111,预测中,已明说不会亏,预告,2023年度业绩预告（预减）,2024-01-30 00:00:00,False,0.009564,True
2024-01-30 00:00:00,600125,预测中,已明说不会亏,预告,2023年度业绩预告（略增）,2024-01-30 00:00:00,False,0.016132,True
2024-01-30 00:00:00,600126,预测中,已明说不会亏,预告,2023年度业绩预告（预减）,2024-01-30 00:00:00,False,0.064484,True
2024-01-30 00:00:00,600143,预测中,已明说不会亏,预告,2023年度业绩预告（预减）,2024-01-30 00:00:00,False,0.018714,True
2024-01-30 00:00:00,600150,预测中,已明说不会亏,预告,2023年度业绩预告（预增）,2024-01-30 00:00:00,False,0.275272,True
2024-01-30 00:00:00,600160,预测中,已明说不会亏,预告,2023年度业绩预告（预减）,2024-01-30 00:00:00,False,0.022224,True
2024-01-30 00:00:00,600183,预测中,已明说不会亏,预告,2023年度业绩预告（略减）,2024-01-30 00:00:00,False,0.012941,True
2024-01-30 00:00:00,600187,预测中,已明说不会亏,预告,2023年度业绩预告（扭亏）,2024-01-30 00:00:00,True,0.546282,True
2024-01-30 00:00:00,600222,预测中,已明说不会亏,预告,2023年度业绩预告（扭亏）,2024-01-30 00:00:00,False,0.292867,True
2024-01-30 00:00:00,600235,预测中,已明说不会亏,预告,2023年度业绩预告（预增）,2024-01-30 00:00:00,False,0.067944,True
2024-01-30 00:00:00,600246,预测中,已明说会亏,预告,2023年度业绩预告（增亏）,2024-01-30 00:00:00,False,0.166977,True
2024-01-30 00:00:00,600249,预测中,已明说不会亏,预告,2023年度业绩预告（扭亏）,2024-01-30 00:00:00,False,0.097295,True
2024-01-30 00:00:00,600259,预测中,已明说不会亏,预告,2023年度业绩预告（略减）,2024-01-30 00:00:00,False,0.052161,True
2024-01-30 00:00:00,600300,预测中,已明说不会亏,预告,2023年度业绩预告（预增）,2024-01-30 00:00:00,False,0.074318,True
2024-01-30 00:00:00,600312,预测中,已明说不会亏,预告,2023年度业绩预告（预增）,2024-01-30 00:00:00,False,0.030164,True
2024-01-30 00:00:00,600318,预测中,已明说不会亏,预告,2023年度业绩预告（扭亏）,2024-01-30 00:00:00,False,0.407308,True
2024-01-30 00:00:00,600319,预测中,已明说不会亏,预告,2023年度业绩预告（预减）,2024-01-30 00:00:00,False,0.415161,True
2024-01-30 00:00:00,600331,预测中,已明说会亏,预告,2023年度业绩预告（首亏）,2024-01-30 00:00:00,False,0.192393,True
2024-01-30 00:00:00,600346,预测中,已明说不会亏,预告,2023年度业绩预告（预增）,2024-01-30 00:00:00,False,0.095569,True
2024-01-30 00:00:00,600354,预测中,已明说不会亏,预告,2023年度业绩预告（预增）,2024-01-30 00:00:00,False,0.02411,True
2024-01-30 00:00:00,600395,预测中,已明说不会亏,预告,2023年度业绩预告（预减）,2024-01-30 00:00:00,False,0.009595,True
2024-01-30 00:00:00,600463,预测中,已明说会亏,预告,2023年度业绩预告（增亏）,2024-01-30 00:00:00,True,0.670809,True
2024-01-30 00:00:00,600469,预测中,已明说不会亏,预告,2023年度业绩预告（预增）,2024-01-30 00:00:00,False,0.092599,True
2024-01-30 00:00:00,600470,预测中,已明说不会亏,预告,2023年度业绩预告（预减）,2024-01-30 00:00:00,False,0.131398,True
2024-01-30 00:00:00,600488,预测中,已明说不会亏,预告,2023年度业绩预告（预增）,2024-01-30 00:00:00,False,0.116885,True
2024-01-30 00:00:00,600490,预测中,已明说会亏,预告,2023年度业绩预告（减亏）,2024-01-30 00:00:00,False,0.207786,True
2024-01-30 00:00:00,600493,预测中,已明说不会亏,预告,2023年度业绩预告（预增）,2024-01-30 00:00:00,False,0.274353,True
2024-01-30 00:00:00,600495,预测中,已明说不会亏,预告,2023年度业绩预告（预增）,2024-01-30 00:00:00,False,0.237751,True
2024-01-30 00:00:00,600497,预测中,已明说不会亏,预告,2023年度业绩预告（预增）,2024-01-30 00:00:00,False,0.019574,True
2024-01-30 00:00:00,600505,预测中,已明说会亏,预告,2023年度业绩预告（首亏）,2024-01-30 00:00:00,True,0.465853,True
2024-01-30 00:00:00,600525,预测中,已明说不会亏,预告,2023年度业绩预告（预减）,2024-01-30 00:00:00,False,0.159823,True
2024-01-30 00:00:00,600530,预测中,已明说会亏,预告,2023年度业绩预告（减亏）,2024-01-30 00:00:00,False,0.317215,True
2024-01-30 00:00:00,600561,预测中,已明说会亏,预告,2023年度业绩预告（减亏）,2024-01-30 00:00:00,True,0.515906,True
2024-01-30 00:00:00,600571,预测中,已明说不会亏,预告,2023年度业绩预告（扭亏）,2024-01-30 00:00:00,False,0.331642,True
2024-01-30 00:00:00,600594,预测中,已明说不会亏,预告,2023年度业绩预告（扭亏）,2024-01-30 00:00:00,False,0.088197,True
2024-01-30 00:00:00,600604,预测中,已明说会亏,预告,2023年度业绩预告（首亏）,2024-01-30 00:00:00,False,0.184763,True
2024-01-30 00:00:00,600637,预测中,已明说不会亏,预告,2023年度业绩预告（预增）,2024-01-30 00:00:00,False,0.04835,True
2024-01-30 00:00:00,600665,预测中,已明说会亏,预告,2023年度业绩预告（首亏）,2024-01-30 00:00:00,False,0.032238,True
2024-01-30 00:00:00,600671,预测中,已明说会亏,预告,2023年度业绩预告（减亏）,2024-01-30 00:00:00,True,0.513353,True
2024-01-30 00:00:00,600678,预测中,已明说会亏,预告,2023年度业绩预告（首亏）,2024-01-30 00:00:00,False,0.071512,True
2024-01-30 00:00:00,600684,预测中,已明说会亏,预告,2023年度业绩预告（减亏）,2024-01-30 00:00:00,False,0.39034,True
2024-01-30 00:00:00,600691,预测中,已明说会亏,预告,2023年度业绩预告（首亏）,2024-01-30 00:00:00,False,0.435819,True
2024-01-30 00:00:00,600707,预测中,已明说不会亏,预告,2023年度业绩预告（扭亏）,2024-01-30 00:00:00,True,0.557463,True
2024-01-30 00:00:00,600711,预测中,已明说不会亏,预告,2023年度业绩预告（扭亏）,2024-01-30 00:00:00,False,0.144558,True
2024-01-30 00:00:00,600712,预测中,已明说不会亏,预告,2023年度业绩预告（扭亏）,2024-01-30 00:00:00,True,0.479974,True
2024-01-30 00:00:00,600714,预测中,已明说不会亏,预告,2023年度业绩预告（预减）,2024-01-30 00:00:00,False,0.064231,True
2024-01-30 00:00:00,600718,预测中,已明说不会亏,预告,2023年度业绩预告（扭亏）,2024-01-30 00:00:00,False,0.147513,True
2024-01-30 00:00:00,600728,预测中,已明说不会亏,预告,2023年度业绩预告（扭亏）,2024-01-30 00:00:00,False,0.095606,True
2024-01-30 00:00:00,600746,预测中,已明说不会亏,预告,2023年度业绩预告（预减）,2024-01-30 00:00:00,False,0.43627,True
2024-01-30 00:00:00,600771,预测中,已明说不会亏,预告,2023年度业绩预告（扭亏）,2024-01-30 00:00:00,False,0.094809,True
2024-01-30 00:00:00,600844,预测中,已明说会亏,预告,2023年度业绩预告（增亏）,2024-01-30 00:00:00,True,0.547904,True
2024-01-30 00:00:00,600855,预测中,已明说会亏,预告,2023年度业绩预告（首亏）,2024-01-30 00:00:00,True,0.515013,True
2024-01-30 00:00:00,600857,预测中,已明说不会亏,预告,2023年度业绩预告（预减）,2024-01-30 00:00:00,False,0.016504,True
2024-01-30 00:00:00,600903,预测中,已明说不会亏,预告,2023年度业绩预告（预增）,2024-01-30 00:00:00,False,0.055183,True
2024-01-30 00:00:00,600983,预测中,已明说不会亏,预告,2023年度业绩预告（预增）,2024-01-30 00:00:00,False,0.160947,True
2024-01-30 00:00:00,600988,预测中,已明说不会亏,预告,2023年度业绩预告（预增）,2024-01-30 00:00:00,False,0.143862,True
2024-01-30 00:00:00,601010,预测中,已明说不会亏,预告,2023年度业绩预告（扭亏）,2024-01-30 00:00:00,False,0.028075,True
2024-01-30 00:00:00,601038,预测中,已明说不会亏,预告,2023年度业绩预告（略增）,2024-01-30 00:00:00,False,0.014574,True
2024-01-30 00:00:00,601058,预测中,已明说不会亏,预告,2023年度业绩预告（预增）,2024-01-30 00:00:00,False,0.015135,True
2024-01-30 00:00:00,601113,预测中,已明说不会亏,预告,2023年度业绩预告（预减）,2024-01-30 00:00:00,False,0.058856,True
2024-01-30 00:00:00,601118,预测中,已明说不会亏,预告,2023年度业绩预告（预增）,2024-01-30 00:00:00,False,0.321639,True
2024-01-30 00:00:00,601163,预测中,已明说不会亏,预告,2023年度业绩预告（预增）,2024-01-30 00:00:00,False,0.012776,True
2024-01-30 00:00:00,601339,预测中,已明说不会亏,预告,2023年度业绩预告（预减）,2024-01-30 00:00:00,False,0.04054,True
2024-01-30 00:00:00,601368,预测中,已明说不会亏,预告,2023年度业绩预告（预减）,2024-01-30 00:00:00,False,0.191827,True
2024-01-30 00:00:00,601678,预测中,已明说不会亏,预告,2023年度业绩预告（预减）,2024-01-30 00:00:00,False,0.031356,True
2024-01-30 00:00:00,601686,预测中,已明说不会亏,预告,2023年度业绩预告（预增）,2024-01-30 00:00:00,False,0.011147,True
2024-01-30 00:00:00,601890,预测中,已明说不会亏,预告,2023年度业绩预告（预增）,2024-01-30 00:00:00,False,0.035446,True
2024-01-30 00:00:00,601899,预测中,已明说不会亏,预告,2023年度业绩预告（略增）,2024-01-30 00:00:00,False,0.01232,True
2024-01-30 00:00:00,603030,预测中,已明说不会亏,预告,2023年度业绩预告（扭亏）,2024-01-30 00:00:00,False,0.396174,True
2024-01-30 00:00:00,603051,预测中,已明说会亏,预告,2023年度业绩预告（首亏）,2024-01-30 00:00:00,False,0.128373,True
2024-01-30 00:00:00,603057,预测中,已明说不会亏,预告,2023年度业绩预告（预增）,2024-01-30 00:00:00,False,0.014213,True
2024-01-30 00:00:00,603065,预测中,已明说不会亏,预告,2023年度业绩预告（预减）,2024-01-30 00:00:00,False,0.011109,True
2024-01-30 00:00:00,603103,预测中,已明说不会亏,预告,2023年度业绩预告（扭亏）,2024-01-30 00:00:00,False,0.380153,True
2024-01-30 00:00:00,603106,预测中,已明说会亏,预告,2023年度业绩预告（增亏）,2024-01-30 00:00:00,True,0.638411,True
2024-01-30 00:00:00,603118,预测中,已明说不会亏,预告,2023年度业绩预告（预减）,2024-01-30 00:00:00,False,0.029435,True
2024-01-30 00:00:00,603160,预测中,已明说不会亏,预告,2023年度业绩预告（扭亏）,2024-01-30 00:00:00,False,0.367605,True
2024-01-30 00:00:00,603165,预测中,已明说不会亏,预告,2023年度业绩预告（预增）,2024-01-30 00:00:00,False,0.008187,True
2024-01-30 00:00:00,603167,预测中,已明说不会亏,预告,2023年度业绩预告（预增）,2024-01-30 00:00:00,False,0.017119,True
2024-01-30 00:00:00,603186,预测中,已明说会亏,预告,2023年度业绩预告（首亏）,2024-01-30 00:00:00,False,0.261202,True
2024-01-30 00:00:00,603197,预测中,已明说不会亏,预告,2023年度业绩预告（预增）,2024-01-30 00:00:00,False,0.014902,True
2024-01-30 00:00:00,603199,预测中,已明说不会亏,预告,2023年度业绩预告（扭亏）,2024-01-30 00:00:00,False,0.033935,True
2024-01-30 00:00:00,603216,预测中,已明说不会亏,预告,2023年度业绩预告（预减）,2024-01-30 00:00:00,False,0.058226,True
2024-01-30 00:00:00,603218,预测中,已明说不会亏,预告,2023年度业绩预告（预增）,2024-01-30 00:00:00,False,0.02378,True
2024-01-30 00:00:00,603258,预测中,已明说不会亏,预告,2023年度业绩预告（预减）,2024-01-30 00:00:00,False,0.043436,True
2024-01-30 00:00:00,603261,预测中,已明说会亏,预告,2023年度业绩预告（首亏）,2024-01-30 00:00:00,False,0.099508,True
2024-01-30 00:00:00,603283,预测中,已明说不会亏,预告,2023年度业绩预告（预增）,2024-01-30 00:00:00,False,0.007085,True
2024-01-30 00:00:00,603386,预测中,已明说不会亏,预告,2023年度业绩预告（预减）,2024-01-30 00:00:00,False,0.156057,True
2024-01-30 00:00:00,603389,预测中,已明说会亏,预告,2023年度业绩预告（增亏）,2024-01-30 00:00:00,True,0.745891,True
2024-01-30 00:00:00,603399,预测中,已明说会亏,预告,2023年度业绩预告（首亏）,2024-01-30 00:00:00,False,0.026587,True
2024-01-30 00:00:00,603477,预测中,已明说会亏,预告,2023年度业绩预告（首亏）,2024-01-30 00:00:00,False,0.420253,True
2024-01-30 00:00:00,603507,预测中,已明说不会亏,预告,2023年度业绩预告（预增）,2024-01-30 00:00:00,False,0.015422,True
2024-01-30 00:00:00,603511,预测中,已明说不会亏,预告,2023年度业绩预告（预增）,2024-01-30 00:00:00,False,0.085203,True
2024-01-30 00:00:00,603585,预测中,已明说不会亏,预告,2023年度业绩预告（预减）,2024-01-30 00:00:00,False,0.021705,True
2024-01-30 00:00:00,603619,预测中,已明说不会亏,预告,2023年度业绩预告（预增）,2024-01-30 00:00:00,False,0.008528,True
2024-01-30 00:00:00,603696,预测中,已明说不会亏,预告,2023年度业绩预告（预增）,2024-01-30 00:00:00,False,0.043409,True
2024-01-30 00:00:00,603708,预测中,已明说不会亏,预告,2023年度业绩预告（预增）,2024-01-30 00:00:00,False,0.048835,True
2024-01-30 00:00:00,603709,预测中,已明说不会亏,预告,2023年度业绩预告（扭亏）,2024-01-30 00:00:00,False,0.270154,True
2024-01-30 00:00:00,603722,预测中,已明说不会亏,预告,2023年度业绩预告（预减）,2024-01-30 00:00:00,False,0.025953,True
2024-01-30 00:00:00,603767,预测中,已明说不会亏,预告,2023年度业绩预告（预增）,2024-01-30 00:00:00,False,0.036714,True
2024-01-30 00:00:00,603773,预测中,已明说会亏,预告,2023年度业绩预告（减亏）,2024-01-30 00:00:00,True,0.496379,True
2024-01-30 00:00:00,603833,预测中,已明说不会亏,预告,2023年度业绩预告（略增）,2024-01-30 00:00:00,False,0.030169,True
2024-01-30 00:00:00,603890,预测中,已明说不会亏,预告,2023年度业绩预告（预减）,2024-01-30 00:00:00,False,0.309941,True
2024-01-30 00:00:00,603903,预测中,已明说不会亏,预告,2023年度业绩预告（预增）,2024-01-30 00:00:00,False,0.154506,True
2024-01-30 00:00:00,603929,预测中,已明说不会亏,预告,2023年度业绩预告（预增）,2024-01-30 00:00:00,False,0.010501,True
2024-01-30 00:00:00,603938,预测中,已明说不会亏,预告,2023年度业绩预告（预减）,2024-01-30 00:00:00,False,0.007333,True
2024-01-30 00:00:00,603978,预测中,已明说会亏,预告,2023年度业绩预告（增亏）,2024-01-30 00:00:00,False,0.31212,True
2024-01-30 00:00:00,603980,预测中,已明说会亏,预告,2023年度业绩预告（增亏）,2024-01-30 00:00:00,False,0.306227,True
2024-01-30 00:00:00,605033,预测中,已明说不会亏,预告,2023年度业绩预告（预减）,2024-01-30 00:00:00,False,0.014562,True
2024-01-30 00:00:00,605055,预测中,已明说不会亏,预告,2023年度业绩预告（扭亏）,2024-01-30 00:00:00,False,0.26065,True
2024-01-30 00:00:00,605158,预测中,已明说不会亏,预告,2023年度业绩预告（预增）,2024-01-30 00:00:00,False,0.010035,True
2024-01-30 00:00:00,605178,预测中,已明说会亏,预告,2023年度业绩预告（续亏）,2024-01-30 00:00:00,True,0.764094,True
2024-01-30 00:00:00,605288,预测中,已明说不会亏,预告,2023年度业绩预告（预增）,2024-01-30 00:00:00,False,0.06893,True
2024-01-30 00:00:00,605296,预测中,已明说会亏,预告,2023年度业绩预告（首亏）,2024-01-30 00:00:00,False,0.196859,True
2024-01-30 00:00:00,605376,预测中,已明说会亏,预告,2023年度业绩预告（首亏）,2024-01-30 00:00:00,False,0.147308,True
2024-01-30 00:00:00,605567,预测中,已明说会亏,预告,2023年度业绩预告（首亏）,2024-01-30 00:00:00,False,0.085258,True
2024-01-30 00:00:00,688010,预测中,已明说会亏,预告,2023年度业绩预告（首亏）,2024-01-30 00:00:00,True,0.470343,True
2024-01-30 00:00:00,688016,预测中,已明说不会亏,预告,2023年度业绩预告（略增）,2024-01-30 00:00:00,False,0.007014,True
2024-01-30 00:00:00,688047,预测中,已明说会亏,预告,2023年度业绩预告（首亏）,2024-01-30 00:00:00,False,0.297212,True
2024-01-30 00:00:00,688062,预测中,已明说会亏,预告,2023年度业绩预告（增亏）,2024-01-30 00:00:00,True,0.612664,True
2024-01-30 00:00:00,688090,预测中,已明说不会亏,预告,2023年度业绩预告（扭亏）,2024-01-30 00:00:00,False,0.131442,True
2024-01-30 00:00:00,688107,预测中,已明说会亏,预告,2023年度业绩预告（首亏）,2024-01-30 00:00:00,False,0.10198,True
2024-01-30 00:00:00,688108,预测中,已明说会亏,预告,2023年度业绩预告（减亏）,2024-01-30 00:00:00,False,0.452477,True
2024-01-30 00:00:00,688115,预测中,已明说不会亏,预告,2023年度业绩预告（预减）,2024-01-30 00:00:00,False,0.231327,True
2024-01-30 00:00:00,688125,预测中,已明说不会亏,预告,2023年度业绩预告（预减）,2024-01-30 00:00:00,False,0.00875,True
2024-01-30 00:00:00,688155,预测中,已明说不会亏,预告,2023年度业绩预告（扭亏）,2024-01-30 00:00:00,False,0.151035,True
2024-01-30 00:00:00,688159,预测中,已明说不会亏,预告,2023年度业绩预告（扭亏）,2024-01-30 00:00:00,True,0.533878,True
2024-01-30 00:00:00,688177,预测中,已明说会亏,预告,2023年度业绩预告（减亏）,2024-01-30 00:00:00,True,0.68589,True
2024-01-30 00:00:00,688183,预测中,已明说会亏,预告,2023年度业绩预告（首亏）,2024-01-30 00:00:00,False,0.134004,True
2024-01-30 00:00:00,688188,预测中,已明说不会亏,预告,2023年度业绩预告（预增）,2024-01-30 00:00:00,False,0.007964,True
2024-01-30 00:00:00,688196,预测中,已明说不会亏,预告,2023年度业绩预告（预减）,2024-01-30 00:00:00,False,0.014724,True
2024-01-30 00:00:00,688199,预测中,已明说会亏,预告,2023年度业绩预告（首亏）,2024-01-30 00:00:00,False,0.205006,True
2024-01-30 00:00:00,688209,预测中,已明说不会亏,预告,2023年度业绩预告（预减）,2024-01-30 00:00:00,False,0.029879,True
2024-01-30 00:00:00,688212,预测中,已明说不会亏,预告,2023年度业绩预告（预增）,2024-01-30 00:00:00,False,0.036779,True
2024-01-30 00:00:00,688213,预测中,已明说不会亏,预告,2023年度业绩预告（扭亏）,2024-01-30 00:00:00,False,0.158862,True
2024-01-30 00:00:00,688219,预测中,已明说不会亏,预告,2023年度业绩预告（预增）,2024-01-30 00:00:00,False,0.092543,True
2024-01-30 00:00:00,688222,预测中,已明说不会亏,预告,2023年度业绩预告（预增）,2024-01-30 00:00:00,False,0.403493,True
2024-01-30 00:00:00,688226,预测中,已明说不会亏,预告,2023年度业绩预告（预增）,2024-01-30 00:00:00,False,0.028651,True
2024-01-30 00:00:00,688229,预测中,已明说会亏,预告,2023年度业绩预告（增亏）,2024-01-30 00:00:00,True,0.650872,True
2024-01-30 00:00:00,688233,预测中,已明说会亏,预告,2023年度业绩预告（首亏）,2024-01-30 00:00:00,False,0.034714,True
2024-01-30 00:00:00,688234,预测中,已明说会亏,预告,2023年度业绩预告（减亏）,2024-01-30 00:00:00,False,0.157524,True
2024-01-30 00:00:00,688238,预测中,已明说会亏,预告,2023年度业绩预告（首亏）,2024-01-30 00:00:00,True,0.659522,True
2024-01-30 00:00:00,688262,预测中,已明说会亏,预告,2023年度业绩预告（首亏）,2024-01-30 00:00:00,False,0.154818,True
2024-01-30 00:00:00,688277,预测中,已明说会亏,预告,2023年度业绩预告（增亏）,2024-01-30 00:00:00,False,0.118794,True
2024-01-30 00:00:00,688280,预测中,已明说会亏,预告,2023年度业绩预告（增亏）,2024-01-30 00:00:00,True,0.646811,True
2024-01-30 00:00:00,688286,预测中,已明说会亏,预告,2023年度业绩预告（增亏）,2024-01-30 00:00:00,False,0.300115,True
2024-01-30 00:00:00,688322,预测中,已明说会亏,预告,2023年度业绩预告（减亏）,2024-01-30 00:00:00,False,0.445642,True
2024-01-30 00:00:00,688323,预测中,已明说会亏,预告,2023年度业绩预告（首亏）,2024-01-30 00:00:00,False,0.170558,True
2024-01-30 00:00:00,688327,预测中,已明说会亏,预告,2023年度业绩预告（减亏）,2024-01-30 00:00:00,True,0.714916,True
2024-01-30 00:00:00,688328,预测中,已明说会亏,预告,2023年度业绩预告（增亏）,2024-01-30 00:00:00,True,0.599394,True
2024-01-30 00:00:00,688359,预测中,已明说会亏,预告,2023年度业绩预告（增亏）,2024-01-30 00:00:00,False,0.352663,True
2024-01-30 00:00:00,688362,预测中,已明说会亏,预告,2023年度业绩预告（首亏）,2024-01-30 00:00:00,False,0.067895,True
2024-01-30 00:00:00,688366,预测中,已明说不会亏,预告,2023年度业绩预告（预增）,2024-01-30 00:00:00,False,0.01806,True
2024-01-30 00:00:00,688368,预测中,已明说会亏,预告,2023年度业绩预告（减亏）,2024-01-30 00:00:00,False,0.451752,True
2024-01-30 00:00:00,688372,预测中,已明说不会亏,预告,2023年度业绩预告（预减）,2024-01-30 00:00:00,False,0.009589,True
2024-01-30 00:00:00,688391,预测中,已明说不会亏,预告,2023年度业绩预告（略减）,2024-01-30 00:00:00,False,0.006058,True
2024-01-30 00:00:00,688408,预测中,已明说不会亏,预告,2023年度业绩预告（预增）,2024-01-30 00:00:00,False,0.068549,True
2024-01-30 00:00:00,688428,预测中,已明说会亏,预告,2023年度业绩预告（减亏）,2024-01-30 00:00:00,True,0.499667,True
2024-01-30 00:00:00,688455,预测中,已明说会亏,预告,2023年度业绩预告（首亏）,2024-01-30 00:00:00,False,0.331993,True
2024-01-30 00:00:00,688506,预测中,已明说会亏,预告,2023年度业绩预告（增亏）,2024-01-30 00:00:00,True,0.689922,True
2024-01-30 00:00:00,688525,预测中,已明说会亏,预告,2023年度业绩预告（首亏）,2024-01-30 00:00:00,False,0.15482,True
2024-01-30 00:00:00,688528,预测中,已明说会亏,预告,2023年度业绩预告（首亏）,2024-01-30 00:00:00,True,0.513318,True
2024-01-30 00:00:00,688568,预测中,已明说不会亏,预告,2023年度业绩预告（预增）,2024-01-30 00:00:00,False,0.026702,True
2024-01-30 00:00:00,688577,预测中,已明说不会亏,预告,2023年度业绩预告（略减）,2024-01-30 00:00:00,False,0.021791,True
2024-01-30 00:00:00,688578,预测中,已明说不会亏,预告,2023年度业绩预告（预增）,2024-01-30 00:00:00,False,0.075894,True
2024-01-30 00:00:00,688589,预测中,已明说不会亏,预告,2023年度业绩预告（预增）,2024-01-30 00:00:00,False,0.012123,True
2024-01-30 00:00:00,688607,预测中,已明说不会亏,预告,2023年度业绩预告（扭亏）,2024-01-30 00:00:00,False,0.358842,True
2024-01-30 00:00:00,688766,预测中,已明说会亏,预告,2023年度业绩预告（首亏）,2024-01-30 00:00:00,False,0.059845,True
2024-01-30 00:00:00,688788,预测中,已明说会亏,预告,2023年度业绩预告（续亏）,2024-01-30 00:00:00,True,0.595022,True
2024-01-30 00:00:00,688793,预测中,已明说会亏,预告,2023年度业绩预告（减亏）,2024-01-30 00:00:00,True,0.538941,True
2024-01-31 00:00:00,000006,预测中,已明说会亏,预告,2023年度业绩预告（首亏）,2024-01-31 00:00:00,False,0.07733,True
2024-01-31 00:00:00,000008,预测中,已明说会亏,预告,2023年度业绩预告（减亏）,2024-01-31 00:00:00,False,0.308426,True
2024-01-31 00:00:00,000010,预测中,已明说会亏,预告,2023年度业绩预告（续亏）,2024-01-31 00:00:00,True,0.824703,True
2024-01-31 00:00:00,000016,预测中,已明说会亏,预告,2023年度业绩预告（增亏）,2024-01-31 00:00:00,False,0.208285,True
2024-01-31 00:00:00,000017,预测中,已明说不会亏,预告,2023年度业绩预告（扭亏）,2024-01-31 00:00:00,False,0.157491,True
2024-01-31 00:00:00,000031,预测中,已明说会亏,预告,2023年度业绩预告（减亏）,2024-01-31 00:00:00,False,0.05714,True
2024-01-31 00:00:00,000039,预测中,已明说不会亏,预告,2023年度业绩预告（预减）,2024-01-31 00:00:00,False,0.06832,True
2024-01-31 00:00:00,000042,预测中,已明说会亏,预告,2023年度业绩预告（首亏）,2024-01-31 00:00:00,False,0.093015,True
2024-01-31 00:00:00,000050,预测中,已明说会亏,预告,2023年度业绩预告（首亏）,2024-01-31 00:00:00,True,0.691852,True
2024-01-31 00:00:00,000056,预测中,已明说会亏,预告,2023年度业绩预告（续亏）,2024-01-31 00:00:00,True,0.67976,True
2024-01-31 00:00:00,000059,预测中,已明说不会亏,预告,2023年度业绩预告（预减）,2024-01-31 00:00:00,False,0.099025,True
2024-01-31 00:00:00,000061,预测中,已明说不会亏,预告,2023年度业绩预告（预增）,2024-01-31 00:00:00,False,0.045302,True
2024-01-31 00:00:00,000062,预测中,已明说不会亏,预告,2023年度业绩预告（预减）,2024-01-31 00:00:00,False,0.0112,True
2024-01-31 00:00:00,000066,预测中,已明说会亏,预告,2023年度业绩预告（首亏）,2024-01-31 00:00:00,True,0.560504,True
2024-01-31 00:00:00,000069,预测中,已明说会亏,预告,2023年度业绩预告（减亏）,2024-01-31 00:00:00,False,0.226324,True
2024-01-31 00:00:00,000078,预测中,已明说会亏,预告,2023年度业绩预告（增亏）,2024-01-31 00:00:00,False,0.19716,True
2024-01-31 00:00:00,000096,预测中,已明说不会亏,预告,2023年度业绩预告（预增）,2024-01-31 00:00:00,False,0.050046,True
2024-01-31 00:00:00,000156,预测中,已明说不会亏,预告,2023年度业绩预告（略减）,2024-01-31 00:00:00,False,0.022738,True
2024-01-31 00:00:00,000158,预测中,已明说会亏,预告,2023年度业绩预告（减亏）,2024-01-31 00:00:00,False,0.392824,True
2024-01-31 00:00:00,000159,预测中,已明说不会亏,预告,2023年度业绩预告（预减）,2024-01-31 00:00:00,False,0.147437,True
2024-01-31 00:00:00,000401,预测中,已明说会亏,预告,2023年度业绩预告（首亏）,2024-01-31 00:00:00,False,0.109173,True
2024-01-31 00:00:00,000402,预测中,已明说会亏,预告,2023年度业绩预告（首亏）,2024-01-31 00:00:00,False,0.207087,True
2024-01-31 00:00:00,000415,预测中,已明说不会亏,预告,2023年度业绩预告（扭亏）,2024-01-31 00:00:00,False,0.192946,True
2024-01-31 00:00:00,000420,预测中,已明说不会亏,预告,2023年度业绩预告（扭亏）,2024-01-31 00:00:00,False,0.296829,True
2024-01-31 00:00:00,000430,预测中,已明说会亏,预告,2023年度业绩预告（减亏）,2024-01-31 00:00:00,True,0.569998,True
2024-01-31 00:00:00,000488,预测中,已明说会亏,预告,2023年度业绩预告（首亏）,2024-01-31 00:00:00,False,0.332392,True
2024-01-31 00:00:00,000506,预测中,已明说不会亏,预告,2023年度业绩预告（预减）,2024-01-31 00:00:00,True,0.602816,True
2024-01-31 00:00:00,000509,预测中,已明说不会亏,预告,2023年度业绩预告（扭亏）,2024-01-31 00:00:00,False,0.393169,True
2024-01-31 00:00:00,000516,预测中,已明说会亏,预告,2023年度业绩预告（减亏）,2024-01-31 00:00:00,True,0.7551,True
2024-01-31 00:00:00,000518,预测中,已明说会亏,预告,2023年度业绩预告（增亏）,2024-01-31 00:00:00,True,0.528337,True
2024-01-31 00:00:00,000520,预测中,已明说会亏,预告,2023年度业绩预告（首亏）,2024-01-31 00:00:00,False,0.077153,True
2024-01-31 00:00:00,000524,预测中,已明说不会亏,预告,2023年度业绩预告（扭亏）,2024-01-31 00:00:00,False,0.253553,True
2024-01-31 00:00:00,000536,预测中,已明说会亏,预告,2023年度业绩预告（增亏）,2024-01-31 00:00:00,True,0.687674,True
2024-01-31 00:00:00,000546,预测中,已明说会亏,预告,2023年度业绩预告（增亏）,2024-01-31 00:00:00,False,0.31894,True
2024-01-31 00:00:00,000547,预测中,已明说会亏,预告,2023年度业绩预告（首亏）,2024-01-31 00:00:00,True,0.472954,True
2024-01-31 00:00:00,000548,预测中,已明说不会亏,预告,2023年度业绩预告（预增）,2024-01-31 00:00:00,False,0.018314,True
2024-01-31 00:00:00,000552,预测中,已明说不会亏,预告,2023年度业绩预告（略减）,2024-01-31 00:00:00,False,0.010398,True
2024-01-31 00:00:00,000553,预测中,已明说会亏,预告,2023年度业绩预告（首亏）,2024-01-31 00:00:00,False,0.243078,True
2024-01-31 00:00:00,000560,预测中,已明说会亏,预告,2023年度业绩预告（增亏）,2024-01-31 00:00:00,False,0.132869,True
2024-01-31 00:00:00,000564,预测中,已明说会亏,预告,2023年度业绩预告（增亏）,2024-01-31 00:00:00,True,0.682655,True
2024-01-31 00:00:00,000565,预测中,已明说会亏,预告,2023年度业绩预告（首亏）,2024-01-31 00:00:00,False,0.133749,True
2024-01-31 00:00:00,000566,预测中,已明说会亏,预告,2023年度业绩预告（首亏）,2024-01-31 00:00:00,False,0.450294,True
2024-01-31 00:00:00,000571,预测中,已明说会亏,预告,2023年度业绩预告（增亏）,2024-01-31 00:00:00,False,0.337519,True
2024-01-31 00:00:00,000572,预测中,已明说会亏,预告,2023年度业绩预告（减亏）,2024-01-31 00:00:00,True,0.488869,True
2024-01-31 00:00:00,000576,预测中,已明说会亏,预告,2023年度业绩预告（首亏）,2024-01-31 00:00:00,False,0.043981,True
2024-01-31 00:00:00,000590,预测中,已明说不会亏,预告,2023年度业绩预告（预增）,2024-01-31 00:00:00,False,0.220418,True
2024-01-31 00:00:00,000592,预测中,已明说会亏,预告,2023年度业绩预告（增亏）,2024-01-31 00:00:00,False,0.231575,True
2024-01-31 00:00:00,000595,预测中,已明说会亏,预告,2023年度业绩预告（增亏）,2024-01-31 00:00:00,False,0.376342,True
2024-01-31 00:00:00,000599,预测中,已明说会亏,预告,2023年度业绩预告（减亏）,2024-01-31 00:00:00,True,0.656753,True
2024-01-31 00:00:00,000601,预测中,已明说会亏,预告,2023年度业绩预告（增亏）,2024-01-31 00:00:00,True,0.658416,True
2024-01-31 00:00:00,000603,预测中,已明说不会亏,预告,2023年度业绩预告（预减）,2024-01-31 00:00:00,False,0.108686,True
2024-01-31 00:00:00,000608,预测中,已明说会亏,预告,2023年度业绩预告（减亏）,2024-01-31 00:00:00,False,0.2353,True
2024-01-31 00:00:00,000610,预测中,已明说会亏,预告,2023年度业绩预告（减亏）,2024-01-31 00:00:00,True,0.665503,True
2024-01-31 00:00:00,000615,预测中,已明说会亏,预告,2023年度业绩预告（减亏）,2024-01-31 00:00:00,False,0.151885,True
2024-01-31 00:00:00,000626,预测中,已明说会亏,预告,2023年度业绩预告（首亏）,2024-01-31 00:00:00,False,0.171837,True
2024-01-31 00:00:00,000628,预测中,已明说不会亏,预告,2023年度业绩预告（预增）,2024-01-31 00:00:00,False,0.011795,True
2024-01-31 00:00:00,000632,预测中,已明说会亏,预告,2023年度业绩预告（首亏）,2024-01-31 00:00:00,False,0.202189,True
2024-01-31 00:00:00,000636,预测中,已明说不会亏,预告,2023年度业绩预告（预减）,2024-01-31 00:00:00,False,0.083993,True
2024-01-31 00:00:00,000637,预测中,已明说会亏,预告,2023年度业绩预告（续亏）,2024-01-31 00:00:00,False,0.276887,True
2024-01-31 00:00:00,000639,预测中,已明说会亏,预告,2023年度业绩预告（减亏）,2024-01-31 00:00:00,False,0.418335,True
2024-01-31 00:00:00,000659,预测中,已明说会亏,预告,2023年度业绩预告（减亏）,2024-01-31 00:00:00,False,0.389126,True
2024-01-31 00:00:00,000676,预测中,已明说不会亏,预告,2023年度业绩预告（扭亏）,2024-01-31 00:00:00,False,0.250242,True
2024-01-31 00:00:00,000679,预测中,已明说会亏,预告,2023年度业绩预告（减亏）,2024-01-31 00:00:00,True,0.48986,True
2024-01-31 00:00:00,000681,预测中,已明说不会亏,预告,2023年度业绩预告（预增）,2024-01-31 00:00:00,False,0.029522,True
2024-01-31 00:00:00,000688,预测中,已明说不会亏,预告,2023年度业绩预告（预减）,2024-01-31 00:00:00,False,0.069893,True
2024-01-31 00:00:00,000692,预测中,已明说不会亏,预告,2023年度业绩预告（扭亏）,2024-01-31 00:00:00,False,0.272676,True
2024-01-31 00:00:00,000695,预测中,已明说会亏,预告,2023年度业绩预告（增亏）,2024-01-31 00:00:00,True,0.784043,True
2024-01-31 00:00:00,000698,预测中,已明说会亏,预告,2023年度业绩预告（减亏）,2024-01-31 00:00:00,False,0.383811,True
2024-01-31 00:00:00,000701,预测中,已明说会亏,预告,2023年度业绩预告（首亏）,2024-01-31 00:00:00,False,0.345048,True
2024-01-31 00:00:00,000702,预测中,已明说会亏,预告,2023年度业绩预告（续亏）,2024-01-31 00:00:00,False,0.443011,True
2024-01-31 00:00:00,000703,预测中,已明说不会亏,预告,2023年度业绩预告（扭亏）,2024-01-31 00:00:00,False,0.127922,True
2024-01-31 00:00:00,000710,预测中,已明说会亏,预告,2023年度业绩预告（增亏）,2024-01-31 00:00:00,True,0.641142,True
2024-01-31 00:00:00,000711,预测中,已明说不会亏,预告,2023年度业绩预告（扭亏）,2024-01-31 00:00:00,False,0.404263,True
2024-01-31 00:00:00,000712,预测中,已明说会亏,预告,2023年度业绩预告（续亏）,2024-01-31 00:00:00,False,0.291555,True
2024-01-31 00:00:00,000720,预测中,已明说会亏,预告,2023年度业绩预告（减亏）,2024-01-31 00:00:00,True,0.473957,True
2024-01-31 00:00:00,000723,预测中,已明说不会亏,预告,2023年度业绩预告（预减）,2024-01-31 00:00:00,False,0.022929,True
2024-01-31 00:00:00,000725,预测中,已明说不会亏,预告,2023年度业绩预告（预减）,2024-01-31 00:00:00,False,0.293557,True
2024-01-31 00:00:00,000726,预测中,已明说不会亏,预告,2023年度业绩预告（预减）,2024-01-31 00:00:00,False,0.024387,True
2024-01-31 00:00:00,000727,预测中,已明说不会亏,预告,2023年度业绩预告（预增）,2024-01-31 00:00:00,False,0.307007,True
2024-01-31 00:00:00,000735,预测中,已明说会亏,预告,2023年度业绩预告（首亏）,2024-01-31 00:00:00,False,0.181789,True
2024-01-31 00:00:00,000752,预测中,已明说会亏,预告,2023年度业绩预告（减亏）,2024-01-31 00:00:00,False,0.426352,True
2024-01-31 00:00:00,000761,预测中,已明说会亏,预告,2023年度业绩预告（增亏）,2024-01-31 00:00:00,False,0.068245,True
2024-01-31 00:00:00,000793,预测中,已明说会亏,预告,2023年度业绩预告（增亏）,2024-01-31 00:00:00,False,0.369175,True
2024-01-31 00:00:00,000795,预测中,已明说不会亏,预告,2023年度业绩预告（预减）,2024-01-31 00:00:00,False,0.021775,True
2024-01-31 00:00:00,000796,预测中,已明说不会亏,预告,2023年度业绩预告（扭亏）,2024-01-31 00:00:00,True,0.53553,True
2024-01-31 00:00:00,000798,预测中,已明说会亏,预告,2023年度业绩预告（首亏）,2024-01-31 00:00:00,False,0.101266,True
2024-01-31 00:00:00,000802,预测中,已明说会亏,预告,2023年度业绩预告（增亏）,2024-01-31 00:00:00,True,0.690111,True
2024-01-31 00:00:00,000803,预测中,已明说不会亏,预告,2023年度业绩预告（预减）,2024-01-31 00:00:00,False,0.093415,True
2024-01-31 00:00:00,000813,预测中,已明说不会亏,预告,2023年度业绩预告（扭亏）,2024-01-31 00:00:00,True,0.460776,True
2024-01-31 00:00:00,000815,预测中,已明说会亏,预告,2023年度业绩预告（减亏）,2024-01-31 00:00:00,False,0.344866,True
2024-01-31 00:00:00,000816,预测中,已明说会亏,预告,2023年度业绩预告（增亏）,2024-01-31 00:00:00,False,0.348531,True
2024-01-31 00:00:00,000825,预测中,已明说会亏,预告,2023年度业绩预告（首亏）,2024-01-31 00:00:00,False,0.152763,True
2024-01-31 00:00:00,000826,预测中,已明说会亏,预告,2023年度业绩预告（增亏）,2024-01-31 00:00:00,True,0.608225,True
2024-01-31 00:00:00,000829,预测中,已明说不会亏,预告,2023年度业绩预告（略减）,2024-01-31 00:00:00,False,0.138166,True
2024-01-31 00:00:00,000837,预测中,已明说不会亏,预告,2023年度业绩预告（预减）,2024-01-31 00:00:00,False,0.020661,True
2024-01-31 00:00:00,000838,预测中,已明说会亏,预告,2023年度业绩预告（续亏）,2024-01-31 00:00:00,False,0.142033,True
2024-01-31 00:00:00,000839,预测中,已明说会亏,预告,2023年度业绩预告（减亏）,2024-01-31 00:00:00,True,0.476296,True
2024-01-31 00:00:00,000850,预测中,已明说不会亏,预告,2023年度业绩预告（扭亏）,2024-01-31 00:00:00,False,0.026416,True
2024-01-31 00:00:00,000856,预测中,已明说不会亏,预告,2023年度业绩预告（预增）,2024-01-31 00:00:00,False,0.109484,True
2024-01-31 00:00:00,000876,预测中,已明说不会亏,预告,2023年度业绩预告（扭亏）,2024-01-31 00:00:00,False,0.327309,True
2024-01-31 00:00:00,000881,预测中,已明说会亏,预告,2023年度业绩预告（首亏）,2024-01-31 00:00:00,False,0.290862,True
2024-01-31 00:00:00,000882,预测中,已明说不会亏,预告,2023年度业绩预告（扭亏）,2024-01-31 00:00:00,False,0.245881,True
2024-01-31 00:00:00,000886,预测中,已明说不会亏,预告,2023年度业绩预告（预减）,2024-01-31 00:00:00,False,0.068783,True
2024-01-31 00:00:00,000887,预测中,已明说不会亏,预告,2023年度业绩预告（略增）,2024-01-31 00:00:00,False,0.015847,True
2024-01-31 00:00:00,000888,预测中,已明说不会亏,预告,2023年度业绩预告（扭亏）,2024-01-31 00:00:00,False,0.054243,True
2024-01-31 00:00:00,000889,预测中,已明说会亏,预告,2023年度业绩预告（增亏）,2024-01-31 00:00:00,True,0.724206,True
2024-01-31 00:00:00,000890,预测中,已明说不会亏,预告,2023年度业绩预告（扭亏）,2024-01-31 00:00:00,True,0.685405,True
2024-01-31 00:00:00,000892,预测中,已明说会亏,预告,2023年度业绩预告（首亏）,2024-01-31 00:00:00,True,0.470827,True
2024-01-31 00:00:00,000898,预测中,已明说会亏,预告,2023年度业绩预告（首亏）,2024-01-31 00:00:00,False,0.109373,True
2024-01-31 00:00:00,000901,预测中,已明说会亏,预告,2023年度业绩预告（首亏）,2024-01-31 00:00:00,False,0.358384,True
2024-01-31 00:00:00,000909,预测中,已明说会亏,预告,2023年度业绩预告（续亏）,2024-01-31 00:00:00,False,0.066114,True
2024-01-31 00:00:00,000921,预测中,已明说不会亏,预告,2023年度业绩预告（预增）,2024-01-31 00:00:00,False,0.016693,True
2024-01-31 00:00:00,000923,预测中,已明说不会亏,预告,2023年度业绩预告（预增）,2024-01-31 00:00:00,False,0.015163,True
2024-01-31 00:00:00,000930,预测中,已明说会亏,预告,2023年度业绩预告（首亏）,2024-01-31 00:00:00,False,0.197888,True
2024-01-31 00:00:00,000935,预测中,已明说不会亏,预告,2023年度业绩预告（略增）,2024-01-31 00:00:00,False,0.021119,True
2024-01-31 00:00:00,000955,预测中,已明说会亏,预告,2023年度业绩预告（减亏）,2024-01-31 00:00:00,False,0.352846,True
2024-01-31 00:00:00,000968,预测中,已明说不会亏,预告,2023年度业绩预告（略减）,2024-01-31 00:00:00,False,0.021258,True
2024-01-31 00:00:00,000970,预测中,已明说不会亏,预告,2023年度业绩预告（预减）,2024-01-31 00:00:00,False,0.020906,True
2024-01-31 00:00:00,000981,预测中,已明说会亏,预告,2023年度业绩预告（增亏）,2024-01-31 00:00:00,True,0.74659,True
2024-01-31 00:00:00,000995,预测中,已明说会亏,预告,2023年度业绩预告（首亏）,2024-01-31 00:00:00,False,0.156988,True
2024-01-31 00:00:00,001201,预测中,已明说会亏,预告,2023年度业绩预告（首亏）,2024-01-31 00:00:00,True,0.670612,True
2024-01-31 00:00:00,001209,预测中,已明说不会亏,预告,2023年度业绩预告（扭亏）,2024-01-31 00:00:00,False,0.090431,True
2024-01-31 00:00:00,001211,预测中,已明说会亏,预告,2023年度业绩预告（减亏）,2024-01-31 00:00:00,False,0.252419,True
2024-01-31 00:00:00,001238,预测中,已明说不会亏,预告,2023年度业绩预告（预减）,2024-01-31 00:00:00,False,0.034661,True
2024-01-31 00:00:00,001255,预测中,已明说不会亏,预告,2023年度业绩预告（预减）,2024-01-31 00:00:00,False,0.00729,True
2024-01-31 00:00:00,001300,预测中,已明说会亏,预告,2023年度业绩预告（首亏）,2024-01-31 00:00:00,False,0.081194,True
2024-01-31 00:00:00,001330,预测中,已明说会亏,预告,2023年度业绩预告（增亏）,2024-01-31 00:00:00,True,0.721615,True
2024-01-31 00:00:00,001339,预测中,已明说不会亏,预告,2023年度业绩预告（预减）,2024-01-31 00:00:00,False,0.016411,True
2024-01-31 00:00:00,002005,预测中,已明说会亏,预告,2023年度业绩预告（减亏）,2024-01-31 00:00:00,True,0.745711,True
2024-01-31 00:00:00,002009,预测中,已明说会亏,预告,2023年度业绩预告（首亏）,2024-01-31 00:00:00,True,0.701022,True
2024-01-31 00:00:00,002017,预测中,已明说不会亏,预告,2023年度业绩预告（预增）,2024-01-31 00:00:00,False,0.018966,True
2024-01-31 00:00:00,002019,预测中,已明说会亏,预告,2023年度业绩预告（首亏）,2024-01-31 00:00:00,False,0.294805,True
2024-01-31 00:00:00,002021,预测中,已明说不会亏,预告,2023年度业绩预告（扭亏）,2024-01-31 00:00:00,False,0.251431,True
2024-01-31 00:00:00,002022,预测中,已明说会亏,预告,2023年度业绩预告（首亏）,2024-01-31 00:00:00,False,0.022088,True
2024-01-31 00:00:00,002024,预测中,已明说会亏,预告,2023年度业绩预告（减亏）,2024-01-31 00:00:00,True,0.621652,True
2024-01-31 00:00:00,002030,预测中,已明说不会亏,预告,2023年度业绩预告（预减）,2024-01-31 00:00:00,False,0.084154,True
2024-01-31 00:00:00,002031,预测中,已明说会亏,预告,2023年度业绩预告（首亏）,2024-01-31 00:00:00,False,0.114371,True
2024-01-31 00:00:00,002032,预测中,已明说不会亏,预告,2023年度业绩预告（略增）,2024-01-31 00:00:00,False,0.007281,True
2024-01-31 00:00:00,002036,预测中,已明说会亏,预告,2023年度业绩预告（首亏）,2024-01-31 00:00:00,True,0.65265,True
2024-01-31 00:00:00,002037,预测中,已明说会亏,预告,2023年度业绩预告（减亏）,2024-01-31 00:00:00,True,0.493413,True
2024-01-31 00:00:00,002042,预测中,已明说不会亏,预告,2023年度业绩预告（扭亏）,2024-01-31 00:00:00,False,0.228733,True
2024-01-31 00:00:00,002043,预测中,已明说不会亏,预告,2023年度业绩预告（预增）,2024-01-31 00:00:00,False,0.015263,True
2024-01-31 00:00:00,002047,预测中,已明说会亏,预告,2023年度业绩预告（减亏）,2024-01-31 00:00:00,True,0.752533,True
2024-01-31 00:00:00,002052,预测中,已明说会亏,预告,2023年度业绩预告（增亏）,2024-01-31 00:00:00,False,0.285713,True
2024-01-31 00:00:00,002054,预测中,已明说不会亏,预告,2023年度业绩预告（预减）,2024-01-31 00:00:00,False,0.249265,True
2024-01-31 00:00:00,002055,预测中,已明说会亏,预告,2023年度业绩预告（减亏）,2024-01-31 00:00:00,True,0.608894,True
2024-01-31 00:00:00,002056,预测中,已明说不会亏,预告,2023年度业绩预告（略增）,2024-01-31 00:00:00,False,0.005942,True
2024-01-31 00:00:00,002059,预测中,已明说会亏,预告,2023年度业绩预告（增亏）,2024-01-31 00:00:00,True,0.508313,True
2024-01-31 00:00:00,002068,预测中,已明说会亏,预告,2023年度业绩预告（首亏）,2024-01-31 00:00:00,False,0.303182,True
2024-01-31 00:00:00,002069,预测中,已明说不会亏,预告,2023年度业绩预告（预增）,2024-01-31 00:00:00,False,0.422703,True
2024-01-31 00:00:00,002076,预测中,已明说会亏,预告,2023年度业绩预告（首亏）,2024-01-31 00:00:00,False,0.404761,True
2024-01-31 00:00:00,002084,预测中,已明说会亏,预告,2023年度业绩预告（首亏）,2024-01-31 00:00:00,True,0.488912,True
2024-01-31 00:00:00,002086,预测中,已明说不会亏,预告,2023年度业绩预告（扭亏）,2024-01-31 00:00:00,False,0.123688,True
2024-01-31 00:00:00,002092,预测中,已明说会亏,预告,2023年度业绩预告（首亏）,2024-01-31 00:00:00,False,0.263294,True
2024-01-31 00:00:00,002094,预测中,已明说不会亏,预告,2023年度业绩预告（扭亏）,2024-01-31 00:00:00,False,0.13439,True
2024-01-31 00:00:00,002098,预测中,已明说不会亏,预告,2023年度业绩预告（预增）,2024-01-31 00:00:00,False,0.036047,True
2024-01-31 00:00:00,002099,预测中,已明说会亏,预告,2023年度业绩预告（首亏）,2024-01-31 00:00:00,False,0.392466,True
2024-01-31 00:00:00,002100,预测中,已明说会亏,预告,2023年度业绩预告（首亏）,2024-01-31 00:00:00,False,0.236557,True
2024-01-31 00:00:00,002101,预测中,已明说不会亏,预告,2023年度业绩预告（略减）,2024-01-31 00:00:00,False,0.02471,True
2024-01-31 00:00:00,002104,预测中,已明说不会亏,预告,2023年度业绩预告（预增）,2024-01-31 00:00:00,False,0.107341,True
2024-01-31 00:00:00,002109,预测中,已明说会亏,预告,2023年度业绩预告（首亏）,2024-01-31 00:00:00,False,0.225244,True
2024-01-31 00:00:00,002114,预测中,已明说会亏,预告,2023年度业绩预告（减亏）,2024-01-31 00:00:00,False,0.095781,True
2024-01-31 00:00:00,002115,预测中,已明说不会亏,预告,2023年度业绩预告（预减）,2024-01-31 00:00:00,False,0.165051,True
2024-01-31 00:00:00,002121,预测中,已明说会亏,预告,2023年度业绩预告（增亏）,2024-01-31 00:00:00,True,0.52136,True
2024-01-31 00:00:00,002122,预测中,已明说不会亏,预告,2023年度业绩预告（预增）,2024-01-31 00:00:00,False,0.03876,True
2024-01-31 00:00:00,002123,预测中,已明说会亏,预告,2023年度业绩预告（增亏）,2024-01-31 00:00:00,True,0.597647,True
2024-01-31 00:00:00,002124,预测中,已明说会亏,预告,2023年度业绩预告（首亏）,2024-01-31 00:00:00,True,0.752494,True
2024-01-31 00:00:00,002131,预测中,已明说不会亏,预告,2023年度业绩预告（扭亏）,2024-01-31 00:00:00,False,0.078366,True
2024-01-31 00:00:00,002132,预测中,已明说不会亏,预告,2023年度业绩预告（预减）,2024-01-31 00:00:00,False,0.315839,True
2024-01-31 00:00:00,002133,预测中,已明说不会亏,预告,2023年度业绩预告（预减）,2024-01-31 00:00:00,False,0.052501,True
2024-01-31 00:00:00,002136,预测中,已明说不会亏,预告,2023年度业绩预告（预减）,2024-01-31 00:00:00,False,0.00821,True
2024-01-31 00:00:00,002137,预测中,已明说不会亏,预告,2023年度业绩预告（预减）,2024-01-31 00:00:00,False,0.157054,True
2024-01-31 00:00:00,002141,预测中,已明说会亏,预告,2023年度业绩预告（首亏）,2024-01-31 00:00:00,False,0.163022,True
2024-01-31 00:00:00,002150,预测中,已明说不会亏,预告,2023年度业绩预告（预减）,2024-01-31 00:00:00,False,0.05649,True
2024-01-31 00:00:00,002156,预测中,已明说不会亏,预告,2023年度业绩预告（预减）,2024-01-31 00:00:00,False,0.045388,True
2024-01-31 00:00:00,002160,预测中,已明说不会亏,预告,2023年度业绩预告（扭亏）,2024-01-31 00:00:00,False,0.291633,True
2024-01-31 00:00:00,002163,预测中,已明说不会亏,预告,2023年度业绩预告（扭亏）,2024-01-31 00:00:00,True,0.765057,True
2024-01-31 00:00:00,002167,预测中,已明说会亏,预告,2023年度业绩预告（首亏）,2024-01-31 00:00:00,False,0.05207,True
2024-01-31 00:00:00,002170,预测中,已明说不会亏,预告,2023年度业绩预告（预增）,2024-01-31 00:00:00,False,0.017933,True
2024-01-31 00:00:00,002173,预测中,已明说会亏,预告,2023年度业绩预告（减亏）,2024-01-31 00:00:00,False,0.440917,True
2024-01-31 00:00:00,002174,预测中,已明说不会亏,预告,2023年度业绩预告（扭亏）,2024-01-31 00:00:00,True,0.513056,True
2024-01-31 00:00:00,002175,预测中,已明说不会亏,预告,2023年度业绩预告（预减）,2024-01-31 00:00:00,False,0.091027,True
2024-01-31 00:00:00,002176,预测中,已明说会亏,预告,2023年度业绩预告（首亏）,2024-01-31 00:00:00,False,0.047442,True
2024-01-31 00:00:00,002178,预测中,已明说不会亏,预告,2023年度业绩预告（扭亏）,2024-01-31 00:00:00,False,0.220927,True
2024-01-31 00:00:00,002180,预测中,已明说会亏,预告,2023年度业绩预告（首亏）,2024-01-31 00:00:00,False,0.037515,True
2024-01-31 00:00:00,002188,预测中,已明说不会亏,预告,2023年度业绩预告（预减）,2024-01-31 00:00:00,False,0.059438,True
2024-01-31 00:00:00,002189,预测中,已明说会亏,预告,2023年度业绩预告（增亏）,2024-01-31 00:00:00,True,0.551381,True
2024-01-31 00:00:00,002192,预测中,已明说不会亏,预告,2023年度业绩预告（预减）,2024-01-31 00:00:00,False,0.018062,True
2024-01-31 00:00:00,002200,预测中,已明说不会亏,预告,2023年度业绩预告（续盈）,2024-01-31 00:00:00,False,0.069339,True
2024-01-31 00:00:00,002205,预测中,已明说会亏,预告,2023年度业绩预告（增亏）,2024-01-31 00:00:00,True,0.496826,True
2024-01-31 00:00:00,002208,预测中,已明说不会亏,预告,2023年度业绩预告（略减）,2024-01-31 00:00:00,False,0.037537,True
2024-01-31 00:00:00,002212,预测中,已明说会亏,预告,2023年度业绩预告（首亏）,2024-01-31 00:00:00,False,0.252856,True
2024-01-31 00:00:00,002213,预测中,已明说会亏,预告,2023年度业绩预告（首亏）,2024-01-31 00:00:00,False,0.071789,True
2024-01-31 00:00:00,002214,预测中,已明说会亏,预告,2023年度业绩预告（增亏）,2024-01-31 00:00:00,True,0.649293,True
2024-01-31 00:00:00,002217,预测中,已明说会亏,预告,2023年度业绩预告（增亏）,2024-01-31 00:00:00,True,0.789202,True
2024-01-31 00:00:00,002227,预测中,已明说会亏,预告,2023年度业绩预告（续亏）,2024-01-31 00:00:00,True,0.493345,True
2024-01-31 00:00:00,002234,预测中,已明说会亏,预告,2023年度业绩预告（减亏）,2024-01-31 00:00:00,False,0.128824,True
2024-01-31 00:00:00,002235,预测中,已明说会亏,预告,2023年度业绩预告（增亏）,2024-01-31 00:00:00,False,0.088234,True
2024-01-31 00:00:00,002239,预测中,已明说不会亏,预告,2023年度业绩预告（续盈）,2024-01-31 00:00:00,False,0.180444,True
2024-01-31 00:00:00,002240,预测中,已明说不会亏,预告,2023年度业绩预告（预减）,2024-01-31 00:00:00,False,0.021333,True
2024-01-31 00:00:00,002245,预测中,已明说不会亏,预告,2023年度业绩预告（预减）,2024-01-31 00:00:00,False,0.243209,True
2024-01-31 00:00:00,002248,预测中,已明说会亏,预告,2023年度业绩预告（首亏）,2024-01-31 00:00:00,False,0.07666,True
2024-01-31 00:00:00,002251,预测中,已明说会亏,预告,2023年度业绩预告（减亏）,2024-01-31 00:00:00,True,0.627182,True
2024-01-31 00:00:00,002253,预测中,已明说会亏,预告,2023年度业绩预告（增亏）,2024-01-31 00:00:00,False,0.223836,True
2024-01-31 00:00:00,002259,预测中,已明说会亏,预告,2023年度业绩预告（减亏）,2024-01-31 00:00:00,False,0.08821,True
2024-01-31 00:00:00,002261,预测中,已明说不会亏,预告,2023年度业绩预告（扭亏）,2024-01-31 00:00:00,False,0.243634,True
2024-01-31 00:00:00,002263,预测中,已明说不会亏,预告,2023年度业绩预告（预减）,2024-01-31 00:00:00,False,0.071988,True
2024-01-31 00:00:00,002272,预测中,已明说会亏,预告,2023年度业绩预告（首亏）,2024-01-31 00:00:00,False,0.291244,True
2024-01-31 00:00:00,002285,预测中,已明说会亏,预告,2023年度业绩预告（减亏）,2024-01-31 00:00:00,True,0.461658,True
2024-01-31 00:00:00,002289,预测中,已明说不会亏,预告,2023年度业绩预告（扭亏）,2024-01-31 00:00:00,True,0.574,True
2024-01-31 00:00:00,002291,预测中,已明说会亏,预告,2023年度业绩预告（增亏）,2024-01-31 00:00:00,True,0.545141,True
2024-01-31 00:00:00,002292,预测中,已明说不会亏,预告,2023年度业绩预告（扭亏）,2024-01-31 00:00:00,False,0.40905,True
2024-01-31 00:00:00,002298,预测中,已明说会亏,预告,2023年度业绩预告（减亏）,2024-01-31 00:00:00,True,0.457119,True
2024-01-31 00:00:00,002305,预测中,已明说会亏,预告,2023年度业绩预告（增亏）,2024-01-31 00:00:00,True,0.503505,True
2024-01-31 00:00:00,002306,预测中,已明说会亏,预告,2023年度业绩预告（增亏）,2024-01-31 00:00:00,True,0.719409,True
2024-01-31 00:00:00,002313,预测中,已明说会亏,预告,2023年度业绩预告（减亏）,2024-01-31 00:00:00,True,0.717158,True
2024-01-31 00:00:00,002316,预测中,已明说会亏,预告,2023年度业绩预告（减亏）,2024-01-31 00:00:00,False,0.283864,True
2024-01-31 00:00:00,002319,预测中,已明说不会亏,预告,2023年度业绩预告（扭亏）,2024-01-31 00:00:00,False,0.248519,True
2024-01-31 00:00:00,002321,预测中,已明说会亏,预告,2023年度业绩预告（减亏）,2024-01-31 00:00:00,False,0.3572,True
2024-01-31 00:00:00,002323,预测中,已明说会亏,预告,2023年度业绩预告（首亏）,2024-01-31 00:00:00,False,0.14057,True
2024-01-31 00:00:00,002329,预测中,已明说不会亏,预告,2023年度业绩预告（预增）,2024-01-31 00:00:00,False,0.383601,True
2024-01-31 00:00:00,002331,预测中,已明说会亏,预告,2023年度业绩预告（减亏）,2024-01-31 00:00:00,True,0.579901,True
2024-01-31 00:00:00,002335,预测中,已明说不会亏,预告,2023年度业绩预告（预增）,2024-01-31 00:00:00,False,0.039188,True
2024-01-31 00:00:00,002342,预测中,已明说会亏,预告,2023年度业绩预告（首亏）,2024-01-31 00:00:00,False,0.422048,True
2024-01-31 00:00:00,002348,预测中,已明说会亏,预告,2023年度业绩预告（减亏）,2024-01-31 00:00:00,True,0.826269,True
2024-01-31 00:00:00,002350,预测中,已明说会亏,预告,2023年度业绩预告（首亏）,2024-01-31 00:00:00,False,0.366493,True
2024-01-31 00:00:00,002354,预测中,已明说会亏,预告,2023年度业绩预告（增亏）,2024-01-31 00:00:00,False,0.347538,True
2024-01-31 00:00:00,002355,预测中,已明说会亏,预告,2023年度业绩预告（减亏）,2024-01-31 00:00:00,False,0.445388,True
2024-01-31 00:00:00,002356,预测中,已明说会亏,预告,2023年度业绩预告（减亏）,2024-01-31 00:00:00,False,0.164396,True
2024-01-31 00:00:00,002362,预测中,已明说会亏,预告,2023年度业绩预告（续亏）,2024-01-31 00:00:00,False,0.378718,True
2024-01-31 00:00:00,002364,预测中,已明说不会亏,预告,2023年度业绩预告（扭亏）,2024-01-31 00:00:00,False,0.122168,True
2024-01-31 00:00:00,002365,预测中,已明说会亏,预告,2023年度业绩预告（首亏）,2024-01-31 00:00:00,False,0.099133,True
2024-01-31 00:00:00,002369,预测中,已明说会亏,预告,2023年度业绩预告（增亏）,2024-01-31 00:00:00,True,0.754769,True
2024-01-31 00:00:00,002374,预测中,已明说会亏,预告,2023年度业绩预告（减亏）,2024-01-31 00:00:00,True,0.496275,True
2024-01-31 00:00:00,002377,预测中,已明说会亏,预告,2023年度业绩预告（减亏）,2024-01-31 00:00:00,True,0.548682,True
2024-01-31 00:00:00,002379,预测中,已明说会亏,预告,2023年度业绩预告（首亏）,2024-01-31 00:00:00,False,0.425426,True
2024-01-31 00:00:00,002382,预测中,已明说会亏,预告,2023年度业绩预告（增亏）,2024-01-31 00:00:00,False,0.405748,True
2024-01-31 00:00:00,002385,预测中,已明说会亏,预告,2023年度业绩预告（首亏）,2024-01-31 00:00:00,False,0.290121,True
2024-01-31 00:00:00,002386,预测中,已明说不会亏,预告,2023年度业绩预告（预减）,2024-01-31 00:00:00,False,0.053195,True
2024-01-31 00:00:00,002387,预测中,已明说会亏,预告,2023年度业绩预告（增亏）,2024-01-31 00:00:00,True,0.653791,True
2024-01-31 00:00:00,002389,预测中,已明说不会亏,预告,2023年度业绩预告（预减）,2024-01-31 00:00:00,False,0.050277,True
2024-01-31 00:00:00,002391,预测中,已明说不会亏,预告,2023年度业绩预告（预减）,2024-01-31 00:00:00,False,0.023803,True
2024-01-31 00:00:00,002397,预测中,已明说不会亏,预告,2023年度业绩预告（扭亏）,2024-01-31 00:00:00,False,0.242899,True
2024-01-31 00:00:00,002399,预测中,已明说会亏,预告,2023年度业绩预告（首亏）,2024-01-31 00:00:00,False,0.149409,True
2024-01-31 00:00:00,002403,预测中,已明说会亏,预告,2023年度业绩预告（增亏）,2024-01-31 00:00:00,True,0.708796,True
2024-01-31 00:00:00,002408,预测中,已明说会亏,预告,2023年度业绩预告（首亏）,2024-01-31 00:00:00,False,0.149582,True
2024-01-31 00:00:00,002413,预测中,已明说会亏,预告,2023年度业绩预告（减亏）,2024-01-31 00:00:00,False,0.435881,True
2024-01-31 00:00:00,002414,预测中,已明说不会亏,预告,2023年度业绩预告（预减）,2024-01-31 00:00:00,False,0.148416,True
2024-01-31 00:00:00,002425,预测中,已明说会亏,预告,2023年度业绩预告（增亏）,2024-01-31 00:00:00,True,0.750277,True
2024-01-31 00:00:00,002426,预测中,已明说会亏,预告,2023年度业绩预告（增亏）,2024-01-31 00:00:00,True,0.72943,True
2024-01-31 00:00:00,002427,预测中,已明说会亏,预告,2023年度业绩预告（首亏）,2024-01-31 00:00:00,False,0.300796,True
2024-01-31 00:00:00,002428,预测中,已明说不会亏,预告,2023年度业绩预告（扭亏）,2024-01-31 00:00:00,False,0.191956,True
2024-01-31 00:00:00,002440,预测中,已明说不会亏,预告,2023年度业绩预告（预减）,2024-01-31 00:00:00,False,0.04928,True
2024-01-31 00:00:00,002455,预测中,已明说会亏,预告,2023年度业绩预告（首亏）,2024-01-31 00:00:00,False,0.153778,True
2024-01-31 00:00:00,002457,预测中,已明说不会亏,预告,2023年度业绩预告（预减）,2024-01-31 00:00:00,False,0.174296,True
2024-01-31 00:00:00,002460,预测中,已明说不会亏,预告,2023年度业绩预告（预减）,2024-01-31 00:00:00,False,0.024352,True
2024-01-31 00:00:00,002466,预测中,已明说不会亏,预告,2023年度业绩预告（预减）,2024-01-31 00:00:00,False,0.012641,True
2024-01-31 00:00:00,002467,预测中,已明说会亏,预告,2023年度业绩预告（首亏）,2024-01-31 00:00:00,False,0.160554,True
2024-01-31 00:00:00,002470,预测中,已明说会亏,预告,2023年度业绩预告（续亏）,2024-01-31 00:00:00,True,0.474439,True
2024-01-31 00:00:00,002474,预测中,已明说会亏,预告,2023年度业绩预告（首亏）,2024-01-31 00:00:00,True,0.686559,True
2024-01-31 00:00:00,002476,预测中,已明说不会亏,预告,2023年度业绩预告（预减）,2024-01-31 00:00:00,False,0.2418,True
2024-01-31 00:00:00,002480,预测中,已明说会亏,预告,2023年度业绩预告（减亏）,2024-01-31 00:00:00,True,0.576408,True
2024-01-31 00:00:00,002481,预测中,已明说不会亏,预告,2023年度业绩预告（扭亏）,2024-01-31 00:00:00,True,0.617023,True
2024-01-31 00:00:00,002482,预测中,已明说不会亏,预告,2023年度业绩预告（扭亏）,2024-01-31 00:00:00,True,0.532309,True
2024-01-31 00:00:00,002485,预测中,已明说会亏,预告,2023年度业绩预告（减亏）,2024-01-31 00:00:00,False,0.269476,True
2024-01-31 00:00:00,002489,预测中,已明说不会亏,预告,2023年度业绩预告（预减）,2024-01-31 00:00:00,False,0.026582,True
2024-01-31 00:00:00,002490,预测中,已明说会亏,预告,2023年度业绩预告（续亏）,2024-01-31 00:00:00,True,0.708796,True
2024-01-31 00:00:00,002491,预测中,已明说不会亏,预告,2023年度业绩预告（预增）,2024-01-31 00:00:00,False,0.034456,True
2024-01-31 00:00:00,002494,预测中,已明说会亏,预告,2023年度业绩预告（减亏）,2024-01-31 00:00:00,True,0.549658,True
2024-01-31 00:00:00,002495,预测中,已明说会亏,预告,2023年度业绩预告（减亏）,2024-01-31 00:00:00,False,0.382435,True
2024-01-31 00:00:00,002497,预测中,已明说不会亏,预告,2023年度业绩预告（预减）,2024-01-31 00:00:00,False,0.006992,True
2024-01-31 00:00:00,002501,预测中,已明说会亏,预告,2023年度业绩预告（减亏）,2024-01-31 00:00:00,True,0.50983,True
2024-01-31 00:00:00,002506,预测中,已明说不会亏,预告,2023年度业绩预告（预增）,2024-01-31 00:00:00,False,0.20063,True
2024-01-31 00:00:00,002512,预测中,已明说会亏,预告,2023年度业绩预告（减亏）,2024-01-31 00:00:00,False,0.152491,True
2024-01-31 00:00:00,002513,预测中,已明说会亏,预告,2023年度业绩预告（续亏）,2024-01-31 00:00:00,True,0.569193,True
2024-01-31 00:00:00,002527,预测中,已明说会亏,预告,2023年度业绩预告（减亏）,2024-01-31 00:00:00,False,0.161602,True
2024-01-31 00:00:00,002528,预测中,已明说会亏,预告,2023年度业绩预告（减亏）,2024-01-31 00:00:00,True,0.528913,True
2024-01-31 00:00:00,002530,预测中,已明说会亏,预告,2023年度业绩预告（减亏）,2024-01-31 00:00:00,False,0.216062,True
2024-01-31 00:00:00,002534,预测中,已明说不会亏,预告,2023年度业绩预告（预减）,2024-01-31 00:00:00,False,0.107737,True
2024-01-31 00:00:00,002542,预测中,已明说会亏,预告,2023年度业绩预告（续亏）,2024-01-31 00:00:00,True,0.663266,True
2024-01-31 00:00:00,002547,预测中,已明说会亏,预告,2023年度业绩预告（增亏）,2024-01-31 00:00:00,True,0.534281,True
2024-01-31 00:00:00,002548,预测中,已明说会亏,预告,2023年度业绩预告（首亏）,2024-01-31 00:00:00,True,0.516018,True
2024-01-31 00:00:00,002552,预测中,已明说不会亏,预告,2023年度业绩预告（预增）,2024-01-31 00:00:00,False,0.129027,True
2024-01-31 00:00:00,002556,预测中,已明说不会亏,预告,2023年度业绩预告（预减）,2024-01-31 00:00:00,False,0.011252,True
2024-01-31 00:00:00,002562,预测中,已明说会亏,预告,2023年度业绩预告（首亏）,2024-01-31 00:00:00,False,0.10453,True
2024-01-31 00:00:00,002564,预测中,已明说不会亏,预告,2023年度业绩预告（扭亏）,2024-01-31 00:00:00,True,0.672162,True
2024-01-31 00:00:00,002565,预测中,已明说不会亏,预告,2023年度业绩预告（扭亏）,2024-01-31 00:00:00,False,0.073763,True
2024-01-31 00:00:00,002567,预测中,已明说会亏,预告,2023年度业绩预告（首亏）,2024-01-31 00:00:00,False,0.448233,True
2024-01-31 00:00:00,002569,预测中,已明说会亏,预告,2023年度业绩预告（续亏）,2024-01-31 00:00:00,False,0.436483,True
2024-01-31 00:00:00,002570,预测中,已明说不会亏,预告,2023年度业绩预告（扭亏）,2024-01-31 00:00:00,False,0.249226,True
2024-01-31 00:00:00,002571,预测中,已明说会亏,预告,2023年度业绩预告（续亏）,2024-01-31 00:00:00,True,0.511331,True
2024-01-31 00:00:00,002578,预测中,已明说不会亏,预告,2023年度业绩预告（预减）,2024-01-31 00:00:00,False,0.159432,True
2024-01-31 00:00:00,002581,预测中,已明说会亏,预告,2023年度业绩预告（增亏）,2024-01-31 00:00:00,True,0.666047,True
2024-01-31 00:00:00,002582,预测中,已明说会亏,预告,2023年度业绩预告（减亏）,2024-01-31 00:00:00,False,0.139492,True
2024-01-31 00:00:00,002584,预测中,已明说不会亏,预告,2023年度业绩预告（预减）,2024-01-31 00:00:00,False,0.194448,True
2024-01-31 00:00:00,002585,预测中,已明说会亏,预告,2023年度业绩预告（首亏）,2024-01-31 00:00:00,False,0.118744,True
2024-01-31 00:00:00,002589,预测中,已明说不会亏,预告,2023年度业绩预告（扭亏）,2024-01-31 00:00:00,False,0.3345,True
2024-01-31 00:00:00,002591,预测中,已明说会亏,预告,2023年度业绩预告（减亏）,2024-01-31 00:00:00,False,0.420918,True
2024-01-31 00:00:00,002596,预测中,已明说会亏,预告,2023年度业绩预告（续亏）,2024-01-31 00:00:00,True,0.474295,True
2024-01-31 00:00:00,002602,预测中,已明说不会亏,预告,2023年度业绩预告（扭亏）,2024-01-31 00:00:00,False,0.182986,True
2024-01-31 00:00:00,002607,预测中,已明说会亏,预告,2023年度业绩预告（减亏）,2024-01-31 00:00:00,False,0.359006,True
2024-01-31 00:00:00,002617,预测中,已明说不会亏,预告,2023年度业绩预告（扭亏）,2024-01-31 00:00:00,False,0.107774,True
2024-01-31 00:00:00,002620,预测中,已明说会亏,预告,2023年度业绩预告（首亏）,2024-01-31 00:00:00,True,0.665766,True
2024-01-31 00:00:00,002622,预测中,已明说会亏,预告,2023年度业绩预告（减亏）,2024-01-31 00:00:00,False,0.447512,True
2024-01-31 00:00:00,002631,预测中,已明说不会亏,预告,2023年度业绩预告（扭亏）,2024-01-31 00:00:00,False,0.279208,True
2024-01-31 00:00:00,002634,预测中,已明说会亏,预告,2023年度业绩预告（首亏）,2024-01-31 00:00:00,False,0.143169,True
2024-01-31 00:00:00,002635,预测中,已明说不会亏,预告,2023年度业绩预告（预增）,2024-01-31 00:00:00,False,0.121411,True
2024-01-31 00:00:00,002636,预测中,已明说会亏,预告,2023年度业绩预告（首亏）,2024-01-31 00:00:00,False,0.072155,True
2024-01-31 00:00:00,002637,预测中,已明说不会亏,预告,2023年度业绩预告（扭亏）,2024-01-31 00:00:00,False,0.218215,True
2024-01-31 00:00:00,002638,预测中,已明说会亏,预告,2023年度业绩预告（首亏）,2024-01-31 00:00:00,False,0.075573,True
2024-01-31 00:00:00,002640,预测中,已明说会亏,预告,2023年度业绩预告（首亏）,2024-01-31 00:00:00,True,0.527998,True
2024-01-31 00:00:00,002642,预测中,已明说会亏,预告,2023年度业绩预告（首亏）,2024-01-31 00:00:00,False,0.309261,True
2024-01-31 00:00:00,002645,预测中,已明说会亏,预告,2023年度业绩预告（首亏）,2024-01-31 00:00:00,False,0.186002,True
2024-01-31 00:00:00,002647,预测中,已明说会亏,预告,2023年度业绩预告（增亏）,2024-01-31 00:00:00,True,0.7237,True
2024-01-31 00:00:00,002650,预测中,已明说会亏,预告,2023年度业绩预告（增亏）,2024-01-31 00:00:00,False,0.122609,True
2024-01-31 00:00:00,002654,预测中,已明说不会亏,预告,2023年度业绩预告（扭亏）,2024-01-31 00:00:00,True,0.731341,True
2024-01-31 00:00:00,002656,预测中,已明说会亏,预告,2023年度业绩预告（增亏）,2024-01-31 00:00:00,True,0.791723,True
2024-01-31 00:00:00,002659,预测中,已明说会亏,预告,2023年度业绩预告（减亏）,2024-01-31 00:00:00,True,0.578873,True
2024-01-31 00:00:00,002670,预测中,已明说会亏,预告,2023年度业绩预告（减亏）,2024-01-31 00:00:00,False,0.066444,True
2024-01-31 00:00:00,002678,预测中,已明说不会亏,预告,2023年度业绩预告（预减）,2024-01-31 00:00:00,False,0.260789,True
2024-01-31 00:00:00,002682,预测中,已明说会亏,预告,2023年度业绩预告（增亏）,2024-01-31 00:00:00,True,0.698115,True
2024-01-31 00:00:00,002685,预测中,已明说会亏,预告,2023年度业绩预告（增亏）,2024-01-31 00:00:00,False,0.12701,True
2024-01-31 00:00:00,002691,预测中,已明说会亏,预告,2023年度业绩预告（首亏）,2024-01-31 00:00:00,False,0.310087,True
2024-01-31 00:00:00,002693,预测中,已明说会亏,预告,2023年度业绩预告（首亏）,2024-01-31 00:00:00,False,0.365166,True
2024-01-31 00:00:00,002694,预测中,已明说不会亏,预告,2023年度业绩预告（扭亏）,2024-01-31 00:00:00,True,0.649418,True
2024-01-31 00:00:00,002698,预测中,已明说不会亏,预告,2023年度业绩预告（略增）,2024-01-31 00:00:00,False,0.012671,True
2024-01-31 00:00:00,002702,预测中,已明说不会亏,预告,2023年度业绩预告（预减）,2024-01-31 00:00:00,False,0.06705,True
2024-01-31 00:00:00,002707,预测中,已明说不会亏,预告,2023年度业绩预告（扭亏）,2024-01-31 00:00:00,True,0.754788,True
2024-01-31 00:00:00,002708,预测中,已明说会亏,预告,2023年度业绩预告（减亏）,2024-01-31 00:00:00,True,0.566475,True
2024-01-31 00:00:00,002709,预测中,已明说不会亏,预告,2023年度业绩预告（预减）,2024-01-31 00:00:00,False,0.015684,True
2024-01-31 00:00:00,002712,预测中,已明说会亏,预告,2023年度业绩预告（减亏）,2024-01-31 00:00:00,True,0.504871,True
2024-01-31 00:00:00,002714,预测中,已明说会亏,预告,2023年度业绩预告（首亏）,2024-01-31 00:00:00,False,0.210601,True
2024-01-31 00:00:00,002716,预测中,已明说会亏,预告,2023年度业绩预告（减亏）,2024-01-31 00:00:00,False,0.173567,True
2024-01-31 00:00:00,002717,预测中,已明说会亏,预告,2023年度业绩预告（减亏）,2024-01-31 00:00:00,True,0.635883,True
2024-01-31 00:00:00,002719,预测中,已明说会亏,预告,2023年度业绩预告（减亏）,2024-01-31 00:00:00,True,0.529202,True
2024-01-31 00:00:00,002721,预测中,已明说不会亏,预告,2023年度业绩预告（扭亏）,2024-01-31 00:00:00,False,0.435213,True
2024-01-31 00:00:00,002724,预测中,已明说不会亏,预告,2023年度业绩预告（预减）,2024-01-31 00:00:00,False,0.282894,True
2024-01-31 00:00:00,002725,预测中,已明说会亏,预告,2023年度业绩预告（首亏）,2024-01-31 00:00:00,True,0.561096,True
2024-01-31 00:00:00,002726,预测中,已明说会亏,预告,2023年度业绩预告（首亏）,2024-01-31 00:00:00,False,0.253097,True
2024-01-31 00:00:00,002729,预测中,已明说不会亏,预告,2023年度业绩预告（预减）,2024-01-31 00:00:00,False,0.025449,True
2024-01-31 00:00:00,002731,预测中,已明说不会亏,预告,2023年度业绩预告（预增）,2024-01-31 00:00:00,False,0.115236,True
2024-01-31 00:00:00,002734,预测中,已明说不会亏,预告,2023年度业绩预告（预减）,2024-01-31 00:00:00,False,0.023642,True
2024-01-31 00:00:00,002739,预测中,已明说不会亏,预告,2023年度业绩预告（扭亏）,2024-01-31 00:00:00,False,0.278995,True
2024-01-31 00:00:00,002741,预测中,已明说会亏,预告,2023年度业绩预告（首亏）,2024-01-31 00:00:00,False,0.313948,True
2024-01-31 00:00:00,002742,预测中,已明说会亏,预告,2023年度业绩预告（增亏）,2024-01-31 00:00:00,True,0.799246,True
2024-01-31 00:00:00,002746,预测中,已明说不会亏,预告,2023年度业绩预告（预增）,2024-01-31 00:00:00,False,0.099092,True
2024-01-31 00:00:00,002748,预测中,已明说不会亏,预告,2023年度业绩预告（预减）,2024-01-31 00:00:00,False,0.020214,True
2024-01-31 00:00:00,002753,预测中,已明说不会亏,预告,2023年度业绩预告（预增）,2024-01-31 00:00:00,False,0.156885,True
2024-01-31 00:00:00,002755,预测中,已明说会亏,预告,2023年度业绩预告（减亏）,2024-01-31 00:00:00,True,0.774017,True
2024-01-31 00:00:00,002759,预测中,已明说不会亏,预告,2023年度业绩预告（预减）,2024-01-31 00:00:00,False,0.066988,True
2024-01-31 00:00:00,002761,预测中,已明说不会亏,预告,2023年度业绩预告（预减）,2024-01-31 00:00:00,False,0.009675,True
2024-01-31 00:00:00,002769,预测中,已明说会亏,预告,2023年度业绩预告（续亏）,2024-01-31 00:00:00,True,0.480141,True
2024-01-31 00:00:00,002771,预测中,已明说会亏,预告,2023年度业绩预告（首亏）,2024-01-31 00:00:00,False,0.362638,True
2024-01-31 00:00:00,002775,预测中,已明说会亏,预告,2023年度业绩预告（减亏）,2024-01-31 00:00:00,True,0.530132,True
2024-01-31 00:00:00,002778,预测中,已明说会亏,预告,2023年度业绩预告（增亏）,2024-01-31 00:00:00,False,0.239419,True
2024-01-31 00:00:00,002779,预测中,已明说不会亏,预告,2023年度业绩预告（预增）,2024-01-31 00:00:00,False,0.052707,True
2024-01-31 00:00:00,002780,预测中,已明说不会亏,预告,2023年度业绩预告（扭亏）,2024-01-31 00:00:00,False,0.357485,True
2024-01-31 00:00:00,002785,预测中,已明说会亏,预告,2023年度业绩预告（增亏）,2024-01-31 00:00:00,True,0.461131,True
2024-01-31 00:00:00,002786,预测中,已明说不会亏,预告,2023年度业绩预告（扭亏）,2024-01-31 00:00:00,True,0.613366,True
2024-01-31 00:00:00,002789,预测中,已明说会亏,预告,2023年度业绩预告（首亏）,2024-01-31 00:00:00,False,0.185134,True
2024-01-31 00:00:00,002793,预测中,已明说会亏,预告,2023年度业绩预告（减亏）,2024-01-31 00:00:00,True,0.876852,True
2024-01-31 00:00:00,002795,预测中,已明说会亏,预告,2023年度业绩预告（增亏）,2024-01-31 00:00:00,False,0.35868,True
2024-01-31 00:00:00,002796,预测中,已明说会亏,预告,2023年度业绩预告（减亏）,2024-01-31 00:00:00,False,0.237018,True
2024-01-31 00:00:00,002798,预测中,已明说会亏,预告,2023年度业绩预告（减亏）,2024-01-31 00:00:00,True,0.562644,True
2024-01-31 00:00:00,002799,预测中,已明说会亏,预告,2023年度业绩预告（首亏）,2024-01-31 00:00:00,False,0.025696,True
2024-01-31 00:00:00,002800,预测中,已明说会亏,预告,2023年度业绩预告（首亏）,2024-01-31 00:00:00,False,0.453994,True
2024-01-31 00:00:00,002805,预测中,已明说会亏,预告,2023年度业绩预告（首亏）,2024-01-31 00:00:00,False,0.442874,True
2024-01-31 00:00:00,002811,预测中,已明说会亏,预告,2023年度业绩预告（减亏）,2024-01-31 00:00:00,False,0.256335,True
2024-01-31 00:00:00,002816,预测中,已明说会亏,预告,2023年度业绩预告（减亏）,2024-01-31 00:00:00,True,0.504231,True
2024-01-31 00:00:00,002822,预测中,已明说会亏,预告,2023年度业绩预告（首亏）,2024-01-31 00:00:00,True,0.620131,True
2024-01-31 00:00:00,002823,预测中,已明说不会亏,预告,2023年度业绩预告（预增）,2024-01-31 00:00:00,False,0.219381,True
2024-01-31 00:00:00,002828,预测中,已明说不会亏,预告,2023年度业绩预告（扭亏）,2024-01-31 00:00:00,False,0.24525,True
2024-01-31 00:00:00,002829,预测中,已明说不会亏,预告,2023年度业绩预告（预减）,2024-01-31 00:00:00,False,0.009641,True
2024-01-31 00:00:00,002840,预测中,已明说会亏,预告,2023年度业绩预告（首亏）,2024-01-31 00:00:00,False,0.432016,True
2024-01-31 00:00:00,002842,预测中,已明说会亏,预告,2023年度业绩预告（增亏）,2024-01-31 00:00:00,False,0.123532,True
2024-01-31 00:00:00,002846,预测中,已明说不会亏,预告,2023年度业绩预告（扭亏）,2024-01-31 00:00:00,False,0.172926,True
2024-01-31 00:00:00,002855,预测中,已明说会亏,预告,2023年度业绩预告（减亏）,2024-01-31 00:00:00,True,0.678748,True
2024-01-31 00:00:00,002856,预测中,已明说会亏,预告,2023年度业绩预告（续亏）,2024-01-31 00:00:00,True,0.569345,True
2024-01-31 00:00:00,002857,预测中,已明说不会亏,预告,2023年度业绩预告（预减）,2024-01-31 00:00:00,False,0.115341,True
2024-01-31 00:00:00,002862,预测中,已明说会亏,预告,2023年度业绩预告（增亏）,2024-01-31 00:00:00,True,0.455824,True
2024-01-31 00:00:00,002866,预测中,已明说不会亏,预告,2023年度业绩预告（预减）,2024-01-31 00:00:00,False,0.046312,True
2024-01-31 00:00:00,002871,预测中,已明说不会亏,预告,2023年度业绩预告（略减）,2024-01-31 00:00:00,False,0.007573,True
2024-01-31 00:00:00,002872,预测中,已明说会亏,预告,2023年度业绩预告（续亏）,2024-01-31 00:00:00,True,0.577282,True
2024-01-31 00:00:00,002875,预测中,已明说会亏,预告,2023年度业绩预告（减亏）,2024-01-31 00:00:00,True,0.69133,True
2024-01-31 00:00:00,002876,预测中,已明说不会亏,预告,2023年度业绩预告（预减）,2024-01-31 00:00:00,False,0.0837,True
2024-01-31 00:00:00,002878,预测中,已明说不会亏,预告,2023年度业绩预告（预减）,2024-01-31 00:00:00,False,0.25797,True
2024-01-31 00:00:00,002885,预测中,已明说不会亏,预告,2023年度业绩预告（预减）,2024-01-31 00:00:00,False,0.006895,True
2024-01-31 00:00:00,002886,预测中,已明说不会亏,预告,2023年度业绩预告（预减）,2024-01-31 00:00:00,False,0.101822,True
2024-01-31 00:00:00,002891,预测中,已明说不会亏,预告,2023年度业绩预告（预增）,2024-01-31 00:00:00,False,0.174956,True
2024-01-31 00:00:00,002893,预测中,已明说不会亏,预告,2023年度业绩预告（预增）,2024-01-31 00:00:00,False,0.033027,True
2024-01-31 00:00:00,002905,预测中,已明说不会亏,预告,2023年度业绩预告（扭亏）,2024-01-31 00:00:00,False,0.447984,True
2024-01-31 00:00:00,002907,预测中,已明说不会亏,预告,2023年度业绩预告（预减）,2024-01-31 00:00:00,False,0.026037,True
2024-01-31 00:00:00,002910,预测中,已明说会亏,预告,2023年度业绩预告（首亏）,2024-01-31 00:00:00,False,0.081462,True
2024-01-31 00:00:00,002913,预测中,已明说不会亏,预告,2023年度业绩预告（预增）,2024-01-31 00:00:00,False,0.015223,True
2024-01-31 00:00:00,002915,预测中,已明说会亏,预告,2023年度业绩预告（首亏）,2024-01-31 00:00:00,False,0.026085,True
2024-01-31 00:00:00,002923,预测中,已明说不会亏,预告,2023年度业绩预告（预减）,2024-01-31 00:00:00,False,0.008334,True
2024-01-31 00:00:00,002928,预测中,已明说会亏,预告,2023年度业绩预告（减亏）,2024-01-31 00:00:00,True,0.857296,True
2024-01-31 00:00:00,002931,预测中,已明说会亏,预告,2023年度业绩预告（首亏）,2024-01-31 00:00:00,False,0.165664,True
2024-01-31 00:00:00,002932,预测中,已明说不会亏,预告,2023年度业绩预告（预减）,2024-01-31 00:00:00,False,0.022934,True
2024-01-31 00:00:00,002950,预测中,已明说不会亏,预告,2023年度业绩预告（预减）,2024-01-31 00:00:00,False,0.010303,True
2024-01-31 00:00:00,002968,预测中,已明说不会亏,预告,2023年度业绩预告（略减）,2024-01-31 00:00:00,False,0.00858,True
2024-01-31 00:00:00,002975,预测中,已明说会亏,预告,2023年度业绩预告（首亏）,2024-01-31 00:00:00,False,0.31698,True
2024-01-31 00:00:00,002989,预测中,已明说不会亏,预告,2023年度业绩预告（预减）,2024-01-31 00:00:00,False,0.171276,True
2024-01-31 00:00:00,002990,预测中,已明说不会亏,预告,2023年度业绩预告（预增）,2024-01-31 00:00:00,False,0.080385,True
2024-01-31 00:00:00,002992,预测中,已明说会亏,预告,2023年度业绩预告（减亏）,2024-01-31 00:00:00,True,0.618173,True
2024-01-31 00:00:00,002995,预测中,已明说会亏,预告,2023年度业绩预告（首亏）,2024-01-31 00:00:00,True,0.53261,True
2024-01-31 00:00:00,002997,预测中,已明说不会亏,预告,2023年度业绩预告（预增）,2024-01-31 00:00:00,False,0.014012,True
2024-01-31 00:00:00,003011,预测中,已明说不会亏,预告,2023年度业绩预告（预减）,2024-01-31 00:00:00,False,0.023779,True
2024-01-31 00:00:00,003026,预测中,已明说会亏,预告,2023年度业绩预告（首亏）,2024-01-31 00:00:00,False,0.087997,True
2024-01-31 00:00:00,003027,预测中,已明说不会亏,预告,2023年度业绩预告（预减）,2024-01-31 00:00:00,False,0.024824,True
2024-01-31 00:00:00,003029,预测中,已明说会亏,预告,2023年度业绩预告（增亏）,2024-01-31 00:00:00,False,0.116048,True
2024-01-31 00:00:00,003042,预测中,已明说会亏,预告,2023年度业绩预告（首亏）,2024-01-31 00:00:00,False,0.129828,True
2024-01-31 00:00:00,300004,预测中,已明说会亏,预告,2023年度业绩预告（首亏）,2024-01-31 00:00:00,False,0.337269,True
2024-01-31 00:00:00,300006,预测中,已明说会亏,预告,2023年度业绩预告（减亏）,2024-01-31 00:00:00,True,0.468692,True
2024-01-31 00:00:00,300009,预测中,已明说不会亏,预告,2023年度业绩预告（略增）,2024-01-31 00:00:00,False,0.00988,True
2024-01-31 00:00:00,300021,预测中,已明说不会亏,预告,2023年度业绩预告（预减）,2024-01-31 00:00:00,False,0.169864,True
2024-01-31 00:00:00,300032,预测中,已明说会亏,预告,2023年度业绩预告（首亏）,2024-01-31 00:00:00,False,0.139417,True
2024-01-31 00:00:00,300035,预测中,已明说不会亏,预告,2023年度业绩预告（预减）,2024-01-31 00:00:00,True,0.527292,True
2024-01-31 00:00:00,300037,预测中,已明说不会亏,预告,2023年度业绩预告（略减）,2024-01-31 00:00:00,False,0.009591,True
2024-01-31 00:00:00,300051,预测中,已明说会亏,预告,2023年度业绩预告（增亏）,2024-01-31 00:00:00,False,0.39353,True
2024-01-31 00:00:00,300055,预测中,已明说会亏,预告,2023年度业绩预告（首亏）,2024-01-31 00:00:00,False,0.130817,True
2024-01-31 00:00:00,300056,预测中,已明说会亏,预告,2023年度业绩预告（增亏）,2024-01-31 00:00:00,True,0.661065,True
2024-01-31 00:00:00,300057,预测中,已明说会亏,预告,2023年度业绩预告（首亏）,2024-01-31 00:00:00,False,0.121604,True
2024-01-31 00:00:00,300068,预测中,已明说不会亏,预告,2023年度业绩预告（预减）,2024-01-31 00:00:00,False,0.050827,True
2024-01-31 00:00:00,300072,预测中,已明说会亏,预告,2023年度业绩预告（减亏）,2024-01-31 00:00:00,True,0.500593,True
2024-01-31 00:00:00,300084,预测中,已明说不会亏,预告,2023年度业绩预告（预增）,2024-01-31 00:00:00,True,0.605225,True
2024-01-31 00:00:00,300120,预测中,已明说会亏,预告,2023年度业绩预告（首亏）,2024-01-31 00:00:00,False,0.355107,True
2024-01-31 00:00:00,300128,预测中,已明说会亏,预告,2023年度业绩预告（续亏）,2024-01-31 00:00:00,True,0.736147,True
2024-01-31 00:00:00,300151,预测中,已明说不会亏,预告,2023年度业绩预告（预减）,2024-01-31 00:00:00,False,0.034303,True
2024-01-31 00:00:00,300152,预测中,已明说会亏,预告,2023年度业绩预告（减亏）,2024-01-31 00:00:00,False,0.157599,True
2024-01-31 00:00:00,300175,预测中,已明说会亏,预告,2023年度业绩预告（增亏）,2024-01-31 00:00:00,False,0.391203,True
2024-01-31 00:00:00,300177,预测中,已明说会亏,预告,2023年度业绩预告（增亏）,2024-01-31 00:00:00,True,0.650676,True
2024-01-31 00:00:00,300184,预测中,已明说不会亏,预告,2023年度业绩预告（预减）,2024-01-31 00:00:00,False,0.092095,True
2024-01-31 00:00:00,300188,预测中,已明说会亏,预告,2023年度业绩预告（首亏）,2024-01-31 00:00:00,False,0.175275,True
2024-01-31 00:00:00,300190,预测中,已明说会亏,预告,2023年度业绩预告（减亏）,2024-01-31 00:00:00,False,0.392944,True
2024-01-31 00:00:00,300197,预测中,已明说会亏,预告,2023年度业绩预告（增亏）,2024-01-31 00:00:00,False,0.369947,True
2024-01-31 00:00:00,300199,预测中,已明说会亏,预告,2023年度业绩预告（增亏）,2024-01-31 00:00:00,False,0.409443,True
2024-01-31 00:00:00,300220,预测中,已明说会亏,预告,2023年度业绩预告（减亏）,2024-01-31 00:00:00,True,0.463052,True
2024-01-31 00:00:00,300244,预测中,已明说不会亏,预告,2023年度业绩预告（预减）,2024-01-31 00:00:00,False,0.039979,True
2024-01-31 00:00:00,300249,预测中,已明说会亏,预告,2023年度业绩预告（增亏）,2024-01-31 00:00:00,True,0.730182,True
2024-01-31 00:00:00,300255,预测中,已明说会亏,预告,2023年度业绩预告（首亏）,2024-01-31 00:00:00,True,0.506424,True
2024-01-31 00:00:00,300264,预测中,已明说会亏,预告,2023年度业绩预告（减亏）,2024-01-31 00:00:00,True,0.540738,True
2024-01-31 00:00:00,300265,预测中,已明说不会亏,预告,2023年度业绩预告（预增）,2024-01-31 00:00:00,False,0.021371,True
2024-01-31 00:00:00,300266,预测中,已明说会亏,预告,2023年度业绩预告（增亏）,2024-01-31 00:00:00,True,0.713424,True
2024-01-31 00:00:00,300276,预测中,已明说不会亏,预告,2023年度业绩预告（扭亏）,2024-01-31 00:00:00,False,0.210749,True
2024-01-31 00:00:00,300287,预测中,已明说会亏,预告,2023年度业绩预告（减亏）,2024-01-31 00:00:00,True,0.497374,True
2024-01-31 00:00:00,300291,预测中,已明说会亏,预告,2023年度业绩预告（首亏）,2024-01-31 00:00:00,True,0.700144,True
2024-01-31 00:00:00,300295,预测中,已明说会亏,预告,2023年度业绩预告（首亏）,2024-01-31 00:00:00,False,0.03882,True
2024-01-31 00:00:00,300299,预测中,已明说不会亏,预告,2023年度业绩预告（预减）,2024-01-31 00:00:00,False,0.311862,True
2024-01-31 00:00:00,300301,预测中,已明说会亏,预告,2023年度业绩预告（减亏）,2024-01-31 00:00:00,True,0.574834,True
2024-01-31 00:00:00,300313,预测中,已明说会亏,预告,2023年度业绩预告（减亏）,2024-01-31 00:00:00,True,0.502169,True
2024-01-31 00:00:00,300318,预测中,已明说会亏,预告,2023年度业绩预告（减亏）,2024-01-31 00:00:00,False,0.100023,True
2024-01-31 00:00:00,300323,预测中,已明说会亏,预告,2023年度业绩预告（增亏）,2024-01-31 00:00:00,True,0.734982,True
2024-01-31 00:00:00,300343,预测中,已明说不会亏,预告,2023年度业绩预告（预减）,2024-01-31 00:00:00,False,0.028704,True
2024-01-31 00:00:00,300345,预测中,已明说会亏,预告,2023年度业绩预告（增亏）,2024-01-31 00:00:00,False,0.203102,True
2024-01-31 00:00:00,300350,预测中,已明说不会亏,预告,2023年度业绩预告（扭亏）,2024-01-31 00:00:00,True,0.506242,True
2024-01-31 00:00:00,300385,预测中,已明说会亏,预告,2023年度业绩预告（减亏）,2024-01-31 00:00:00,False,0.220114,True
2024-01-31 00:00:00,300390,预测中,已明说不会亏,预告,2023年度业绩预告（预减）,2024-01-31 00:00:00,False,0.00791,True
2024-01-31 00:00:00,300433,预测中,已明说不会亏,预告,2023年度业绩预告（略增）,2024-01-31 00:00:00,False,0.178318,True
2024-01-31 00:00:00,300437,预测中,已明说会亏,预告,2023年度业绩预告（增亏）,2024-01-31 00:00:00,False,0.163501,True
2024-01-31 00:00:00,300444,预测中,已明说不会亏,预告,2023年度业绩预告（扭亏）,2024-01-31 00:00:00,False,0.137969,True
2024-01-31 00:00:00,300445,预测中,已明说不会亏,预告,2023年度业绩预告（略增）,2024-01-31 00:00:00,False,0.011254,True
2024-01-31 00:00:00,300459,预测中,已明说会亏,预告,2023年度业绩预告（首亏）,2024-01-31 00:00:00,False,0.238326,True
2024-01-31 00:00:00,300464,预测中,已明说会亏,预告,2023年度业绩预告（减亏）,2024-01-31 00:00:00,False,0.361955,True
2024-01-31 00:00:00,300466,预测中,已明说会亏,预告,2023年度业绩预告（首亏）,2024-01-31 00:00:00,False,0.20584,True
2024-01-31 00:00:00,300473,预测中,已明说不会亏,预告,2023年度业绩预告（扭亏）,2024-01-31 00:00:00,True,0.513411,True
2024-01-31 00:00:00,300483,预测中,已明说会亏,预告,2023年度业绩预告（首亏）,2024-01-31 00:00:00,False,0.134409,True
2024-01-31 00:00:00,300484,预测中,已明说不会亏,预告,2023年度业绩预告（预减）,2024-01-31 00:00:00,False,0.015161,True
2024-01-31 00:00:00,300492,预测中,已明说会亏,预告,2023年度业绩预告（首亏）,2024-01-31 00:00:00,False,0.219549,True
2024-01-31 00:00:00,300498,预测中,已明说会亏,预告,2023年度业绩预告（首亏）,2024-01-31 00:00:00,True,0.504638,True
2024-01-31 00:00:00,300500,预测中,已明说会亏,预告,2023年度业绩预告（首亏）,2024-01-31 00:00:00,False,0.072948,True
2024-01-31 00:00:00,300503,预测中,已明说会亏,预告,2023年度业绩预告（首亏）,2024-01-31 00:00:00,True,0.461927,True
2024-01-31 00:00:00,300512,预测中,已明说不会亏,预告,2023年度业绩预告（预减）,2024-01-31 00:00:00,False,0.052757,True
2024-01-31 00:00:00,300517,预测中,已明说不会亏,预告,2023年度业绩预告（预减）,2024-01-31 00:00:00,False,0.253397,True
2024-01-31 00:00:00,300520,预测中,已明说会亏,预告,2023年度业绩预告（增亏）,2024-01-31 00:00:00,False,0.300513,True
2024-01-31 00:00:00,300528,预测中,已明说会亏,预告,2023年度业绩预告（减亏）,2024-01-31 00:00:00,True,0.618831,True
2024-01-31 00:00:00,300537,预测中,已明说不会亏,预告,2023年度业绩预告（扭亏）,2024-01-31 00:00:00,False,0.066378,True
2024-01-31 00:00:00,300550,预测中,已明说不会亏,预告,2023年度业绩预告（扭亏）,2024-01-31 00:00:00,False,0.357281,True
2024-01-31 00:00:00,300556,预测中,已明说不会亏,预告,2023年度业绩预告（预减）,2024-01-31 00:00:00,False,0.225526,True
2024-01-31 00:00:00,300576,预测中,已明说不会亏,预告,2023年度业绩预告（预增）,2024-01-31 00:00:00,False,0.010627,True
2024-01-31 00:00:00,300578,预测中,已明说会亏,预告,2023年度业绩预告（首亏）,2024-01-31 00:00:00,False,0.370954,True
2024-01-31 00:00:00,300597,预测中,已明说不会亏,预告,2023年度业绩预告（预减）,2024-01-31 00:00:00,False,0.112716,True
2024-01-31 00:00:00,300600,预测中,已明说会亏,预告,2023年度业绩预告（增亏）,2024-01-31 00:00:00,False,0.425257,True
2024-01-31 00:00:00,300605,预测中,已明说不会亏,预告,2023年度业绩预告（预减）,2024-01-31 00:00:00,False,0.134026,True
2024-01-31 00:00:00,300612,预测中,已明说会亏,预告,2023年度业绩预告（首亏）,2024-01-31 00:00:00,False,0.255227,True
2024-01-31 00:00:00,300626,预测中,已明说会亏,预告,2023年度业绩预告（首亏）,2024-01-31 00:00:00,False,0.433422,True
2024-01-31 00:00:00,300634,预测中,已明说不会亏,预告,2023年度业绩预告（预增）,2024-01-31 00:00:00,False,0.016855,True
2024-01-31 00:00:00,300637,预测中,已明说会亏,预告,2023年度业绩预告（首亏）,2024-01-31 00:00:00,True,0.48626,True
2024-01-31 00:00:00,300641,预测中,已明说不会亏,预告,2023年度业绩预告（预减）,2024-01-31 00:00:00,False,0.050616,True
2024-01-31 00:00:00,300648,预测中,已明说会亏,预告,2023年度业绩预告（首亏）,2024-01-31 00:00:00,True,0.579317,True
2024-01-31 00:00:00,300655,预测中,已明说不会亏,预告,2023年度业绩预告（预减）,2024-01-31 00:00:00,False,0.033071,True
2024-01-31 00:00:00,300657,预测中,已明说会亏,预告,2023年度业绩预告（增亏）,2024-01-31 00:00:00,True,0.608259,True
2024-01-31 00:00:00,300659,预测中,已明说会亏,预告,2023年度业绩预告（减亏）,2024-01-31 00:00:00,True,0.661539,True
2024-01-31 00:00:00,300661,预测中,已明说不会亏,预告,2023年度业绩预告（预减）,2024-01-31 00:00:00,False,0.015596,True
2024-01-31 00:00:00,300666,预测中,已明说不会亏,预告,2023年度业绩预告（略减）,2024-01-31 00:00:00,False,0.009123,True
2024-01-31 00:00:00,300673,预测中,已明说会亏,预告,2023年度业绩预告（首亏）,2024-01-31 00:00:00,False,0.366645,True
2024-01-31 00:00:00,300675,预测中,已明说不会亏,预告,2023年度业绩预告（预减）,2024-01-31 00:00:00,False,0.280228,True
2024-01-31 00:00:00,300684,预测中,已明说不会亏,预告,2023年度业绩预告（预减）,2024-01-31 00:00:00,False,0.011644,True
2024-01-31 00:00:00,300687,预测中,已明说不会亏,预告,2023年度业绩预告（略增）,2024-01-31 00:00:00,False,0.08286,True
2024-01-31 00:00:00,300741,预测中,已明说不会亏,预告,2023年度业绩预告（预减）,2024-01-31 00:00:00,False,0.014887,True
2024-01-31 00:00:00,300745,预测中,已明说会亏,预告,2023年度业绩预告（增亏）,2024-01-31 00:00:00,False,0.28196,True
2024-01-31 00:00:00,300750,预测中,已明说不会亏,预告,2023年度业绩预告（略增）,2024-01-31 00:00:00,False,0.006524,True
2024-01-31 00:00:00,300761,预测中,已明说会亏,预告,2023年度业绩预告（首亏）,2024-01-31 00:00:00,True,0.460068,True
2024-01-31 00:00:00,300766,预测中,已明说会亏,预告,2023年度业绩预告（首亏）,2024-01-31 00:00:00,False,0.186056,True
2024-01-31 00:00:00,300769,预测中,已明说会亏,预告,2023年度业绩预告（首亏）,2024-01-31 00:00:00,False,0.414332,True
2024-01-31 00:00:00,300773,预测中,已明说不会亏,预告,2023年度业绩预告（扭亏）,2024-01-31 00:00:00,False,0.060474,True
2024-01-31 00:00:00,300779,预测中,已明说不会亏,预告,2023年度业绩预告（预增）,2024-01-31 00:00:00,False,0.073855,True
2024-01-31 00:00:00,300785,预测中,已明说不会亏,预告,2023年度业绩预告（略减）,2024-01-31 00:00:00,False,0.066456,True
2024-01-31 00:00:00,300805,预测中,已明说不会亏,预告,2023年度业绩预告（扭亏）,2024-01-31 00:00:00,False,0.423269,True
2024-01-31 00:00:00,300806,预测中,已明说不会亏,预告,2023年度业绩预告（预减）,2024-01-31 00:00:00,False,0.078682,True
2024-01-31 00:00:00,300812,预测中,已明说不会亏,预告,2023年度业绩预告（预减）,2024-01-31 00:00:00,False,0.280899,True
2024-01-31 00:00:00,300814,预测中,已明说不会亏,预告,2023年度业绩预告（预减）,2024-01-31 00:00:00,False,0.012871,True
2024-01-31 00:00:00,300842,预测中,已明说不会亏,预告,2023年度业绩预告（扭亏）,2024-01-31 00:00:00,False,0.16576,True
2024-01-31 00:00:00,300846,预测中,已明说会亏,预告,2023年度业绩预告（增亏）,2024-01-31 00:00:00,True,0.507955,True
2024-01-31 00:00:00,300853,预测中,已明说会亏,预告,2023年度业绩预告（增亏）,2024-01-31 00:00:00,False,0.130097,True
2024-01-31 00:00:00,300854,预测中,已明说不会亏,预告,2023年度业绩预告（预减）,2024-01-31 00:00:00,False,0.157996,True
2024-01-31 00:00:00,300868,预测中,已明说会亏,预告,2023年度业绩预告（减亏）,2024-01-31 00:00:00,True,0.731973,True
2024-01-31 00:00:00,300876,预测中,已明说不会亏,预告,2023年度业绩预告（预减）,2024-01-31 00:00:00,False,0.047481,True
2024-01-31 00:00:00,300879,预测中,已明说会亏,预告,2023年度业绩预告（首亏）,2024-01-31 00:00:00,False,0.160231,True
2024-01-31 00:00:00,300907,预测中,已明说不会亏,预告,2023年度业绩预告（预增）,2024-01-31 00:00:00,False,0.057844,True
2024-01-31 00:00:00,300931,预测中,已明说不会亏,预告,2023年度业绩预告（扭亏）,2024-01-31 00:00:00,False,0.292065,True
2024-01-31 00:00:00,300961,预测中,已明说会亏,预告,2023年度业绩预告（增亏）,2024-01-31 00:00:00,True,0.509634,True
2024-01-31 00:00:00,300975,预测中,已明说不会亏,预告,2023年度业绩预告（预减）,2024-01-31 00:00:00,False,0.074482,True
2024-01-31 00:00:00,300989,预测中,已明说不会亏,预告,2023年度业绩预告（略增）,2024-01-31 00:00:00,False,0.059578,True
2024-01-31 00:00:00,300991,预测中,已明说不会亏,预告,2023年度业绩预告（预增）,2024-01-31 00:00:00,True,0.561397,True
2024-01-31 00:00:00,300998,预测中,已明说会亏,预告,2023年度业绩预告（首亏）,2024-01-31 00:00:00,False,0.192208,True
2024-01-31 00:00:00,301021,预测中,已明说会亏,预告,2023年度业绩预告（首亏）,2024-01-31 00:00:00,False,0.39107,True
2024-01-31 00:00:00,301025,预测中,已明说会亏,预告,2023年度业绩预告（首亏）,2024-01-31 00:00:00,False,0.030493,True
2024-01-31 00:00:00,301030,预测中,已明说不会亏,预告,2023年度业绩预告（预增）,2024-01-31 00:00:00,False,0.031652,True
2024-01-31 00:00:00,301049,预测中,已明说会亏,预告,2023年度业绩预告（增亏）,2024-01-31 00:00:00,False,0.40297,True
2024-01-31 00:00:00,301090,预测中,已明说不会亏,预告,2023年度业绩预告（预减）,2024-01-31 00:00:00,False,0.011162,True
2024-01-31 00:00:00,301099,预测中,已明说不会亏,预告,2023年度业绩预告（预减）,2024-01-31 00:00:00,False,0.027722,True
2024-01-31 00:00:00,301105,预测中,已明说会亏,预告,2023年度业绩预告（首亏）,2024-01-31 00:00:00,False,0.107318,True
2024-01-31 00:00:00,301118,预测中,已明说会亏,预告,2023年度业绩预告（首亏）,2024-01-31 00:00:00,False,0.020071,True
2024-01-31 00:00:00,301129,预测中,已明说不会亏,预告,2023年度业绩预告（预减）,2024-01-31 00:00:00,False,0.037347,True
2024-01-31 00:00:00,301178,预测中,已明说不会亏,预告,2023年度业绩预告（预减）,2024-01-31 00:00:00,False,0.231698,True
2024-01-31 00:00:00,301182,预测中,已明说会亏,预告,2023年度业绩预告（首亏）,2024-01-31 00:00:00,False,0.297945,True
2024-01-31 00:00:00,301198,预测中,已明说不会亏,预告,2023年度业绩预告（预减）,2024-01-31 00:00:00,False,0.0191,True
2024-01-31 00:00:00,301216,预测中,已明说不会亏,预告,2023年度业绩预告（略减）,2024-01-31 00:00:00,False,0.015926,True
2024-01-31 00:00:00,301221,预测中,已明说会亏,预告,2023年度业绩预告（首亏）,2024-01-31 00:00:00,False,0.131866,True
2024-01-31 00:00:00,301260,预测中,已明说会亏,预告,2023年度业绩预告（首亏）,2024-01-31 00:00:00,False,0.030531,True
2024-01-31 00:00:00,301282,预测中,已明说不会亏,预告,2023年度业绩预告（预减）,2024-01-31 00:00:00,False,0.010076,True
2024-01-31 00:00:00,301306,预测中,已明说会亏,预告,2023年度业绩预告（首亏）,2024-01-31 00:00:00,False,0.097734,True
2024-01-31 00:00:00,301321,预测中,已明说不会亏,预告,2023年度业绩预告（扭亏）,2024-01-31 00:00:00,False,0.43499,True
2024-01-31 00:00:00,301327,预测中,已明说会亏,预告,2023年度业绩预告（首亏）,2024-01-31 00:00:00,False,0.122428,True
2024-01-31 00:00:00,301338,预测中,已明说不会亏,预告,2023年度业绩预告（预减）,2024-01-31 00:00:00,False,0.01504,True
2024-01-31 00:00:00,600011,预测中,已明说不会亏,预告,2023年度业绩预告（扭亏）,2024-01-31 00:00:00,False,0.313985,True
2024-01-31 00:00:00,600027,预测中,已明说不会亏,预告,2023年度业绩预告（预增）,2024-01-31 00:00:00,False,0.232156,True
2024-01-31 00:00:00,600052,预测中,已明说不会亏,预告,2023年度业绩预告（扭亏）,2024-01-31 00:00:00,False,0.343205,True
2024-01-31 00:00:00,600067,预测中,已明说会亏,预告,2023年度业绩预告（首亏）,2024-01-31 00:00:00,False,0.258497,True
2024-01-31 00:00:00,600073,预测中,已明说不会亏,预告,2023年度业绩预告（预减）,2024-01-31 00:00:00,False,0.047249,True
2024-01-31 00:00:00,600076,预测中,已明说会亏,预告,2023年度业绩预告（增亏）,2024-01-31 00:00:00,True,0.539307,True
2024-01-31 00:00:00,600078,预测中,已明说会亏,预告,2023年度业绩预告（首亏）,2024-01-31 00:00:00,False,0.134025,True
2024-01-31 00:00:00,600084,预测中,已明说不会亏,预告,2023年度业绩预告（扭亏）,2024-01-31 00:00:00,False,0.20861,True
2024-01-31 00:00:00,600085,预测中,已明说不会亏,预告,2023年度业绩预告（略增）,2024-01-31 00:00:00,False,0.008119,True
2024-01-31 00:00:00,600088,预测中,已明说不会亏,预告,2023年度业绩预告（扭亏）,2024-01-31 00:00:00,False,0.449383,True
2024-01-31 00:00:00,600100,预测中,已明说会亏,预告,2023年度业绩预告（续亏）,2024-01-31 00:00:00,False,0.081642,True
2024-01-31 00:00:00,600107,预测中,已明说会亏,预告,2023年度业绩预告（减亏）,2024-01-31 00:00:00,True,0.455411,True
2024-01-31 00:00:00,600110,预测中,已明说不会亏,预告,2023年度业绩预告（预减）,2024-01-31 00:00:00,False,0.121586,True
2024-01-31 00:00:00,600115,预测中,已明说会亏,预告,2023年度业绩预告（减亏）,2024-01-31 00:00:00,True,0.688999,True
2024-01-31 00:00:00,600117,预测中,已明说不会亏,预告,2023年度业绩预告（扭亏）,2024-01-31 00:00:00,False,0.320003,True
2024-01-31 00:00:00,600119,预测中,已明说不会亏,预告,2023年度业绩预告（扭亏）,2024-01-31 00:00:00,False,0.448714,True
2024-01-31 00:00:00,600135,预测中,已明说会亏,预告,2023年度业绩预告（首亏）,2024-01-31 00:00:00,False,0.107994,True
2024-01-31 00:00:00,600136,预测中,已明说不会亏,预告,2023年度业绩预告（扭亏）,2024-01-31 00:00:00,True,0.457676,True
2024-01-31 00:00:00,600138,预测中,已明说不会亏,预告,2023年度业绩预告（扭亏）,2024-01-31 00:00:00,False,0.26872,True
2024-01-31 00:00:00,600148,预测中,已明说不会亏,预告,2023年度业绩预告（扭亏）,2024-01-31 00:00:00,True,0.52653,True
2024-01-31 00:00:00,600151,预测中,已明说会亏,预告,2023年度业绩预告（增亏）,2024-01-31 00:00:00,False,0.27112,True
2024-01-31 00:00:00,600153,预测中,已明说不会亏,预告,2023年度业绩预告（预增）,2024-01-31 00:00:00,False,0.026163,True
2024-01-31 00:00:00,600156,预测中,已明说不会亏,预告,2023年度业绩预告（扭亏）,2024-01-31 00:00:00,False,0.088689,True
2024-01-31 00:00:00,600159,预测中,已明说会亏,预告,2023年度业绩预告（增亏）,2024-01-31 00:00:00,False,0.043681,True
2024-01-31 00:00:00,600162,预测中,已明说不会亏,预告,2023年度业绩预告（预减）,2024-01-31 00:00:00,False,0.045797,True
2024-01-31 00:00:00,600168,预测中,已明说不会亏,预告,2023年度业绩预告（预增）,2024-01-31 00:00:00,True,0.4755,True
2024-01-31 00:00:00,600178,预测中,已明说不会亏,预告,2023年度业绩预告（预减）,2024-01-31 00:00:00,False,0.314802,True
2024-01-31 00:00:00,600179,预测中,已明说不会亏,预告,2023年度业绩预告（预减）,2024-01-31 00:00:00,False,0.02059,True
2024-01-31 00:00:00,600182,预测中,已明说不会亏,预告,2023年度业绩预告（预增）,2024-01-31 00:00:00,False,0.054726,True
2024-01-31 00:00:00,600191,预测中,已明说不会亏,预告,2023年度业绩预告（扭亏）,2024-01-31 00:00:00,False,0.147986,True
2024-01-31 00:00:00,600192,预测中,已明说会亏,预告,2023年度业绩预告（减亏）,2024-01-31 00:00:00,False,0.315365,True
2024-01-31 00:00:00,600197,预测中,已明说不会亏,预告,2023年度业绩预告（预增）,2024-01-31 00:00:00,False,0.032755,True
2024-01-31 00:00:00,600199,预测中,已明说会亏,预告,2023年度业绩预告（减亏）,2024-01-31 00:00:00,True,0.613655,True
2024-01-31 00:00:00,600203,预测中,已明说会亏,预告,2023年度业绩预告（减亏）,2024-01-31 00:00:00,True,0.71081,True
2024-01-31 00:00:00,600207,预测中,已明说会亏,预告,2023年度业绩预告（首亏）,2024-01-31 00:00:00,True,0.500969,True
2024-01-31 00:00:00,600212,预测中,已明说不会亏,预告,2023年度业绩预告（扭亏）,2024-01-31 00:00:00,False,0.333113,True
2024-01-31 00:00:00,600221,预测中,已明说不会亏,预告,2023年度业绩预告（扭亏）,2024-01-31 00:00:00,False,0.330815,True
2024-01-31 00:00:00,600227,预测中,已明说会亏,预告,2023年度业绩预告（减亏）,2024-01-31 00:00:00,True,0.523917,True
2024-01-31 00:00:00,600230,预测中,已明说不会亏,预告,2023年度业绩预告（预减）,2024-01-31 00:00:00,False,0.011974,True
2024-01-31 00:00:00,600238,预测中,已明说会亏,预告,2023年度业绩预告（续亏）,2024-01-31 00:00:00,True,0.777718,True
2024-01-31 00:00:00,600243,预测中,已明说会亏,预告,2023年度业绩预告（减亏）,2024-01-31 00:00:00,True,0.507037,True
2024-01-31 00:00:00,600257,预测中,已明说会亏,预告,2023年度业绩预告（减亏）,2024-01-31 00:00:00,False,0.383545,True
2024-01-31 00:00:00,600266,预测中,已明说不会亏,预告,2023年度业绩预告（扭亏）,2024-01-31 00:00:00,False,0.056353,True
2024-01-31 00:00:00,600267,预测中,已明说会亏,预告,2023年度业绩预告（首亏）,2024-01-31 00:00:00,False,0.02402,True
2024-01-31 00:00:00,600269,预测中,已明说不会亏,预告,2023年度业绩预告（预增）,2024-01-31 00:00:00,False,0.013768,True
2024-01-31 00:00:00,600271,预测中,已明说不会亏,预告,2023年度业绩预告（预减）,2024-01-31 00:00:00,False,0.018465,True
2024-01-31 00:00:00,600279,预测中,已明说不会亏,预告,2023年度业绩预告（预增）,2024-01-31 00:00:00,False,0.083362,True
2024-01-31 00:00:00,600280,预测中,已明说会亏,预告,2023年度业绩预告（增亏）,2024-01-31 00:00:00,True,0.541492,True
2024-01-31 00:00:00,600281,预测中,已明说会亏,预告,2023年度业绩预告（增亏）,2024-01-31 00:00:00,False,0.271934,True
2024-01-31 00:00:00,600289,预测中,已明说会亏,预告,2023年度业绩预告（增亏）,2024-01-31 00:00:00,True,0.802093,True
2024-01-31 00:00:00,600299,预测中,已明说不会亏,预告,2023年度业绩预告（预减）,2024-01-31 00:00:00,False,0.130891,True
2024-01-31 00:00:00,600301,预测中,已明说不会亏,预告,2023年度业绩预告（略增）,2024-01-31 00:00:00,False,0.019974,True
2024-01-31 00:00:00,600302,预测中,已明说会亏,预告,2023年度业绩预告（增亏）,2024-01-31 00:00:00,False,0.372168,True
2024-01-31 00:00:00,600303,预测中,已明说会亏,预告,2023年度业绩预告（增亏）,2024-01-31 00:00:00,True,0.8013,True
2024-01-31 00:00:00,600307,预测中,已明说会亏,预告,2023年度业绩预告（减亏）,2024-01-31 00:00:00,False,0.034268,True
2024-01-31 00:00:00,600322,预测中,已明说不会亏,预告,2023年度业绩预告（扭亏）,2024-01-31 00:00:00,True,0.666549,True
2024-01-31 00:00:00,600336,预测中,已明说不会亏,预告,2023年度业绩预告（预减）,2024-01-31 00:00:00,False,0.090457,True
2024-01-31 00:00:00,600337,预测中,已明说会亏,预告,2023年度业绩预告（续亏）,2024-01-31 00:00:00,False,0.352102,True
2024-01-31 00:00:00,600340,预测中,已明说会亏,预告,2023年度业绩预告（首亏）,2024-01-31 00:00:00,False,0.029355,True
2024-01-31 00:00:00,600343,预测中,已明说会亏,预告,2023年度业绩预告（增亏）,2024-01-31 00:00:00,False,0.314215,True
2024-01-31 00:00:00,600358,预测中,已明说会亏,预告,2023年度业绩预告（首亏）,2024-01-31 00:00:00,True,0.495849,True
2024-01-31 00:00:00,600365,预测中,已明说会亏,预告,2023年度业绩预告（增亏）,2024-01-31 00:00:00,True,0.488538,True
2024-01-31 00:00:00,600366,预测中,已明说会亏,预告,2023年度业绩预告（首亏）,2024-01-31 00:00:00,False,0.089424,True
2024-01-31 00:00:00,600370,预测中,已明说会亏,预告,2023年度业绩预告（首亏）,2024-01-31 00:00:00,False,0.049892,True
2024-01-31 00:00:00,600376,预测中,已明说会亏,预告,2023年度业绩预告（增亏）,2024-01-31 00:00:00,True,0.459886,True
2024-01-31 00:00:00,600381,预测中,已明说会亏,预告,2023年度业绩预告（减亏）,2024-01-31 00:00:00,True,0.516521,True
2024-01-31 00:00:00,600383,预测中,已明说不会亏,预告,2023年度业绩预告（预减）,2024-01-31 00:00:00,False,0.018045,True
2024-01-31 00:00:00,600386,预测中,已明说不会亏,预告,2023年度业绩预告（预减）,2024-01-31 00:00:00,False,0.107157,True
2024-01-31 00:00:00,600392,预测中,已明说不会亏,预告,2023年度业绩预告（预减）,2024-01-31 00:00:00,False,0.02786,True
2024-01-31 00:00:00,600403,预测中,已明说会亏,预告,2023年度业绩预告（首亏）,2024-01-31 00:00:00,False,0.008493,True
2024-01-31 00:00:00,600405,预测中,已明说会亏,预告,2023年度业绩预告（增亏）,2024-01-31 00:00:00,True,0.498225,True
2024-01-31 00:00:00,600409,预测中,已明说不会亏,预告,2023年度业绩预告（略减）,2024-01-31 00:00:00,False,0.142715,True
2024-01-31 00:00:00,600410,预测中,已明说会亏,预告,2023年度业绩预告（减亏）,2024-01-31 00:00:00,False,0.101526,True
2024-01-31 00:00:00,600418,预测中,已明说不会亏,预告,2023年度业绩预告（扭亏）,2024-01-31 00:00:00,False,0.151351,True
2024-01-31 00:00:00,600448,预测中,已明说不会亏,预告,2023年度业绩预告（扭亏）,2024-01-31 00:00:00,False,0.209918,True
2024-01-31 00:00:00,600460,预测中,已明说会亏,预告,2023年度业绩预告（首亏）,2024-01-31 00:00:00,False,0.00913,True
2024-01-31 00:00:00,600476,预测中,已明说不会亏,预告,2023年度业绩预告（扭亏）,2024-01-31 00:00:00,False,0.278449,True
2024-01-31 00:00:00,600478,预测中,已明说会亏,预告,2023年度业绩预告（首亏）,2024-01-31 00:00:00,False,0.144258,True
2024-01-31 00:00:00,600487,预测中,已明说不会亏,预告,2023年度业绩预告（略增）,2024-01-31 00:00:00,False,0.032885,True
2024-01-31 00:00:00,600506,预测中,已明说会亏,预告,2023年度业绩预告（减亏）,2024-01-31 00:00:00,False,0.164183,True
2024-01-31 00:00:00,600515,预测中,已明说不会亏,预告,2023年度业绩预告（预减）,2024-01-31 00:00:00,False,0.213894,True
2024-01-31 00:00:00,600516,预测中,已明说不会亏,预告,2023年度业绩预告（预减）,2024-01-31 00:00:00,False,0.022154,True
2024-01-31 00:00:00,600539,预测中,已明说会亏,预告,2023年度业绩预告（首亏）,2024-01-31 00:00:00,False,0.281483,True
2024-01-31 00:00:00,600540,预测中,已明说不会亏,预告,2023年度业绩预告（扭亏）,2024-01-31 00:00:00,False,0.264043,True
2024-01-31 00:00:00,600543,预测中,已明说会亏,预告,2023年度业绩预告（减亏）,2024-01-31 00:00:00,False,0.363564,True
2024-01-31 00:00:00,600547,预测中,已明说不会亏,预告,2023年度业绩预告（预增）,2024-01-31 00:00:00,False,0.085839,True
2024-01-31 00:00:00,600550,预测中,已明说会亏,预告,2023年度业绩预告（首亏）,2024-01-31 00:00:00,False,0.26478,True
2024-01-31 00:00:00,600551,预测中,已明说不会亏,预告,2023年度业绩预告（预增）,2024-01-31 00:00:00,False,0.009347,True
2024-01-31 00:00:00,600567,预测中,已明说不会亏,预告,2023年度业绩预告（扭亏）,2024-01-31 00:00:00,False,0.386402,True
2024-01-31 00:00:00,600569,预测中,已明说会亏,预告,2023年度业绩预告（减亏）,2024-01-31 00:00:00,False,0.25434,True
2024-01-31 00:00:00,600579,预测中,已明说会亏,预告,2023年度业绩预告（增亏）,2024-01-31 00:00:00,True,0.548395,True
2024-01-31 00:00:00,600589,预测中,已明说不会亏,预告,2023年度业绩预告（扭亏）,2024-01-31 00:00:00,True,0.501581,True
2024-01-31 00:00:00,600593,预测中,已明说不会亏,预告,2023年度业绩预告（扭亏）,2024-01-31 00:00:00,False,0.271481,True
2024-01-31 00:00:00,600597,预测中,已明说不会亏,预告,2023年度业绩预告（预增）,2024-01-31 00:00:00,False,0.04654,True
2024-01-31 00:00:00,600605,预测中,已明说不会亏,预告,2023年度业绩预告（预增）,2024-01-31 00:00:00,False,0.05035,True
2024-01-31 00:00:00,600606,预测中,已明说会亏,预告,2023年度业绩预告（首亏）,2024-01-31 00:00:00,False,0.06331,True
2024-01-31 00:00:00,600610,预测中,已明说会亏,预告,2023年度业绩预告（首亏）,2024-01-31 00:00:00,True,0.561774,True
2024-01-31 00:00:00,600611,预测中,已明说不会亏,预告,2023年度业绩预告（扭亏）,2024-01-31 00:00:00,False,0.030782,True
2024-01-31 00:00:00,600624,预测中,已明说不会亏,预告,2023年度业绩预告（扭亏）,2024-01-31 00:00:00,False,0.44562,True
2024-01-31 00:00:00,600628,预测中,已明说不会亏,预告,2023年度业绩预告（扭亏）,2024-01-31 00:00:00,False,0.096269,True
2024-01-31 00:00:00,600630,预测中,已明说不会亏,预告,2023年度业绩预告（扭亏）,2024-01-31 00:00:00,False,0.184776,True
2024-01-31 00:00:00,600635,预测中,已明说不会亏,预告,2023年度业绩预告（扭亏）,2024-01-31 00:00:00,False,0.077983,True
2024-01-31 00:00:00,600640,预测中,已明说不会亏,预告,2023年度业绩预告（扭亏）,2024-01-31 00:00:00,False,0.36821,True
2024-01-31 00:00:00,600641,预测中,已明说不会亏,预告,2023年度业绩预告（预减）,2024-01-31 00:00:00,False,0.021435,True
2024-01-31 00:00:00,600643,预测中,已明说不会亏,预告,2023年度业绩预告（预减）,2024-01-31 00:00:00,False,0.140442,True
2024-01-31 00:00:00,600650,预测中,已明说不会亏,预告,2023年度业绩预告（预减）,2024-01-31 00:00:00,False,0.044129,True
2024-01-31 00:00:00,600651,预测中,已明说不会亏,预告,2023年度业绩预告（预减）,2024-01-31 00:00:00,True,0.507167,True
2024-01-31 00:00:00,600661,预测中,已明说会亏,预告,2023年度业绩预告（首亏）,2024-01-31 00:00:00,True,0.610445,True
2024-01-31 00:00:00,600666,预测中,已明说会亏,预告,2023年度业绩预告（首亏）,2024-01-31 00:00:00,False,0.307405,True
2024-01-31 00:00:00,600667,预测中,已明说不会亏,预告,2023年度业绩预告（扭亏）,2024-01-31 00:00:00,False,0.031841,True
2024-01-31 00:00:00,600668,预测中,已明说不会亏,预告,2023年度业绩预告（预减）,2024-01-31 00:00:00,False,0.021135,True
2024-01-31 00:00:00,600673,预测中,已明说会亏,预告,2023年度业绩预告（首亏）,2024-01-31 00:00:00,False,0.066682,True
2024-01-31 00:00:00,600683,预测中,已明说会亏,预告,2023年度业绩预告（首亏）,2024-01-31 00:00:00,False,0.116593,True
2024-01-31 00:00:00,600686,预测中,已明说不会亏,预告,2023年度业绩预告（扭亏）,2024-01-31 00:00:00,False,0.224313,True
2024-01-31 00:00:00,600689,预测中,已明说不会亏,预告,2023年度业绩预告（扭亏）,2024-01-31 00:00:00,False,0.150253,True
2024-01-31 00:00:00,600693,预测中,已明说不会亏,预告,2023年度业绩预告（预增）,2024-01-31 00:00:00,False,0.091265,True
2024-01-31 00:00:00,600697,预测中,已明说不会亏,预告,2023年度业绩预告（扭亏）,2024-01-31 00:00:00,False,0.11953,True
2024-01-31 00:00:00,600698,预测中,已明说不会亏,预告,2023年度业绩预告（扭亏）,2024-01-31 00:00:00,False,0.26674,True
2024-01-31 00:00:00,600715,预测中,已明说会亏,预告,2023年度业绩预告（增亏）,2024-01-31 00:00:00,True,0.710382,True
2024-01-31 00:00:00,600727,预测中,已明说不会亏,预告,2023年度业绩预告（扭亏）,2024-01-31 00:00:00,False,0.209006,True
2024-01-31 00:00:00,600730,预测中,已明说会亏,预告,2023年度业绩预告（减亏）,2024-01-31 00:00:00,False,0.417433,True
2024-01-31 00:00:00,600732,预测中,已明说不会亏,预告,2023年度业绩预告（预减）,2024-01-31 00:00:00,False,0.016112,True
2024-01-31 00:00:00,600734,预测中,已明说不会亏,预告,2023年度业绩预告（扭亏）,2024-01-31 00:00:00,False,0.358936,True
2024-01-31 00:00:00,600737,预测中,已明说不会亏,预告,2023年度业绩预告（预增）,2024-01-31 00:00:00,False,0.072592,True
2024-01-31 00:00:00,600739,预测中,已明说不会亏,预告,2023年度业绩预告（预减）,2024-01-31 00:00:00,False,0.115269,True
2024-01-31 00:00:00,600751,预测中,已明说不会亏,预告,2023年度业绩预告（略增）,2024-01-31 00:00:00,False,0.047589,True
2024-01-31 00:00:00,600753,预测中,已明说会亏,预告,2023年度业绩预告（首亏）,2024-01-31 00:00:00,True,0.637904,True
2024-01-31 00:00:00,600754,预测中,已明说不会亏,预告,2023年度业绩预告（预增）,2024-01-31 00:00:00,False,0.03201,True
2024-01-31 00:00:00,600758,预测中,已明说不会亏,预告,2023年度业绩预告（预减）,2024-01-31 00:00:00,False,0.021593,True
2024-01-31 00:00:00,600759,预测中,已明说不会亏,预告,2023年度业绩预告（扭亏）,2024-01-31 00:00:00,False,0.368698,True
2024-01-31 00:00:00,600765,预测中,已明说不会亏,预告,2023年度业绩预告（略增）,2024-01-31 00:00:00,False,0.006601,True
2024-01-31 00:00:00,600768,预测中,已明说不会亏,预告,2023年度业绩预告（预减）,2024-01-31 00:00:00,False,0.101114,True
2024-01-31 00:00:00,600775,预测中,已明说不会亏,预告,2023年度业绩预告（预减）,2024-01-31 00:00:00,False,0.392113,True
2024-01-31 00:00:00,600778,预测中,已明说会亏,预告,2023年度业绩预告（减亏）,2024-01-31 00:00:00,False,0.11457,True
2024-01-31 00:00:00,600782,预测中,已明说不会亏,预告,2023年度业绩预告（预减）,2024-01-31 00:00:00,False,0.063472,True
2024-01-31 00:00:00,600789,预测中,已明说不会亏,预告,2023年度业绩预告（预增）,2024-01-31 00:00:00,False,0.118248,True
2024-01-31 00:00:00,600791,预测中,已明说会亏,预告,2023年度业绩预告（首亏）,2024-01-31 00:00:00,False,0.240924,True
2024-01-31 00:00:00,600793,预测中,已明说会亏,预告,2023年度业绩预告（首亏）,2024-01-31 00:00:00,False,0.034732,True
2024-01-31 00:00:00,600795,预测中,已明说不会亏,预告,2023年度业绩预告（预增）,2024-01-31 00:00:00,False,0.058014,True
2024-01-31 00:00:00,600802,预测中,已明说会亏,预告,2023年度业绩预告（增亏）,2024-01-31 00:00:00,True,0.467945,True
2024-01-31 00:00:00,600807,预测中,已明说会亏,预告,2023年度业绩预告（首亏）,2024-01-31 00:00:00,False,0.232676,True
2024-01-31 00:00:00,600808,预测中,已明说会亏,预告,2023年度业绩预告（增亏）,2024-01-31 00:00:00,False,0.160743,True
2024-01-31 00:00:00,600810,预测中,已明说不会亏,预告,2023年度业绩预告（预减）,2024-01-31 00:00:00,False,0.158353,True
2024-01-31 00:00:00,600819,预测中,已明说会亏,预告,2023年度业绩预告（首亏）,2024-01-31 00:00:00,False,0.2702,True
2024-01-31 00:00:00,600824,预测中,已明说不会亏,预告,2023年度业绩预告（扭亏）,2024-01-31 00:00:00,False,0.067623,True
2024-01-31 00:00:00,600828,预测中,已明说不会亏,预告,2023年度业绩预告（预减）,2024-01-31 00:00:00,False,0.060622,True
2024-01-31 00:00:00,600830,预测中,已明说不会亏,预告,2023年度业绩预告（预增）,2024-01-31 00:00:00,False,0.110747,True
2024-01-31 00:00:00,600831,预测中,已明说会亏,预告,2023年度业绩预告（首亏）,2024-01-31 00:00:00,False,0.432525,True
2024-01-31 00:00:00,600860,预测中,已明说会亏,预告,2023年度业绩预告（首亏）,2024-01-31 00:00:00,False,0.369537,True
2024-01-31 00:00:00,600872,预测中,已明说不会亏,预告,2023年度业绩预告（扭亏）,2024-01-31 00:00:00,False,0.030351,True
2024-01-31 00:00:00,600881,预测中,已明说会亏,预告,2023年度业绩预告（续亏）,2024-01-31 00:00:00,True,0.722857,True
2024-01-31 00:00:00,600882,预测中,已明说不会亏,预告,2023年度业绩预告（预减）,2024-01-31 00:00:00,False,0.153512,True
2024-01-31 00:00:00,600884,预测中,已明说不会亏,预告,2023年度业绩预告（预减）,2024-01-31 00:00:00,False,0.018946,True
2024-01-31 00:00:00,600892,预测中,已明说会亏,预告,2023年度业绩预告（首亏）,2024-01-31 00:00:00,False,0.217714,True
2024-01-31 00:00:00,600935,预测中,已明说不会亏,预告,2023年度业绩预告（预减）,2024-01-31 00:00:00,False,0.214788,True
2024-01-31 00:00:00,600936,预测中,已明说会亏,预告,2023年度业绩预告（减亏）,2024-01-31 00:00:00,True,0.834732,True
2024-01-31 00:00:00,600960,预测中,已明说会亏,预告,2023年度业绩预告（增亏）,2024-01-31 00:00:00,False,0.418331,True
2024-01-31 00:00:00,600963,预测中,已明说会亏,预告,2023年度业绩预告（首亏）,2024-01-31 00:00:00,False,0.020477,True
2024-01-31 00:00:00,600969,预测中,已明说会亏,预告,2023年度业绩预告（首亏）,2024-01-31 00:00:00,False,0.243551,True
2024-01-31 00:00:00,600973,预测中,已明说不会亏,预告,2023年度业绩预告（预减）,2024-01-31 00:00:00,False,0.11968,True
2024-01-31 00:00:00,600984,预测中,已明说会亏,预告,2023年度业绩预告（增亏）,2024-01-31 00:00:00,True,0.790635,True
2024-01-31 00:00:00,600986,预测中,已明说不会亏,预告,2023年度业绩预告（预增）,2024-01-31 00:00:00,False,0.332316,True
2024-01-31 00:00:00,600990,预测中,已明说会亏,预告,2023年度业绩预告（首亏）,2024-01-31 00:00:00,True,0.555772,True
2024-01-31 00:00:00,600996,预测中,已明说会亏,预告,2023年度业绩预告（首亏）,2024-01-31 00:00:00,False,0.445679,True
2024-01-31 00:00:00,601002,预测中,已明说会亏,预告,2023年度业绩预告（首亏）,2024-01-31 00:00:00,False,0.36719,True
2024-01-31 00:00:00,601015,预测中,已明说会亏,预告,2023年度业绩预告（首亏）,2024-01-31 00:00:00,False,0.052999,True
2024-01-31 00:00:00,601020,预测中,已明说不会亏,预告,2023年度业绩预告（预减）,2024-01-31 00:00:00,False,0.069868,True
2024-01-31 00:00:00,601021,预测中,已明说不会亏,预告,2023年度业绩预告（扭亏）,2024-01-31 00:00:00,False,0.101664,True
2024-01-31 00:00:00,601069,预测中,已明说会亏,预告,2023年度业绩预告（首亏）,2024-01-31 00:00:00,False,0.166227,True
2024-01-31 00:00:00,601086,预测中,已明说不会亏,预告,2023年度业绩预告（略增）,2024-01-31 00:00:00,False,0.012494,True
2024-01-31 00:00:00,601088,预测中,已明说不会亏,预告,2023年度业绩预告（略减）,2024-01-31 00:00:00,False,0.006455,True
2024-01-31 00:00:00,601106,预测中,已明说会亏,预告,2023年度业绩预告（首亏）,2024-01-31 00:00:00,False,0.249578,True
2024-01-31 00:00:00,601107,预测中,已明说不会亏,预告,2023年度业绩预告（预增）,2024-01-31 00:00:00,False,0.017736,True
2024-01-31 00:00:00,601162,预测中,已明说不会亏,预告,2023年度业绩预告（扭亏）,2024-01-31 00:00:00,False,0.043369,True
2024-01-31 00:00:00,601198,预测中,已明说不会亏,预告,2023年度业绩预告（预增）,2024-01-31 00:00:00,False,0.031164,True
2024-01-31 00:00:00,601233,预测中,已明说不会亏,预告,2023年度业绩预告（预增）,2024-01-31 00:00:00,False,0.108509,True
2024-01-31 00:00:00,601360,预测中,已明说会亏,预告,2023年度业绩预告（减亏）,2024-01-31 00:00:00,False,0.37624,True
2024-01-31 00:00:00,601375,预测中,已明说不会亏,预告,2023年度业绩预告（预增）,2024-01-31 00:00:00,False,0.051742,True
2024-01-31 00:00:00,601388,预测中,已明说不会亏,预告,2023年度业绩预告（预减）,2024-01-31 00:00:00,False,0.023668,True
2024-01-31 00:00:00,601588,预测中,已明说不会亏,预告,2023年度业绩预告（扭亏）,2024-01-31 00:00:00,False,0.071564,True
2024-01-31 00:00:00,601595,预测中,已明说不会亏,预告,2023年度业绩预告（扭亏）,2024-01-31 00:00:00,False,0.329286,True
2024-01-31 00:00:00,601608,预测中,已明说不会亏,预告,2023年度业绩预告（预增）,2024-01-31 00:00:00,False,0.107473,True
2024-01-31 00:00:00,601615,预测中,已明说不会亏,预告,2023年度业绩预告（预减）,2024-01-31 00:00:00,False,0.111424,True
2024-01-31 00:00:00,601619,预测中,已明说不会亏,预告,2023年度业绩预告（略增）,2024-01-31 00:00:00,False,0.039996,True
2024-01-31 00:00:00,601727,预测中,已明说不会亏,预告,2023年度业绩预告（扭亏）,2024-01-31 00:00:00,False,0.144393,True
2024-01-31 00:00:00,601778,预测中,已明说不会亏,预告,2023年度业绩预告（预增）,2024-01-31 00:00:00,False,0.195718,True
2024-01-31 00:00:00,601798,预测中,已明说会亏,预告,2023年度业绩预告（减亏）,2024-01-31 00:00:00,True,0.503174,True
2024-01-31 00:00:00,601828,预测中,已明说会亏,预告,2023年度业绩预告（首亏）,2024-01-31 00:00:00,False,0.195752,True
2024-01-31 00:00:00,601933,预测中,已明说会亏,预告,2023年度业绩预告（减亏）,2024-01-31 00:00:00,False,0.056926,True
2024-01-31 00:00:00,601991,预测中,已明说不会亏,预告,2023年度业绩预告（扭亏）,2024-01-31 00:00:00,False,0.307276,True
2024-01-31 00:00:00,601992,预测中,已明说不会亏,预告,2023年度业绩预告（预减）,2024-01-31 00:00:00,False,0.105913,True
2024-01-31 00:00:00,603001,预测中,已明说会亏,预告,2023年度业绩预告（减亏）,2024-01-31 00:00:00,False,0.218185,True
2024-01-31 00:00:00,603007,预测中,已明说会亏,预告,2023年度业绩预告（减亏）,2024-01-31 00:00:00,True,0.672552,True
2024-01-31 00:00:00,603008,预测中,已明说不会亏,预告,2023年度业绩预告（预增）,2024-01-31 00:00:00,False,0.069624,True
2024-01-31 00:00:00,603021,预测中,已明说会亏,预告,2023年度业绩预告（减亏）,2024-01-31 00:00:00,True,0.613011,True
2024-01-31 00:00:00,603028,预测中,已明说不会亏,预告,2023年度业绩预告（扭亏）,2024-01-31 00:00:00,False,0.103521,True
2024-01-31 00:00:00,603048,预测中,已明说不会亏,预告,2023年度业绩预告（预增）,2024-01-31 00:00:00,False,0.187963,True
2024-01-31 00:00:00,603055,预测中,已明说不会亏,预告,2023年度业绩预告（预增）,2024-01-31 00:00:00,False,0.032688,True
2024-01-31 00:00:00,603063,预测中,已明说不会亏,预告,2023年度业绩预告（预增）,2024-01-31 00:00:00,False,0.008789,True
2024-01-31 00:00:00,603068,预测中,已明说会亏,预告,2023年度业绩预告（减亏）,2024-01-31 00:00:00,False,0.451028,True
2024-01-31 00:00:00,603079,预测中,已明说会亏,预告,2023年度业绩预告（首亏）,2024-01-31 00:00:00,False,0.118319,True
2024-01-31 00:00:00,603085,预测中,已明说不会亏,预告,2023年度业绩预告（扭亏）,2024-01-31 00:00:00,False,0.325861,True
2024-01-31 00:00:00,603086,预测中,已明说会亏,预告,2023年度业绩预告（首亏）,2024-01-31 00:00:00,False,0.021206,True
2024-01-31 00:00:00,603095,预测中,已明说不会亏,预告,2023年度业绩预告（预减）,2024-01-31 00:00:00,False,0.021797,True
2024-01-31 00:00:00,603113,预测中,已明说不会亏,预告,2023年度业绩预告（预减）,2024-01-31 00:00:00,False,0.447253,True
2024-01-31 00:00:00,603117,预测中,已明说会亏,预告,2023年度业绩预告（减亏）,2024-01-31 00:00:00,True,0.589293,True
2024-01-31 00:00:00,603129,预测中,已明说不会亏,预告,2023年度业绩预告（预增）,2024-01-31 00:00:00,False,0.004666,True
2024-01-31 00:00:00,603139,预测中,已明说会亏,预告,2023年度业绩预告（减亏）,2024-01-31 00:00:00,False,0.117357,True
2024-01-31 00:00:00,603155,预测中,已明说不会亏,预告,2023年度业绩预告（预减）,2024-01-31 00:00:00,False,0.008888,True
2024-01-31 00:00:00,603185,预测中,已明说不会亏,预告,2023年度业绩预告（预减）,2024-01-31 00:00:00,False,0.014405,True
2024-01-31 00:00:00,603221,预测中,已明说不会亏,预告,2023年度业绩预告（扭亏）,2024-01-31 00:00:00,False,0.405428,True
2024-01-31 00:00:00,603223,预测中,已明说不会亏,预告,2023年度业绩预告（略增）,2024-01-31 00:00:00,False,0.048544,True
2024-01-31 00:00:00,603226,预测中,已明说会亏,预告,2023年度业绩预告（首亏）,2024-01-31 00:00:00,True,0.651859,True
2024-01-31 00:00:00,603268,预测中,已明说会亏,预告,2023年度业绩预告（减亏）,2024-01-31 00:00:00,True,0.732738,True
2024-01-31 00:00:00,603278,预测中,已明说不会亏,预告,2023年度业绩预告（扭亏）,2024-01-31 00:00:00,False,0.208045,True
2024-01-31 00:00:00,603300,预测中,已明说不会亏,预告,2023年度业绩预告（略增）,2024-01-31 00:00:00,False,0.044256,True
2024-01-31 00:00:00,603315,预测中,已明说不会亏,预告,2023年度业绩预告（预增）,2024-01-31 00:00:00,False,0.268075,True
2024-01-31 00:00:00,603316,预测中,已明说会亏,预告,2023年度业绩预告（增亏）,2024-01-31 00:00:00,False,0.1689,True
2024-01-31 00:00:00,603318,预测中,已明说不会亏,预告,2023年度业绩预告（略增）,2024-01-31 00:00:00,False,0.087448,True
2024-01-31 00:00:00,603321,预测中,已明说不会亏,预告,2023年度业绩预告（预增）,2024-01-31 00:00:00,False,0.034301,True
2024-01-31 00:00:00,603330,预测中,已明说会亏,预告,2023年度业绩预告（增亏）,2024-01-31 00:00:00,False,0.142486,True
2024-01-31 00:00:00,603332,预测中,已明说不会亏,预告,2023年度业绩预告（扭亏）,2024-01-31 00:00:00,False,0.151958,True
2024-01-31 00:00:00,603335,预测中,已明说会亏,预告,2023年度业绩预告（增亏）,2024-01-31 00:00:00,True,0.489487,True
2024-01-31 00:00:00,603338,预测中,已明说不会亏,预告,2023年度业绩预告（略增）,2024-01-31 00:00:00,False,0.007814,True
2024-01-31 00:00:00,603348,预测中,已明说不会亏,预告,2023年度业绩预告（预减）,2024-01-31 00:00:00,False,0.244286,True
2024-01-31 00:00:00,603359,预测中,已明说会亏,预告,2023年度业绩预告（首亏）,2024-01-31 00:00:00,True,0.601602,True
2024-01-31 00:00:00,603363,预测中,已明说会亏,预告,2023年度业绩预告（增亏）,2024-01-31 00:00:00,True,0.478565,True
2024-01-31 00:00:00,603377,预测中,已明说会亏,预告,2023年度业绩预告（增亏）,2024-01-31 00:00:00,True,0.605771,True
2024-01-31 00:00:00,603383,预测中,已明说不会亏,预告,2023年度业绩预告（预增）,2024-01-31 00:00:00,False,0.00982,True
2024-01-31 00:00:00,603385,预测中,已明说会亏,预告,2023年度业绩预告（首亏）,2024-01-31 00:00:00,False,0.206686,True
2024-01-31 00:00:00,603398,预测中,已明说不会亏,预告,2023年度业绩预告（扭亏）,2024-01-31 00:00:00,False,0.087583,True
2024-01-31 00:00:00,603458,预测中,已明说不会亏,预告,2023年度业绩预告（预减）,2024-01-31 00:00:00,False,0.05279,True
2024-01-31 00:00:00,603486,预测中,已明说不会亏,预告,2023年度业绩预告（预减）,2024-01-31 00:00:00,False,0.00796,True
2024-01-31 00:00:00,603520,预测中,已明说不会亏,预告,2023年度业绩预告（扭亏）,2024-01-31 00:00:00,False,0.35894,True
2024-01-31 00:00:00,603528,预测中,已明说会亏,预告,2023年度业绩预告（首亏）,2024-01-31 00:00:00,False,0.136925,True
2024-01-31 00:00:00,603536,预测中,已明说不会亏,预告,2023年度业绩预告（扭亏）,2024-01-31 00:00:00,True,0.501572,True
2024-01-31 00:00:00,603538,预测中,已明说不会亏,预告,2023年度业绩预告（预减）,2024-01-31 00:00:00,False,0.013537,True
2024-01-31 00:00:00,603559,预测中,已明说会亏,预告,2023年度业绩预告（增亏）,2024-01-31 00:00:00,True,0.791388,True
2024-01-31 00:00:00,603567,预测中,已明说不会亏,预告,2023年度业绩预告（预增）,2024-01-31 00:00:00,False,0.143685,True
2024-01-31 00:00:00,603569,预测中,已明说不会亏,预告,2023年度业绩预告（预增）,2024-01-31 00:00:00,False,0.35315,True
2024-01-31 00:00:00,603595,预测中,已明说会亏,预告,2023年度业绩预告（首亏）,2024-01-31 00:00:00,True,0.770988,True
2024-01-31 00:00:00,603601,预测中,已明说不会亏,预告,2023年度业绩预告（预减）,2024-01-31 00:00:00,False,0.077004,True
2024-01-31 00:00:00,603608,预测中,已明说会亏,预告,2023年度业绩预告（减亏）,2024-01-31 00:00:00,True,0.503816,True
2024-01-31 00:00:00,603609,预测中,已明说会亏,预告,2023年度业绩预告（首亏）,2024-01-31 00:00:00,False,0.100751,True
2024-01-31 00:00:00,603610,预测中,已明说不会亏,预告,2023年度业绩预告（预增）,2024-01-31 00:00:00,False,0.269984,True
2024-01-31 00:00:00,603616,预测中,已明说会亏,预告,2023年度业绩预告（续亏）,2024-01-31 00:00:00,True,0.485006,True
2024-01-31 00:00:00,603626,预测中,已明说会亏,预告,2023年度业绩预告（首亏）,2024-01-31 00:00:00,True,0.766275,True
2024-01-31 00:00:00,603628,预测中,已明说不会亏,预告,2023年度业绩预告（预增）,2024-01-31 00:00:00,False,0.01401,True
2024-01-31 00:00:00,603657,预测中,已明说不会亏,预告,2023年度业绩预告（预减）,2024-01-31 00:00:00,False,0.015017,True
2024-01-31 00:00:00,603669,预测中,已明说会亏,预告,2023年度业绩预告（减亏）,2024-01-31 00:00:00,True,0.789235,True
2024-01-31 00:00:00,603681,预测中,已明说不会亏,预告,2023年度业绩预告（预减）,2024-01-31 00:00:00,False,0.12473,True
2024-01-31 00:00:00,603685,预测中,已明说不会亏,预告,2023年度业绩预告（扭亏）,2024-01-31 00:00:00,False,0.155946,True
2024-01-31 00:00:00,603699,预测中,已明说不会亏,预告,2023年度业绩预告（预增）,2024-01-31 00:00:00,False,0.011838,True
2024-01-31 00:00:00,603701,预测中,已明说不会亏,预告,2023年度业绩预告（预增）,2024-01-31 00:00:00,False,0.076576,True
2024-01-31 00:00:00,603716,预测中,已明说会亏,预告,2023年度业绩预告（减亏）,2024-01-31 00:00:00,True,0.494393,True
2024-01-31 00:00:00,603717,预测中,已明说会亏,预告,2023年度业绩预告（增亏）,2024-01-31 00:00:00,True,0.66382,True
2024-01-31 00:00:00,603721,预测中,已明说会亏,预告,2023年度业绩预告（首亏）,2024-01-31 00:00:00,True,0.503389,True
2024-01-31 00:00:00,603729,预测中,已明说会亏,预告,2023年度业绩预告（减亏）,2024-01-31 00:00:00,True,0.641438,True
2024-01-31 00:00:00,603776,预测中,已明说会亏,预告,2023年度业绩预告（增亏）,2024-01-31 00:00:00,False,0.125941,True
2024-01-31 00:00:00,603778,预测中,已明说会亏,预告,2023年度业绩预告（减亏）,2024-01-31 00:00:00,False,0.298809,True
2024-01-31 00:00:00,603779,预测中,已明说会亏,预告,2023年度业绩预告（首亏）,2024-01-31 00:00:00,True,0.735,True
2024-01-31 00:00:00,603789,预测中,已明说会亏,预告,2023年度业绩预告（减亏）,2024-01-31 00:00:00,False,0.381263,True
2024-01-31 00:00:00,603803,预测中,已明说会亏,预告,2023年度业绩预告（首亏）,2024-01-31 00:00:00,False,0.227409,True
2024-01-31 00:00:00,603808,预测中,已明说不会亏,预告,2023年度业绩预告（预增）,2024-01-31 00:00:00,False,0.223031,True
2024-01-31 00:00:00,603818,预测中,已明说会亏,预告,2023年度业绩预告（首亏）,2024-01-31 00:00:00,True,0.585513,True
2024-01-31 00:00:00,603822,预测中,已明说不会亏,预告,2023年度业绩预告（扭亏）,2024-01-31 00:00:00,False,0.16158,True
2024-01-31 00:00:00,603839,预测中,已明说不会亏,预告,2023年度业绩预告（扭亏）,2024-01-31 00:00:00,False,0.211714,True
2024-01-31 00:00:00,603843,预测中,已明说会亏,预告,2023年度业绩预告（增亏）,2024-01-31 00:00:00,True,0.602655,True
2024-01-31 00:00:00,603858,预测中,已明说不会亏,预告,2023年度业绩预告（扭亏）,2024-01-31 00:00:00,False,0.068117,True
2024-01-31 00:00:00,603861,预测中,已明说不会亏,预告,2023年度业绩预告（预增）,2024-01-31 00:00:00,False,0.12087,True
2024-01-31 00:00:00,603863,预测中,已明说会亏,预告,2023年度业绩预告（减亏）,2024-01-31 00:00:00,False,0.401598,True
2024-01-31 00:00:00,603871,预测中,已明说不会亏,预告,2023年度业绩预告（预增）,2024-01-31 00:00:00,False,0.005127,True
2024-01-31 00:00:00,603876,预测中,已明说不会亏,预告,2023年度业绩预告（预减）,2024-01-31 00:00:00,False,0.013952,True
2024-01-31 00:00:00,603879,预测中,已明说会亏,预告,2023年度业绩预告（增亏）,2024-01-31 00:00:00,False,0.171542,True
2024-01-31 00:00:00,603880,预测中,已明说会亏,预告,2023年度业绩预告（增亏）,2024-01-31 00:00:00,False,0.048459,True
2024-01-31 00:00:00,603882,预测中,已明说不会亏,预告,2023年度业绩预告（预减）,2024-01-31 00:00:00,False,0.013477,True
2024-01-31 00:00:00,603887,预测中,已明说会亏,预告,2023年度业绩预告（首亏）,2024-01-31 00:00:00,True,0.553677,True
2024-01-31 00:00:00,603895,预测中,已明说会亏,预告,2023年度业绩预告（减亏）,2024-01-31 00:00:00,False,0.298288,True
2024-01-31 00:00:00,603897,预测中,已明说不会亏,预告,2023年度业绩预告（预增）,2024-01-31 00:00:00,False,0.029378,True
2024-01-31 00:00:00,603900,预测中,已明说会亏,预告,2023年度业绩预告（增亏）,2024-01-31 00:00:00,False,0.054743,True
2024-01-31 00:00:00,603906,预测中,已明说会亏,预告,2023年度业绩预告（首亏）,2024-01-31 00:00:00,False,0.340619,True
2024-01-31 00:00:00,603936,预测中,已明说会亏,预告,2023年度业绩预告（首亏）,2024-01-31 00:00:00,False,0.142357,True
2024-01-31 00:00:00,603949,预测中,已明说不会亏,预告,2023年度业绩预告（预增）,2024-01-31 00:00:00,False,0.043346,True
2024-01-31 00:00:00,603955,预测中,已明说会亏,预告,2023年度业绩预告（首亏）,2024-01-31 00:00:00,True,0.495021,True
2024-01-31 00:00:00,603958,预测中,已明说会亏,预告,2023年度业绩预告（减亏）,2024-01-31 00:00:00,True,0.690282,True
2024-01-31 00:00:00,603959,预测中,已明说会亏,预告,2023年度业绩预告（首亏）,2024-01-31 00:00:00,False,0.053678,True
2024-01-31 00:00:00,603968,预测中,已明说不会亏,预告,2023年度业绩预告（预减）,2024-01-31 00:00:00,False,0.010101,True
2024-01-31 00:00:00,603985,预测中,已明说会亏,预告,2023年度业绩预告（首亏）,2024-01-31 00:00:00,False,0.03896,True
2024-01-31 00:00:00,603990,预测中,已明说会亏,预告,2023年度业绩预告（首亏）,2024-01-31 00:00:00,False,0.103961,True
2024-01-31 00:00:00,603991,预测中,已明说会亏,预告,2023年度业绩预告（增亏）,2024-01-31 00:00:00,False,0.238626,True
2024-01-31 00:00:00,603997,预测中,已明说不会亏,预告,2023年度业绩预告（扭亏）,2024-01-31 00:00:00,False,0.270237,True
2024-01-31 00:00:00,605001,预测中,已明说不会亏,预告,2023年度业绩预告（扭亏）,2024-01-31 00:00:00,True,0.486159,True
2024-01-31 00:00:00,605006,预测中,已明说不会亏,预告,2023年度业绩预告（预减）,2024-01-31 00:00:00,False,0.008442,True
2024-01-31 00:00:00,605069,预测中,已明说会亏,预告,2023年度业绩预告（增亏）,2024-01-31 00:00:00,True,0.773359,True
2024-01-31 00:00:00,605122,预测中,已明说不会亏,预告,2023年度业绩预告（扭亏）,2024-01-31 00:00:00,False,0.137766,True
2024-01-31 00:00:00,605136,预测中,已明说不会亏,预告,2023年度业绩预告（扭亏）,2024-01-31 00:00:00,False,0.442916,True
2024-01-31 00:00:00,605179,预测中,已明说不会亏,预告,2023年度业绩预告（扭亏）,2024-01-31 00:00:00,False,0.186391,True
2024-01-31 00:00:00,605180,预测中,已明说不会亏,预告,2023年度业绩预告（预减）,2024-01-31 00:00:00,False,0.037872,True
2024-01-31 00:00:00,605228,预测中,已明说不会亏,预告,2023年度业绩预告（略增）,2024-01-31 00:00:00,False,0.154176,True
2024-01-31 00:00:00,605268,预测中,已明说不会亏,预告,2023年度业绩预告（扭亏）,2024-01-31 00:00:00,False,0.216879,True
2024-01-31 00:00:00,605303,预测中,已明说会亏,预告,2023年度业绩预告（减亏）,2024-01-31 00:00:00,True,0.658207,True
2024-01-31 00:00:00,605358,预测中,已明说不会亏,预告,2023年度业绩预告（预减）,2024-01-31 00:00:00,False,0.038342,True
2024-01-31 00:00:00,605366,预测中,已明说不会亏,预告,2023年度业绩预告（预减）,2024-01-31 00:00:00,False,0.075718,True
2024-01-31 00:00:00,688004,预测中,已明说会亏,预告,2023年度业绩预告（增亏）,2024-01-31 00:00:00,False,0.414024,True
2024-01-31 00:00:00,688011,预测中,已明说会亏,预告,2023年度业绩预告（增亏）,2024-01-31 00:00:00,False,0.260086,True
2024-01-31 00:00:00,688015,预测中,已明说不会亏,预告,2023年度业绩预告（预减）,2024-01-31 00:00:00,False,0.06949,True
2024-01-31 00:00:00,688021,预测中,已明说会亏,预告,2023年度业绩预告（续亏）,2024-01-31 00:00:00,False,0.161297,True
2024-01-31 00:00:00,688022,预测中,已明说会亏,预告,2023年度业绩预告（首亏）,2024-01-31 00:00:00,False,0.413041,True
2024-01-31 00:00:00,688023,预测中,已明说会亏,预告,2023年度业绩预告（增亏）,2024-01-31 00:00:00,False,0.377502,True
2024-01-31 00:00:00,688027,预测中,已明说会亏,预告,2023年度业绩预告（增亏）,2024-01-31 00:00:00,True,0.466068,True
2024-01-31 00:00:00,688030,预测中,已明说会亏,预告,2023年度业绩预告（增亏）,2024-01-31 00:00:00,True,0.747175,True
2024-01-31 00:00:00,688038,预测中,已明说会亏,预告,2023年度业绩预告（增亏）,2024-01-31 00:00:00,False,0.378198,True
2024-01-31 00:00:00,688039,预测中,已明说会亏,预告,2023年度业绩预告（增亏）,2024-01-31 00:00:00,True,0.641946,True
2024-01-31 00:00:00,688045,预测中,已明说会亏,预告,2023年度业绩预告（首亏）,2024-01-31 00:00:00,False,0.059901,True
2024-01-31 00:00:00,688048,预测中,已明说会亏,预告,2023年度业绩预告（首亏）,2024-01-31 00:00:00,False,0.084552,True
2024-01-31 00:00:00,688052,预测中,已明说会亏,预告,2023年度业绩预告（首亏）,2024-01-31 00:00:00,False,0.038315,True
2024-01-31 00:00:00,688053,预测中,已明说不会亏,预告,2023年度业绩预告（预减）,2024-01-31 00:00:00,False,0.019881,True
2024-01-31 00:00:00,688055,预测中,已明说会亏,预告,2023年度业绩预告（首亏）,2024-01-31 00:00:00,True,0.670438,True
2024-01-31 00:00:00,688060,预测中,已明说会亏,预告,2023年度业绩预告（首亏）,2024-01-31 00:00:00,False,0.155698,True
2024-01-31 00:00:00,688061,预测中,已明说不会亏,预告,2023年度业绩预告（预减）,2024-01-31 00:00:00,False,0.037861,True
2024-01-31 00:00:00,688068,预测中,已明说不会亏,预告,2023年度业绩预告（预减）,2024-01-31 00:00:00,False,0.026266,True
2024-01-31 00:00:00,688069,预测中,已明说会亏,预告,2023年度业绩预告（首亏）,2024-01-31 00:00:00,False,0.320194,True
2024-01-31 00:00:00,688070,预测中,已明说会亏,预告,2023年度业绩预告（增亏）,2024-01-31 00:00:00,False,0.119944,True
2024-01-31 00:00:00,688071,预测中,已明说不会亏,预告,2023年度业绩预告（预减）,2024-01-31 00:00:00,False,0.02302,True
2024-01-31 00:00:00,688075,预测中,已明说不会亏,预告,2023年度业绩预告（预减）,2024-01-31 00:00:00,False,0.065364,True
2024-01-31 00:00:00,688077,预测中,已明说会亏,预告,2023年度业绩预告（首亏）,2024-01-31 00:00:00,False,0.277824,True
2024-01-31 00:00:00,688079,预测中,已明说会亏,预告,2023年度业绩预告（首亏）,2024-01-31 00:00:00,False,0.429911,True
2024-01-31 00:00:00,688083,预测中,已明说不会亏,预告,2023年度业绩预告（预增）,2024-01-31 00:00:00,False,0.304836,True
2024-01-31 00:00:00,688088,预测中,已明说不会亏,预告,2023年度业绩预告（预增）,2024-01-31 00:00:00,False,0.10254,True
2024-01-31 00:00:00,688095,预测中,已明说会亏,预告,2023年度业绩预告（增亏）,2024-01-31 00:00:00,False,0.237786,True
2024-01-31 00:00:00,688105,预测中,已明说会亏,预告,2023年度业绩预告（首亏）,2024-01-31 00:00:00,False,0.172094,True
2024-01-31 00:00:00,688110,预测中,已明说会亏,预告,2023年度业绩预告（首亏）,2024-01-31 00:00:00,False,0.092071,True
2024-01-31 00:00:00,688114,预测中,已明说会亏,预告,2023年度业绩预告（首亏）,2024-01-31 00:00:00,False,0.091063,True
2024-01-31 00:00:00,688118,预测中,已明说会亏,预告,2023年度业绩预告（首亏）,2024-01-31 00:00:00,True,0.463878,True
2024-01-31 00:00:00,688129,预测中,已明说不会亏,预告,2023年度业绩预告（预增）,2024-01-31 00:00:00,False,0.172042,True
2024-01-31 00:00:00,688130,预测中,已明说会亏,预告,2023年度业绩预告（首亏）,2024-01-31 00:00:00,False,0.112593,True
2024-01-31 00:00:00,688137,预测中,已明说不会亏,预告,2023年度业绩预告（预减）,2024-01-31 00:00:00,False,0.042114,True
2024-01-31 00:00:00,688141,预测中,已明说会亏,预告,2023年度业绩预告（首亏）,2024-01-31 00:00:00,False,0.051953,True
2024-01-31 00:00:00,688143,预测中,已明说不会亏,预告,2023年度业绩预告（预减）,2024-01-31 00:00:00,False,0.10761,True
2024-01-31 00:00:00,688148,预测中,已明说会亏,预告,2023年度业绩预告（首亏）,2024-01-31 00:00:00,True,0.485489,True
2024-01-31 00:00:00,688151,预测中,已明说不会亏,预告,2023年度业绩预告（预减）,2024-01-31 00:00:00,False,0.145761,True
2024-01-31 00:00:00,688161,预测中,已明说不会亏,预告,2023年度业绩预告（预减）,2024-01-31 00:00:00,False,0.01522,True
2024-01-31 00:00:00,688162,预测中,已明说会亏,预告,2023年度业绩预告（首亏）,2024-01-31 00:00:00,False,0.024487,True
2024-01-31 00:00:00,688165,预测中,已明说会亏,预告,2023年度业绩预告（减亏）,2024-01-31 00:00:00,True,0.709769,True
2024-01-31 00:00:00,688171,预测中,已明说不会亏,预告,2023年度业绩预告（预减）,2024-01-31 00:00:00,False,0.040212,True
2024-01-31 00:00:00,688173,预测中,已明说会亏,预告,2023年度业绩预告（增亏）,2024-01-31 00:00:00,False,0.065814,True
2024-01-31 00:00:00,688176,预测中,已明说会亏,预告,2023年度业绩预告（增亏）,2024-01-31 00:00:00,True,0.632446,True
2024-01-31 00:00:00,688178,预测中,已明说会亏,预告,2023年度业绩预告（首亏）,2024-01-31 00:00:00,False,0.158502,True
2024-01-31 00:00:00,688180,预测中,已明说会亏,预告,2023年度业绩预告（减亏）,2024-01-31 00:00:00,True,0.529014,True
2024-01-31 00:00:00,688184,预测中,已明说不会亏,预告,2023年度业绩预告（预减）,2024-01-31 00:00:00,False,0.099027,True
2024-01-31 00:00:00,688185,预测中,已明说会亏,预告,2023年度业绩预告（增亏）,2024-01-31 00:00:00,True,0.671539,True
2024-01-31 00:00:00,688189,预测中,已明说不会亏,预告,2023年度业绩预告（扭亏）,2024-01-31 00:00:00,True,0.501959,True
2024-01-31 00:00:00,688191,预测中,已明说不会亏,预告,2023年度业绩预告（预增）,2024-01-31 00:00:00,False,0.14129,True
2024-01-31 00:00:00,688192,预测中,已明说会亏,预告,2023年度业绩预告（增亏）,2024-01-31 00:00:00,True,0.79403,True
2024-01-31 00:00:00,688193,预测中,已明说不会亏,预告,2023年度业绩预告（预减）,2024-01-31 00:00:00,False,0.398107,True
2024-01-31 00:00:00,688201,预测中,已明说不会亏,预告,2023年度业绩预告（预减）,2024-01-31 00:00:00,False,0.1029,True
2024-01-31 00:00:00,688202,预测中,已明说会亏,预告,2023年度业绩预告（首亏）,2024-01-31 00:00:00,False,0.017841,True
2024-01-31 00:00:00,688206,预测中,已明说会亏,预告,2023年度业绩预告（首亏）,2024-01-31 00:00:00,False,0.161409,True
2024-01-31 00:00:00,688211,预测中,已明说不会亏,预告,2023年度业绩预告（扭亏）,2024-01-31 00:00:00,False,0.110602,True
2024-01-31 00:00:00,688216,预测中,已明说会亏,预告,2023年度业绩预告（增亏）,2024-01-31 00:00:00,True,0.605596,True
2024-01-31 00:00:00,688217,预测中,已明说不会亏,预告,2023年度业绩预告（预减）,2024-01-31 00:00:00,False,0.051498,True
2024-01-31 00:00:00,688220,预测中,已明说会亏,预告,2023年度业绩预告（增亏）,2024-01-31 00:00:00,False,0.284628,True
2024-01-31 00:00:00,688227,预测中,已明说会亏,预告,2023年度业绩预告（首亏）,2024-01-31 00:00:00,False,0.148489,True
2024-01-31 00:00:00,688228,预测中,已明说不会亏,预告,2023年度业绩预告（预减）,2024-01-31 00:00:00,False,0.089895,True
2024-01-31 00:00:00,688256,预测中,已明说会亏,预告,2023年度业绩预告（减亏）,2024-01-31 00:00:00,True,0.487545,True
2024-01-31 00:00:00,688260,预测中,已明说会亏,预告,2023年度业绩预告（增亏）,2024-01-31 00:00:00,True,0.793448,True
2024-01-31 00:00:00,688261,预测中,已明说不会亏,预告,2023年度业绩预告（预减）,2024-01-31 00:00:00,False,0.006189,True
2024-01-31 00:00:00,688265,预测中,已明说会亏,预告,2023年度业绩预告（增亏）,2024-01-31 00:00:00,True,0.589279,True
2024-01-31 00:00:00,688275,预测中,已明说会亏,预告,2023年度业绩预告（首亏）,2024-01-31 00:00:00,False,0.121668,True
2024-01-31 00:00:00,688282,预测中,已明说会亏,预告,2023年度业绩预告（首亏）,2024-01-31 00:00:00,False,0.076622,True
2024-01-31 00:00:00,688285,预测中,已明说不会亏,预告,2023年度业绩预告（预减）,2024-01-31 00:00:00,False,0.030558,True
2024-01-31 00:00:00,688288,预测中,已明说会亏,预告,2023年度业绩预告（减亏）,2024-01-31 00:00:00,True,0.493839,True
2024-01-31 00:00:00,688296,预测中,已明说会亏,预告,2023年度业绩预告（首亏）,2024-01-31 00:00:00,False,0.038339,True
2024-01-31 00:00:00,688298,预测中,已明说会亏,预告,2023年度业绩预告（首亏）,2024-01-31 00:00:00,False,0.139321,True
2024-01-31 00:00:00,688302,预测中,已明说会亏,预告,2023年度业绩预告（续亏）,2024-01-31 00:00:00,True,0.729158,True
2024-01-31 00:00:00,688303,预测中,已明说不会亏,预告,2023年度业绩预告（预减）,2024-01-31 00:00:00,False,0.009938,True
2024-01-31 00:00:00,688311,预测中,已明说会亏,预告,2023年度业绩预告（首亏）,2024-01-31 00:00:00,False,0.36292,True
2024-01-31 00:00:00,688316,预测中,已明说会亏,预告,2023年度业绩预告（减亏）,2024-01-31 00:00:00,True,0.667072,True
2024-01-31 00:00:00,688317,预测中,已明说会亏,预告,2023年度业绩预告（首亏）,2024-01-31 00:00:00,False,0.053036,True
2024-01-31 00:00:00,688321,预测中,已明说不会亏,预告,2023年度业绩预告（预增）,2024-01-31 00:00:00,True,0.745132,True
2024-01-31 00:00:00,688326,预测中,已明说会亏,预告,2023年度业绩预告（首亏）,2024-01-31 00:00:00,False,0.048615,True
2024-01-31 00:00:00,688329,预测中,已明说不会亏,预告,2023年度业绩预告（预减）,2024-01-31 00:00:00,False,0.044705,True
2024-01-31 00:00:00,688331,预测中,已明说会亏,预告,2023年度业绩预告（增亏）,2024-01-31 00:00:00,True,0.593931,True
2024-01-31 00:00:00,688339,预测中,已明说会亏,预告,2023年度业绩预告（增亏）,2024-01-31 00:00:00,True,0.576372,True
2024-01-31 00:00:00,688343,预测中,已明说会亏,预告,2023年度业绩预告（减亏）,2024-01-31 00:00:00,True,0.668469,True
2024-01-31 00:00:00,688345,预测中,已明说会亏,预告,2023年度业绩预告（首亏）,2024-01-31 00:00:00,False,0.190554,True
2024-01-31 00:00:00,688350,预测中,已明说不会亏,预告,2023年度业绩预告（预减）,2024-01-31 00:00:00,False,0.025193,True
2024-01-31 00:00:00,688351,预测中,已明说不会亏,预告,2023年度业绩预告（预增）,2024-01-31 00:00:00,False,0.314202,True
2024-01-31 00:00:00,688353,预测中,已明说会亏,预告,2023年度业绩预告（首亏）,2024-01-31 00:00:00,False,0.063437,True
2024-01-31 00:00:00,688355,预测中,已明说不会亏,预告,2023年度业绩预告（预减）,2024-01-31 00:00:00,False,0.067466,True
2024-01-31 00:00:00,688365,预测中,已明说会亏,预告,2023年度业绩预告（减亏）,2024-01-31 00:00:00,True,0.532354,True
2024-01-31 00:00:00,688367,预测中,已明说不会亏,预告,2023年度业绩预告（预减）,2024-01-31 00:00:00,False,0.051069,True
2024-01-31 00:00:00,688369,预测中,已明说会亏,预告,2023年度业绩预告（首亏）,2024-01-31 00:00:00,False,0.109537,True
2024-01-31 00:00:00,688371,预测中,已明说会亏,预告,2023年度业绩预告（首亏）,2024-01-31 00:00:00,False,0.211043,True
2024-01-31 00:00:00,688379,预测中,已明说不会亏,预告,2023年度业绩预告（预增）,2024-01-31 00:00:00,False,0.185767,True
2024-01-31 00:00:00,688380,预测中,已明说会亏,预告,2023年度业绩预告（首亏）,2024-01-31 00:00:00,False,0.062829,True
2024-01-31 00:00:00,688383,预测中,已明说不会亏,预告,2023年度业绩预告（预减）,2024-01-31 00:00:00,False,0.045611,True
2024-01-31 00:00:00,688388,预测中,已明说不会亏,预告,2023年度业绩预告（预减）,2024-01-31 00:00:00,False,0.061141,True
2024-01-31 00:00:00,688398,预测中,已明说不会亏,预告,2023年度业绩预告（预增）,2024-01-31 00:00:00,False,0.016704,True
2024-01-31 00:00:00,688416,预测中,已明说会亏,预告,2023年度业绩预告（首亏）,2024-01-31 00:00:00,False,0.132863,True
2024-01-31 00:00:00,688418,预测中,已明说会亏,预告,2023年度业绩预告（减亏）,2024-01-31 00:00:00,False,0.296382,True
2024-01-31 00:00:00,688426,预测中,已明说会亏,预告,2023年度业绩预告（首亏）,2024-01-31 00:00:00,False,0.042571,True
2024-01-31 00:00:00,688488,预测中,已明说会亏,预告,2023年度业绩预告（减亏）,2024-01-31 00:00:00,False,0.237812,True
2024-01-31 00:00:00,688496,预测中,已明说会亏,预告,2023年度业绩预告（首亏）,2024-01-31 00:00:00,False,0.044279,True
2024-01-31 00:00:00,688498,预测中,已明说不会亏,预告,2023年度业绩预告（预减）,2024-01-31 00:00:00,False,0.014956,True
2024-01-31 00:00:00,688499,预测中,已明说会亏,预告,2023年度业绩预告（首亏）,2024-01-31 00:00:00,False,0.249653,True
2024-01-31 00:00:00,688500,预测中,已明说会亏,预告,2023年度业绩预告（续亏）,2024-01-31 00:00:00,True,0.459977,True
2024-01-31 00:00:00,688509,预测中,已明说会亏,预告,2023年度业绩预告（首亏）,2024-01-31 00:00:00,True,0.507699,True
2024-01-31 00:00:00,688515,预测中,已明说会亏,预告,2023年度业绩预告（增亏）,2024-01-31 00:00:00,False,0.323196,True
2024-01-31 00:00:00,688521,预测中,已明说会亏,预告,2023年度业绩预告（首亏）,2024-01-31 00:00:00,False,0.130143,True
2024-01-31 00:00:00,688536,预测中,已明说会亏,预告,2023年度业绩预告（首亏）,2024-01-31 00:00:00,False,0.031762,True
2024-01-31 00:00:00,688553,预测中,已明说不会亏,预告,2023年度业绩预告（略减）,2024-01-31 00:00:00,False,0.122383,True
2024-01-31 00:00:00,688560,预测中,已明说会亏,预告,2023年度业绩预告（首亏）,2024-01-31 00:00:00,False,0.089325,True
2024-01-31 00:00:00,688565,预测中,已明说会亏,预告,2023年度业绩预告（增亏）,2024-01-31 00:00:00,False,0.421268,True
2024-01-31 00:00:00,688567,预测中,已明说会亏,预告,2023年度业绩预告（增亏）,2024-01-31 00:00:00,False,0.408027,True
2024-01-31 00:00:00,688590,预测中,已明说不会亏,预告,2023年度业绩预告（扭亏）,2024-01-31 00:00:00,False,0.263257,True
2024-01-31 00:00:00,688595,预测中,已明说会亏,预告,2023年度业绩预告（首亏）,2024-01-31 00:00:00,False,0.389029,True
2024-01-31 00:00:00,688598,预测中,已明说不会亏,预告,2023年度业绩预告（预减）,2024-01-31 00:00:00,False,0.014668,True
2024-01-31 00:00:00,688599,预测中,已明说不会亏,预告,2023年度业绩预告（预增）,2024-01-31 00:00:00,False,0.009788,True
2024-01-31 00:00:00,688619,预测中,已明说会亏,预告,2023年度业绩预告（减亏）,2024-01-31 00:00:00,True,0.646693,True
2024-01-31 00:00:00,688622,预测中,已明说会亏,预告,2023年度业绩预告（增亏）,2024-01-31 00:00:00,True,0.597563,True
2024-01-31 00:00:00,688655,预测中,已明说不会亏,预告,2023年度业绩预告（预减）,2024-01-31 00:00:00,False,0.030891,True
2024-01-31 00:00:00,688659,预测中,已明说会亏,预告,2023年度业绩预告（首亏）,2024-01-31 00:00:00,False,0.331723,True
2024-01-31 00:00:00,688660,预测中,已明说会亏,预告,2023年度业绩预告（增亏）,2024-01-31 00:00:00,False,0.377834,True
2024-01-31 00:00:00,688670,预测中,已明说会亏,预告,2023年度业绩预告（首亏）,2024-01-31 00:00:00,False,0.074777,True
2024-01-31 00:00:00,688681,预测中,已明说不会亏,预告,2023年度业绩预告（扭亏）,2024-01-31 00:00:00,False,0.253456,True
2024-01-31 00:00:00,688690,预测中,已明说不会亏,预告,2023年度业绩预告（预减）,2024-01-31 00:00:00,False,0.039349,True
2024-01-31 00:00:00,688696,预测中,已明说不会亏,预告,2023年度业绩预告（预减）,2024-01-31 00:00:00,False,0.008006,True
2024-01-31 00:00:00,688699,预测中,已明说会亏,预告,2023年度业绩预告（首亏）,2024-01-31 00:00:00,False,0.226245,True
2024-01-31 00:00:00,688701,预测中,已明说会亏,预告,2023年度业绩预告（增亏）,2024-01-31 00:00:00,True,0.637673,True
2024-01-31 00:00:00,688711,预测中,已明说不会亏,预告,2023年度业绩预告（预增）,2024-01-31 00:00:00,False,0.01349,True
2024-01-31 00:00:00,688728,预测中,已明说不会亏,预告,2023年度业绩预告（预减）,2024-01-31 00:00:00,False,0.069722,True
2024-01-31 00:00:00,688733,预测中,已明说不会亏,预告,2023年度业绩预告（预减）,2024-01-31 00:00:00,False,0.073545,True
2024-01-31 00:00:00,688737,预测中,已明说不会亏,预告,2023年度业绩预告（扭亏）,2024-01-31 00:00:00,False,0.204588,True
2024-01-31 00:00:00,688767,预测中,已明说不会亏,预告,2023年度业绩预告（预减）,2024-01-31 00:00:00,False,0.047196,True
2024-02-01 00:00:00,000656,预测中,已明说会亏,预告,2023年度业绩预告（减亏）,2024-02-01 00:00:00,False,0.315309,True
2024-02-01 00:00:00,000963,预测中,已明说不会亏,预告,2023年度业绩预告（略增）,2024-02-01 00:00:00,False,0.007833,True
2024-02-01 00:00:00,002310,预测中,已明说会亏,预告,2023年度业绩预告（减亏）,2024-02-01 00:00:00,True,0.806545,True
2024-02-01 00:00:00,002388,预测中,已明说会亏,预告,2023年度业绩预告（首亏）,2024-02-01 00:00:00,False,0.070043,True
2024-02-01 00:00:00,002438,预测中,已明说不会亏,预告,2023年度业绩预告（略增）,2024-02-01 00:00:00,False,0.013141,True
2024-02-01 00:00:00,002943,预测中,已明说不会亏,预告,2023年度业绩预告（略增）,2024-02-01 00:00:00,False,0.016555,True
2024-02-01 00:00:00,600876,预测中,已明说不会亏,预告,2023年度业绩预告（略减）,2024-02-01 00:00:00,False,0.046357,True
2024-02-02 00:00:00,000155,预测中,已明说不会亏,预告,2023年度业绩预告（续盈）,2024-02-02 00:00:00,False,0.015843,True
2024-02-02 00:00:00,300793,预测中,已明说不会亏,预告,2023年度业绩预告（略减）,2024-02-02 00:00:00,False,0.033697,True
2024-02-05 00:00:00,300014,预测中,已明说不会亏,预告,2023年度业绩预告（略增）,2024-02-05 00:00:00,False,0.0089,True
2024-02-05 00:00:00,300800,预测中,已明说不会亏,预告,2023年度业绩预告（略减）,2024-02-05 00:00:00,False,0.261761,True
2024-02-06 00:00:00,300430,预测中,已明说不会亏,预告,2023年度业绩预告（略增）,2024-02-06 00:00:00,False,0.024412,True
2024-02-21 00:00:00,300105,预测中,已明说不会亏,预告,2023年度业绩预告（预增）,2024-02-21 00:00:00,False,0.150908,True
2024-02-24 00:00:00,002190,预测中,已修订·不变,修正,2023年度业绩预告修正公告,2024-02-24 00:00:00,False,0.404044,True
2024-02-24 00:00:00,002493,预测中,已修订·不变,修正,2023年度业绩预告修正公告,2024-02-24 00:00:00,False,0.103721,True
2024-02-24 00:00:00,688136,预测中,已明说会亏,预告,2023年度业绩预告（增亏）,2024-02-24 00:00:00,False,0.335003,True
2024-02-24 00:00:00,688485,预测中,已明说不会亏,预告,2023年度业绩预告（预减）,2024-02-24 00:00:00,False,0.103957,True
2024-02-26 00:00:00,688237,预测中,已明说会亏,预告,2023年度业绩预告（首亏）,2024-02-26 00:00:00,False,0.013482,True
2024-02-29 00:00:00,301022,预测中,已明说不会亏,预告,2023年度业绩预告（预减）,2024-02-29 00:00:00,False,0.051465,True
2024-03-04 00:00:00,600060,预测中,已明说不会亏,预告,2023年度业绩预告（略增）,2024-03-04 00:00:00,False,0.005463,True
2024-03-08 17:53:13,301051,预测中,已修订,修正,2023年度业绩预告修正公告,2024-03-08 17:53:13,True,0.673356,True
2024-03-09 00:00:00,600234,预测中,已明说会亏,预告,2023年度业绩预告（增亏）,2024-03-09 00:00:00,True,0.586511,True
2024-03-15 00:00:00,002431,预测中,已修订·好→更好,修正,2023年度业绩预告修正公告,2024-03-15 00:00:00,True,0.544518,True
2024-03-15 00:00:00,603680,预测中,已明说不会亏,预告,2023年度业绩预告（略增）,2024-03-15 00:00:00,False,0.094298,True
2024-03-16 00:00:00,600868,预测中,已明说会亏,预告,2023年度业绩预告（首亏）,2024-03-16 00:00:00,False,0.105301,True
2024-03-18 21:04:28,300479,预测中,已修订,修正,2023年度业绩预告修正公告,2024-03-18 21:04:28,False,0.151081,True
2024-03-19 00:00:00,002945,预测中,已修订·不变,修正,2023年度业绩预告修正公告,2024-03-19 00:00:00,False,0.031256,True
2024-03-19 00:00:00,300398,预测中,已明说不会亏,预告,2023年度业绩预告（预减）,2024-03-19 00:00:00,False,0.012688,True
2024-03-19 00:00:00,600615,预测中,已明说不会亏,预告,2023年度业绩预告（扭亏）,2024-03-19 00:00:00,True,0.480699,True
2024-03-20 00:00:00,300354,预测中,已修订,修正,2023年度业绩预告修正公告,2024-03-20 00:00:00,False,0.011397,True
2024-03-20 00:00:00,600533,预测中,已明说会亏,预告,2023年度业绩预告（首亏）,2024-03-20 00:00:00,False,0.100402,True
2024-03-22 19:06:24,300010,预测中,已修订,修正,关于2023年度业绩预告修正公告,2024-03-22 19:06:24,False,0.428076,True
2024-03-25 19:56:27,300096,预测中,已修订,修正,2023年度业绩预告修正公告,2024-03-25 19:56:27,True,0.7413,True
2024-03-26 00:00:00,301079,预测中,已修订,修正,2023年度业绩预告修正公告,2024-03-26 00:00:00,False,0.019074,True
2024-03-26 00:00:00,600165,预测中,已明说会亏,预告,2023年度业绩预告（增亏）,2024-03-26 00:00:00,True,0.669797,True
2024-03-27 18:40:28,300571,预测中,已修订,修正,2023年度业绩预告修正公告,2024-03-27 18:40:28,False,0.290709,True
2024-03-28 00:00:00,600080,预测中,已明说会亏,预告,2023年度业绩预告（首亏）,2024-03-28 00:00:00,False,0.218667,True
2024-03-29 17:18:32,300656,预测中,已修订,修正,2023年度业绩预告修正公告,2024-03-29 17:18:32,False,0.043285,True
2024-03-30 00:00:00,002161,预测中,已修订·不变,修正,2024-008远望谷-2023年度业绩预告修正公告,2024-03-30 00:00:00,False,0.418766,True
2024-04-01 18:08:21,301357,预测中,已修订,修正,2023年度业绩预告修正公告,2024-04-01 18:08:21,False,0.012073,True
2024-04-02 00:00:00,600228,预测中,已明说不会亏,预告,2023年度业绩预告（预减）,2024-04-02 00:00:00,False,0.090043,True
2024-04-03 00:00:00,002168,预测中,已修订·不变,修正,2023年度业绩预告修正公告,2024-04-03 00:00:00,True,0.640284,True
2024-04-03 20:06:24,300689,预测中,已修订,修正,2023年度业绩预告修正公告,2024-04-03 20:06:24,False,0.035686,True
2024-04-08 19:22:20,300582,预测中,已修订,修正,2023年度业绩预告修正公告,2024-04-08 19:22:20,False,0.173891,True
2024-04-09 00:00:00,002181,预测中,已修订,修正,2023年度业绩预告修正公告,2024-04-09 00:00:00,False,0.377289,True
2024-04-09 18:39:18,300166,预测中,已修订,修正,2023年度业绩预告修正公告,2024-04-09 18:39:18,False,0.335779,True
2024-04-10 00:00:00,300871,预测中,已明说不会亏,预告,2023年度业绩预告（预减）,2024-04-10 00:00:00,False,0.061366,True
2024-04-10 00:00:00,301040,预测中,已修订,修正,2023年度业绩预告修正公告,2024-04-10 00:00:00,False,0.096281,True
2024-04-10 00:00:00,600545,预测中,已明说不会亏,预告,2023年度业绩预告（扭亏）,2024-04-10 00:00:00,True,0.573152,True
2024-04-10 21:48:22,300125,预测中,已修订,修正,2023年度业绩预告修正公告,2024-04-10 21:48:22,False,0.361116,True
2024-04-11 00:00:00,000809,预测中,已修订·不变,修正,2024-010-2023年度业绩预告修正公告,2024-04-11 00:00:00,True,0.661492,True
2024-04-12 00:00:00,002663,预测中,已修订·不变,修正,2023年度业绩预告修正公告,2024-04-12 00:00:00,False,0.337915,True
2024-04-13 00:00:00,002229,预测中,已修订·不变,修正,2023年度业绩预告修正公告,2024-04-13 00:00:00,False,0.438859,True
2024-04-13 00:00:00,002437,预测中,已修订,修正,2023年度业绩快报暨2023年度业绩预告修正公告,2024-04-13 00:00:00,False,0.189416,True
2024-04-13 00:00:00,603665,预测中,已明说会亏,预告,2023年度业绩预告（首亏）,2024-04-13 00:00:00,False,0.28615,True
2024-04-16 00:00:00,002309,预测中,已修订·好→更好,修正,2023年度业绩预告修正公告,2024-04-16 00:00:00,True,0.634017,True
2024-04-16 00:00:00,301168,预测中,已修订·不变,修正,2023年度业绩预告修正公告,2024-04-16 00:00:00,False,0.013993,True
2024-04-16 19:53:17,300506,预测中,已修订,修正,2023年度业绩预告修正公告,2024-04-16 19:53:17,True,0.620488,True
2024-04-17 16:52:30,300155,预测中,已修订,修正,2023年度业绩预告修正公告,2024-04-17 16:52:30,False,0.17217,True
2024-04-18 00:00:00,002573,预测中,已明说不会亏,预告,2023年度业绩预告（预减）,2024-04-18 00:00:00,False,0.028068,True
2024-04-18 17:32:26,300438,预测中,已修订,修正,2023年度业绩预告修正公告,2024-04-18 17:32:26,False,0.011297,True
2024-04-19 00:00:00,301123,预测中,已明说不会亏,预告,2023年度业绩预告（预减）,2024-04-19 00:00:00,False,0.088006,True
2024-04-19 00:00:00,688031,预测中,已明说会亏,预告,2023年度业绩预告（增亏）,2024-04-19 00:00:00,False,0.433495,True
2024-04-19 15:59:12,300094,预测中,已修订,修正,2023年度业绩预告修正公告,2024-04-19 15:59:12,False,0.402885,True
2024-04-19 17:38:20,300730,预测中,已修订,修正,2023年度业绩预告修正公告,2024-04-19 17:38:20,False,0.209782,True
2024-04-19 20:23:15,300409,预测中,已修订,修正,2023年度业绩预告修正公告,2024-04-19 20:23:15,False,0.305414,True
2024-04-19 21:27:15,301100,预测中,已修订,修正,营口风光新材料股份有限公司2023年度业绩预告修正公告,2024-04-19 21:27:15,False,0.019875,True
2024-04-20 00:00:00,000717,预测中,已修订,修正,2023年度业绩预告修正公告,2024-04-20 00:00:00,False,0.056511,True
2024-04-20 00:00:00,002169,预测中,已明说会亏,预告,2023年度业绩预告（首亏）,2024-04-20 00:00:00,False,0.089174,True
2024-04-20 00:00:00,002269,预测中,已修订·不变,修正,2023年度业绩预告修正公告,2024-04-20 00:00:00,True,0.562071,True
2024-04-22 00:00:00,603580,预测中,已明说不会亏,预告,2023年度业绩预告（扭亏）,2024-04-22 00:00:00,False,0.1224,True
2024-04-22 16:44:30,300614,预测中,已修订,修正,2023年度业绩预告修正公告,2024-04-22 16:44:30,False,0.123115,True
2024-04-22 18:33:14,300513,预测中,已修订,修正,2023年度业绩预告修正公告,2024-04-22 18:33:14,False,0.334695,True
2024-04-22 18:49:16,300594,预测中,已修订,修正,山东朗进科技股份有限公司2023年度业绩预告修正公告,2024-04-22 18:49:16,False,0.435519,True
2024-04-22 19:39:08,300490,预测中,已修订,修正,2023年度业绩预告修正公告,2024-04-22 19:39:08,False,0.30551,True
2024-04-23 00:00:00,000668,预测中,已修订·不变,修正,荣丰控股集团2023年度业绩预告修正公告,2024-04-23 00:00:00,False,0.309301,True
2024-04-23 00:00:00,002330,预测中,已修订·坏→更坏,修正,2023年度业绩预告修正公告,2024-04-23 00:00:00,False,0.176093,True
2024-04-23 00:00:00,002689,预测中,已修订·不变,修正,2023年度业绩预告修正公告,2024-04-23 00:00:00,False,0.444716,True
2024-04-23 00:00:00,300071,预测中,已修订·不变,修正,2023年度业绩预告修正及致歉公告,2024-04-23 00:00:00,True,0.558109,True
2024-04-23 00:00:00,300167,预测中,已修订·不变,修正,2023年度业绩预告修正公告,2024-04-23 00:00:00,True,0.762692,True
2024-04-23 00:00:00,603272,预测中,已明说会亏,预告,2023年度业绩预告（首亏）,2024-04-23 00:00:00,False,0.15223,True
2024-04-23 17:07:04,300209,预测中,已修订,修正,2023年度业绩预告修正公告,2024-04-23 17:07:04,True,0.494325,True
2024-04-23 18:41:20,300635,预测中,已修订,修正,2023年度业绩预告修正公告,2024-04-23 18:41:20,False,0.069951,True
2024-04-24 00:00:00,002529,预测中,已修订·不变,修正,2023年度业绩预告修正公告,2024-04-24 00:00:00,True,0.490208,True
2024-04-24 00:00:00,603557,预测中,已明说会亏,预告,2023年度业绩预告（增亏）,2024-04-24 00:00:00,True,0.712116,True
2024-04-24 16:49:11,300163,预测中,已修订,修正,2023年度业绩预告修正公告,2024-04-24 16:49:11,False,0.287602,True
2024-04-25 00:00:00,002514,预测中,已修订,修正,2023年度业绩预告修正公告,2024-04-25 00:00:00,False,0.216224,True
2024-04-25 00:00:00,600706,预测中,已明说会亏,预告,2023年度业绩预告（减亏）,2024-04-25 00:00:00,False,0.380979,True
2024-04-25 19:15:26,301169,预测中,已修订,修正,2023年度业绩快报暨业绩预告修正公告,2024-04-25 19:15:26,False,0.398943,True
2024-04-26 00:00:00,002630,预测中,已修订·不变,修正,2023年度业绩预告修正公告,2024-04-26 00:00:00,True,0.754157,True
2024-04-26 00:00:00,688085,预测中,已明说不会亏,预告,2023年度业绩预告（略减）,2024-04-26 00:00:00,False,0.007326,True
2024-04-26 19:17:26,300572,预测中,已修订,修正,2023年度业绩预告修正公告,2024-04-26 19:17:26,False,0.279788,True
2024-04-27 00:00:00,000525,预测中,已修订,修正,2023年度业绩预告修正公告,2024-04-27 00:00:00,True,0.475851,True
2024-04-27 00:00:00,002193,预测中,已明说会亏,预告,2023年度业绩预告（增亏）,2024-04-27 00:00:00,True,0.839657,True
2024-04-27 00:00:00,002197,预测中,已修订,修正,2023年度业绩预告修正公告,2024-04-27 00:00:00,False,0.159918,True
2024-04-27 00:00:00,002520,预测中,已修订,修正,2023年度业绩预告修正公告,2024-04-27 00:00:00,False,0.296267,True
2024-04-27 00:00:00,002583,预测中,已修订,修正,2023年度业绩快报暨业绩预告修正公告,2024-04-27 00:00:00,False,0.125671,True
2024-04-27 00:00:00,603188,预测中,已明说会亏,预告,2023年度业绩预告（减亏）,2024-04-27 00:00:00,False,0.353893,True
2024-04-29 00:00:00,002196,预测中,已修订,修正,2023年度业绩预告修正公告,2024-04-29 00:00:00,False,0.122484,True
2024-04-29 00:00:00,603666,预测中,已明说会亏,预告,2023年度业绩预告（减亏）,2024-04-29 00:00:00,True,0.550001,True
2024-04-29 00:00:00,603828,预测中,已明说会亏,预告,2023年度业绩预告（减亏）,2024-04-29 00:00:00,True,0.606892,True
2024-04-30 00:00:00,300419,预测中,已修订,修正,2023年度业绩预告修正公告,2024-04-30 00:00:00,False,0.389158,True
2024-04-30 00:00:00,300560,预测中,已修订,修正,2023年度业绩预告修正公告,2024-04-30 00:00:00,False,0.208114,True
2024-04-30 00:00:00,600172,预测中,已明说会亏,预告,2023年度业绩预告（首亏）,2024-04-30 00:00:00,True,0.515441,True
2024-04-30 00:00:00,600338,预测中,已明说会亏,预告,2023年度业绩预告（首亏）,2024-04-30 00:00:00,False,0.111603,True
