date,code,from,to,kind,title,在名单,首次确认
2023-10-21 00:00:00,002475,预测中,已明说不会亏,预告,2023年度业绩预告（略增）,False,True
2023-10-26 00:00:00,002262,预测中,已明说不会亏,预告,2023年度业绩预告（略增）,False,True
2023-10-28 00:00:00,601298,预测中,已明说不会亏,预告,2023年度业绩预告（略增）,False,True
2023-11-29 00:00:00,002407,预测中,已明说不会亏,预告,2023年度业绩预告（预减）,False,True
2023-12-11 00:00:00,300214,预测中,已明说不会亏,预告,2023年度业绩预告（略减）,False,True
2023-12-18 00:00:00,002126,预测中,已明说不会亏,预告,2023年度业绩预告（预增）,False,True
2023-12-21 00:00:00,000651,预测中,已明说不会亏,预告,2023年度业绩预告（略增）,False,True
2023-12-22 00:00:00,300304,预测中,已明说不会亏,预告,2023年度业绩预告（预增）,False,True
2023-12-22 00:00:00,688480,预测中,已明说不会亏,预告,2023年度业绩预告（略增）,False,True
2023-12-26 00:00:00,300533,预测中,已明说不会亏,预告,2023年度业绩预告（预增）,False,True
2023-12-27 00:00:00,688036,预测中,已明说不会亏,预告,2023年度业绩预告（预增）,False,True
2023-12-28 00:00:00,688076,预测中,已明说不会亏,预告,2023年度业绩预告（略增）,False,True
2023-12-30 00:00:00,600519,预测中,已明说不会亏,预告,2023年度业绩预告（略增）,False,True
2024-01-02 00:00:00,000729,预测中,已明说不会亏,预告,2023年度业绩预告（预增）,False,True
2024-01-02 00:00:00,600157,预测中,已明说不会亏,预告,2023年度业绩预告（略增）,False,True
2024-01-03 00:00:00,002204,预测中,已明说不会亏,预告,2023年度业绩预告（略增）,False,True
2024-01-03 00:00:00,688041,预测中,已明说不会亏,预告,2023年度业绩预告（预增）,False,True
2024-01-03 00:00:00,688410,预测中,已明说不会亏,预告,2023年度业绩预告（预增）,False,True
2024-01-04 00:00:00,300962,预测中,已明说不会亏,预告,2023年度业绩预告（续盈）,False,True
2024-01-04 00:00:00,688111,预测中,已明说不会亏,预告,2023年度业绩预告（略增）,False,True
2024-01-04 00:00:00,688332,预测中,已明说不会亏,预告,2023年度业绩预告（预增）,False,True
2024-01-04 00:00:00,688777,预测中,已明说不会亏,预告,2023年度业绩预告（略增）,False,True
2024-01-05 00:00:00,603081,预测中,已明说不会亏,预告,2023年度业绩预告（预减）,False,True
2024-01-05 00:00:00,300896,预测中,已明说不会亏,预告,2023年度业绩预告（略增）,False,True
2024-01-05 00:00:00,300801,预测中,已明说不会亏,预告,2023年度业绩预告（预减）,False,True
2024-01-05 00:00:00,300146,预测中,已明说不会亏,预告,2023年度业绩预告（略增）,False,True
2024-01-05 00:00:00,002536,预测中,已明说不会亏,预告,2023年度业绩预告（预增）,False,True
2024-01-05 00:00:00,300221,预测中,已明说不会亏,预告,2023年度业绩预告（扭亏）,False,True
2024-01-06 00:00:00,600961,预测中,已明说不会亏,预告,2023年度业绩预告（略增）,False,True
2024-01-06 00:00:00,002847,预测中,已明说不会亏,预告,2023年度业绩预告（预增）,False,True
2024-01-06 00:00:00,300049,预测中,已明说不会亏,预告,2023年度业绩预告（略增）,False,True
2024-01-06 00:00:00,600066,预测中,已明说不会亏,预告,2023年度业绩预告（预增）,False,True
2024-01-06 00:00:00,600096,预测中,已明说不会亏,预告,2023年度业绩预告（略减）,False,True
2024-01-06 00:00:00,600480,预测中,已明说不会亏,预告,2023年度业绩预告（预增）,False,True
2024-01-08 00:00:00,301280,预测中,已明说不会亏,预告,2023年度业绩预告（预增）,False,True
2024-01-08 00:00:00,300389,预测中,已明说不会亏,预告,2023年度业绩预告（预增）,False,True
2024-01-08 00:00:00,300036,预测中,已明说不会亏,预告,2023年度业绩预告（扭亏）,False,True
2024-01-09 00:00:00,603877,预测中,已明说不会亏,预告,2023年度业绩预告（预增）,False,True
2024-01-09 00:00:00,601137,预测中,已明说不会亏,预告,2023年度业绩预告（预增）,False,True
2024-01-09 00:00:00,300567,预测中,已明说不会亏,预告,2023年度业绩预告（略减）,False,True
2024-01-09 00:00:00,002947,预测中,已明说不会亏,预告,2023年度业绩预告（预增）,False,True
2024-01-09 00:00:00,301185,预测中,已明说不会亏,预告,2023年度业绩预告（预增）,False,True
2024-01-09 00:00:00,002605,预测中,已明说不会亏,预告,2023年度业绩预告（预增）,False,True
2024-01-09 00:00:00,002472,预测中,已明说不会亏,预告,2023年度业绩预告（略增）,False,True
2024-01-09 00:00:00,000715,预测中,已明说不会亏,预告,2023年度业绩预告（预增）,False,True
2024-01-09 00:00:00,002783,预测中,已明说不会亏,预告,2023年度业绩预告（预增）,False,True
2024-01-10 00:00:00,600236,预测中,已明说不会亏,预告,2023年度业绩预告（预减）,False,True
2024-01-10 00:00:00,603758,预测中,已明说不会亏,预告,2023年度业绩预告（预增）,False,True
2024-01-10 00:00:00,603439,预测中,已明说不会亏,预告,2023年度业绩预告（预增）,False,True
2024-01-10 00:00:00,601919,预测中,已明说不会亏,预告,2023年度业绩预告（预减）,False,True
2024-01-10 00:00:00,600415,预测中,已明说不会亏,预告,2023年度业绩预告（预增）,False,True
2024-01-10 00:00:00,600186,预测中,已明说不会亏,预告,2023年度业绩预告（预增）,False,True
2024-01-10 00:00:00,300478,预测中,已明说不会亏,预告,2023年度业绩预告（扭亏）,False,True
2024-01-10 00:00:00,300601,预测中,已明说不会亏,预告,2023年度业绩预告（扭亏）,False,True
2024-01-10 00:00:00,300558,预测中,已明说不会亏,预告,2023年度业绩预告（预增）,False,True
2024-01-10 00:00:00,300002,预测中,已明说不会亏,预告,2023年度业绩预告（预增）,False,True
2024-01-10 00:00:00,002983,预测中,已明说不会亏,预告,2023年度业绩预告（预增）,False,True
2024-01-10 00:00:00,002051,预测中,已明说不会亏,预告,2023年度业绩预告（略增）,False,True
2024-01-10 00:00:00,300711,预测中,已明说不会亏,预告,2023年度业绩预告（略增）,False,True
2024-01-11 00:00:00,300851,预测中,已明说不会亏,预告,2023年度业绩预告（预增）,False,True
2024-01-11 00:00:00,603488,预测中,已明说不会亏,预告,2023年度业绩预告（预增）,False,True
2024-01-11 00:00:00,600864,预测中,已明说不会亏,预告,2023年度业绩预告（扭亏）,False,True
2024-01-11 00:00:00,300627,预测中,已明说不会亏,预告,2023年度业绩预告（略增）,False,True
2024-01-11 00:00:00,300882,预测中,已明说不会亏,预告,2023年度业绩预告（预增）,False,True
2024-01-11 00:00:00,300327,预测中,已明说不会亏,预告,2023年度业绩预告（略减）,False,True
2024-01-11 00:00:00,300260,预测中,已明说不会亏,预告,2023年度业绩预告（略减）,False,True
2024-01-11 00:00:00,002641,预测中,已明说不会亏,预告,2023年度业绩预告（预增）,False,True
2024-01-11 00:00:00,000032,预测中,已明说不会亏,预告,2023年度业绩预告（扭亏）,False,True
2024-01-11 00:00:00,300403,预测中,已明说不会亏,预告,2023年度业绩预告（略增）,False,True
2024-01-12 00:00:00,600826,预测中,已明说不会亏,预告,2023年度业绩预告（预增）,False,True
2024-01-12 00:00:00,600794,预测中,已明说不会亏,预告,2023年度业绩预告（预增）,False,True
2024-01-12 00:00:00,600231,预测中,已明说会亏,预告,2023年度业绩预告（减亏）,False,True
2024-01-12 00:00:00,300902,预测中,已明说不会亏,预告,2023年度业绩预告（预增）,False,True
2024-01-12 00:00:00,600022,预测中,已明说会亏,预告,2023年度业绩预告（首亏）,False,True
2024-01-12 00:00:00,300628,预测中,已明说不会亏,预告,2023年度业绩预告（略减）,False,True
2024-01-12 00:00:00,300482,预测中,已明说不会亏,预告,2023年度业绩预告（预减）,False,True
2024-01-12 00:00:00,300401,预测中,已明说不会亏,预告,2023年度业绩预告（预减）,False,True
2024-01-12 00:00:00,003000,预测中,已明说不会亏,预告,2023年度业绩预告（预增）,False,True
2024-01-12 00:00:00,002236,预测中,已明说不会亏,预告,2023年度业绩预告（预增）,False,True
2024-01-12 00:00:00,000591,预测中,已明说不会亏,预告,2023年度业绩预告（略增）,False,True
2024-01-12 00:00:00,300861,预测中,已明说不会亏,预告,2023年度业绩预告（略增）,False,True
2024-01-13 00:00:00,601177,预测中,已明说不会亏,预告,2023年度业绩预告（略增）,False,True
2024-01-13 00:00:00,603023,预测中,已明说会亏,预告,2023年度业绩预告（首亏）,False,True
2024-01-13 00:00:00,603058,预测中,已明说不会亏,预告,2023年度业绩预告（预增）,False,True
2024-01-13 00:00:00,603225,预测中,已明说不会亏,预告,2023年度业绩预告（扭亏）,False,True
2024-01-13 00:00:00,603518,预测中,已明说不会亏,预告,2023年度业绩预告（预增）,False,True
2024-01-13 00:00:00,688290,预测中,已明说不会亏,预告,2023年度业绩预告（预减）,False,True
2024-01-13 00:00:00,603689,预测中,已明说不会亏,预告,2023年度业绩预告（略增）,False,True
2024-01-13 00:00:00,603707,预测中,已明说会亏,预告,2023年度业绩预告（首亏）,False,True
2024-01-13 00:00:00,000819,预测中,已明说不会亏,预告,2023年度业绩预告（预增）,False,True
2024-01-13 00:00:00,601011,预测中,已明说会亏,预告,2023年度业绩预告（首亏）,False,True
2024-01-13 00:00:00,603612,预测中,已明说会亏,预告,2023年度业绩预告（首亏）,False,True
2024-01-13 00:00:00,600886,预测中,已明说不会亏,预告,2023年度业绩预告（预增）,False,True
2024-01-13 00:00:00,000537,预测中,已明说不会亏,预告,2023年度业绩预告（预增）,False,True
2024-01-13 00:00:00,600500,预测中,已明说会亏,预告,2023年度业绩预告（首亏）,False,True
2024-01-13 00:00:00,000823,预测中,已明说不会亏,预告,2023年度业绩预告（预减）,False,True
2024-01-13 00:00:00,000998,预测中,已明说不会亏,预告,2023年度业绩预告（扭亏）,False,True
2024-01-13 00:00:00,002177,预测中,已明说不会亏,预告,2023年度业绩预告（预减）,False,True
2024-01-13 00:00:00,600642,预测中,已明说不会亏,预告,2023年度业绩预告（预增）,False,True
2024-01-13 00:00:00,002579,预测中,已明说会亏,预告,2023年度业绩预告（减亏）,True,True
2024-01-13 00:00:00,002728,预测中,已明说不会亏,预告,2023年度业绩预告（预增）,False,True
2024-01-13 00:00:00,002299,预测中,已明说不会亏,预告,2023年度业绩预告（预增）,False,True
2024-01-13 00:00:00,300638,预测中,已明说不会亏,预告,2023年度业绩预告（预增）,False,True
2024-01-13 00:00:00,600004,预测中,已明说不会亏,预告,2023年度业绩预告（扭亏）,False,True
2024-01-13 00:00:00,600326,预测中,已明说会亏,预告,2023年度业绩预告（增亏）,False,True
2024-01-13 00:00:00,600369,预测中,已明说不会亏,预告,2023年度业绩预告（预增）,False,True
2024-01-13 00:00:00,600408,预测中,已明说会亏,预告,2023年度业绩预告（增亏）,False,True
2024-01-13 00:00:00,002845,预测中,已明说不会亏,预告,2023年度业绩预告（扭亏）,True,True
2024-01-15 00:00:00,300856,预测中,已明说不会亏,预告,2023年度业绩预告（预增）,False,True
2024-01-15 00:00:00,688012,预测中,已明说不会亏,预告,2023年度业绩预告（预增）,False,True
2024-01-15 00:00:00,300838,预测中,已明说不会亏,预告,2023年度业绩预告（略增）,False,True
2024-01-15 00:00:00,300926,预测中,已明说不会亏,预告,2023年度业绩预告（预增）,False,True
2024-01-15 00:00:00,300736,预测中,已明说会亏,预告,2023年度业绩预告（减亏）,False,True
2024-01-15 00:00:00,300719,预测中,已明说不会亏,预告,2023年度业绩预告（扭亏）,False,True
2024-01-15 00:00:00,300665,预测中,已明说不会亏,预告,2023年度业绩预告（扭亏）,False,True
2024-01-15 00:00:00,300225,预测中,已明说不会亏,预告,2023年度业绩预告（扭亏）,True,True
2024-01-15 00:00:00,300217,预测中,已明说不会亏,预告,2023年度业绩预告（预增）,False,True
2024-01-15 00:00:00,300789,预测中,已明说不会亏,预告,2023年度业绩预告（略增）,False,True
2024-01-16 00:00:00,301211,预测中,已明说不会亏,预告,2023年度业绩预告（略增）,False,True
2024-01-16 00:00:00,301239,预测中,已明说不会亏,预告,2023年度业绩预告（预增）,False,True
2024-01-16 00:00:00,301301,预测中,已明说不会亏,预告,2023年度业绩预告（预增）,False,True
2024-01-16 00:00:00,600719,预测中,已明说不会亏,预告,2023年度业绩预告（扭亏）,True,True
2024-01-16 00:00:00,600733,预测中,已明说会亏,预告,2023年度业绩预告（续亏）,True,True
2024-01-16 00:00:00,601966,预测中,已明说不会亏,预告,2023年度业绩预告（预增）,False,True
2024-01-16 00:00:00,603179,预测中,已明说不会亏,预告,2023年度业绩预告（预增）,False,True
2024-01-16 00:00:00,605128,预测中,已明说不会亏,预告,2023年度业绩预告（预增）,False,True
2024-01-16 00:00:00,605108,预测中,已明说不会亏,预告,2023年度业绩预告（预增）,False,True
2024-01-16 00:00:00,301149,预测中,已明说不会亏,预告,2023年度业绩预告（预增）,False,True
2024-01-16 00:00:00,688276,预测中,已明说不会亏,预告,2023年度业绩预告（预增）,False,True
2024-01-16 00:00:00,688278,预测中,已明说不会亏,预告,2023年度业绩预告（预增）,False,True
2024-01-16 00:00:00,688305,预测中,已明说不会亏,预告,2023年度业绩预告（预增）,False,True
2024-01-16 00:00:00,603298,预测中,已明说不会亏,预告,2023年度业绩预告（预增）,False,True
2024-01-16 00:00:00,300905,预测中,已明说不会亏,预告,2023年度业绩预告（预增）,False,True
2024-01-16 00:00:00,600433,预测中,已明说会亏,预告,2023年度业绩预告（首亏）,False,True
2024-01-16 00:00:00,300783,预测中,已明说不会亏,预告,2023年度业绩预告（预增）,False,True
2024-01-16 00:00:00,000411,预测中,已明说不会亏,预告,2023年度业绩预告（略增）,False,True
2024-01-16 00:00:00,300855,预测中,已明说不会亏,预告,2023年度业绩预告（略增）,False,True
2024-01-16 00:00:00,000531,预测中,已明说不会亏,预告,2023年度业绩预告（扭亏）,False,True
2024-01-16 00:00:00,000875,预测中,已明说不会亏,预告,2023年度业绩预告（略增）,False,True
2024-01-16 00:00:00,000897,预测中,已明说不会亏,预告,2023年度业绩预告（预增）,False,True
2024-01-16 00:00:00,000972,预测中,已明说不会亏,预告,2023年度业绩预告（预增）,False,True
2024-01-16 00:00:00,002053,预测中,已明说不会亏,预告,2023年度业绩预告（预增）,False,True
2024-01-16 00:00:00,002333,预测中,已明说不会亏,预告,2023年度业绩预告（扭亏）,False,True
2024-01-16 00:00:00,002351,预测中,已明说不会亏,预告,2023年度业绩预告（预增）,False,True
2024-01-16 00:00:00,000417,预测中,已明说不会亏,预告,2023年度业绩预告（预增）,False,True
2024-01-16 00:00:00,002422,预测中,已明说不会亏,预告,2023年度业绩预告（略增）,False,True
2024-01-16 00:00:00,002590,预测中,已明说不会亏,预告,2023年度业绩预告（预增）,False,True
2024-01-16 00:00:00,002969,预测中,已明说不会亏,预告,2023年度业绩预告（预增）,False,True
2024-01-16 00:00:00,300192,预测中,已明说不会亏,预告,2023年度业绩预告（预增）,False,True
2024-01-16 00:00:00,300349,预测中,已明说不会亏,预告,2023年度业绩预告（预增）,False,True
2024-01-16 00:00:00,300534,预测中,已明说不会亏,预告,2023年度业绩预告（略增）,False,True
2024-01-16 00:00:00,300747,预测中,已明说不会亏,预告,2023年度业绩预告（预增）,False,True
2024-01-16 00:00:00,002371,预测中,已明说不会亏,预告,2023年度业绩预告（预增）,False,True
2024-01-17 00:00:00,600226,预测中,已明说不会亏,预告,2023年度业绩预告（预减）,False,True
2024-01-17 00:00:00,600335,预测中,已明说不会亏,预告,2023年度业绩预告（预减）,False,True
2024-01-17 00:00:00,600399,预测中,已明说不会亏,预告,2023年度业绩预告（预增）,False,True
2024-01-17 00:00:00,600699,预测中,已明说不会亏,预告,2023年度业绩预告（预增）,False,True
2024-01-17 00:00:00,600729,预测中,已明说不会亏,预告,2023年度业绩预告（预增）,False,True
2024-01-17 00:00:00,601689,预测中,已明说不会亏,预告,2023年度业绩预告（略增）,False,True
2024-01-17 00:00:00,603800,预测中,已明说不会亏,预告,2023年度业绩预告（预增）,False,True
2024-01-17 00:00:00,603166,预测中,已明说不会亏,预告,2023年度业绩预告（预增）,False,True
2024-01-17 00:00:00,603505,预测中,已明说不会亏,预告,2023年度业绩预告（预增）,False,True
2024-01-17 00:00:00,688109,预测中,已明说不会亏,预告,2023年度业绩预告（扭亏）,False,True
2024-01-17 00:00:00,688333,预测中,已明说不会亏,预告,2023年度业绩预告（预增）,False,True
2024-01-17 00:00:00,688571,预测中,已明说不会亏,预告,2023年度业绩预告（预增）,False,True
2024-01-17 00:00:00,688676,预测中,已明说不会亏,预告,2023年度业绩预告（预增）,False,True
2024-01-17 00:00:00,600158,预测中,已明说不会亏,预告,2023年度业绩预告（预增）,False,True
2024-01-17 00:00:00,601702,预测中,已明说不会亏,预告,2023年度业绩预告（略增）,False,True
2024-01-17 00:00:00,002517,预测中,已明说不会亏,预告,2023年度业绩预告（预增）,False,True
2024-01-17 00:00:00,300680,预测中,已明说不会亏,预告,2023年度业绩预告（预增）,False,True
2024-01-17 00:00:00,000716,预测中,已明说不会亏,预告,2023年度业绩预告（扭亏）,False,True
2024-01-17 00:00:00,301004,预测中,已明说不会亏,预告,2023年度业绩预告（预增）,False,True
2024-01-17 00:00:00,000883,预测中,已明说不会亏,预告,2023年度业绩预告（预增）,False,True
2024-01-17 00:00:00,002073,预测中,已明说不会亏,预告,2023年度业绩预告（预增）,False,True
2024-01-17 00:00:00,002165,预测中,已明说不会亏,预告,2023年度业绩预告（扭亏）,False,True
2024-01-17 00:00:00,002211,预测中,已明说会亏,预告,2023年度业绩预告（首亏）,False,True
2024-01-17 00:00:00,002283,预测中,已明说不会亏,预告,2023年度业绩预告（预增）,False,True
2024-01-17 00:00:00,002609,预测中,已明说不会亏,预告,2023年度业绩预告（预增）,False,True
2024-01-17 00:00:00,000768,预测中,已明说不会亏,预告,2023年度业绩预告（预增）,False,True
2024-01-17 00:00:00,002870,预测中,已明说不会亏,预告,2023年度业绩预告（预增）,False,True
2024-01-17 00:00:00,002965,预测中,已明说不会亏,预告,2023年度业绩预告（预增）,False,True
2024-01-17 00:00:00,300102,预测中,已明说不会亏,预告,2023年度业绩预告（扭亏）,True,True
2024-01-17 00:00:00,300243,预测中,已明说不会亏,预告,2023年度业绩预告（预增）,False,True
2024-01-17 00:00:00,300339,预测中,已明说不会亏,预告,2023年度业绩预告（预增）,False,True
2024-01-17 00:00:00,300399,预测中,已明说不会亏,预告,2023年度业绩预告（预增）,False,True
2024-01-17 00:00:00,300441,预测中,已明说不会亏,预告,2023年度业绩预告（预增）,False,True
2024-01-17 00:00:00,002859,预测中,已明说不会亏,预告,2023年度业绩预告（预增）,False,True
2024-01-17 00:00:00,300625,预测中,已明说不会亏,预告,2023年度业绩预告（预增）,False,True
2024-01-18 00:00:00,603227,预测中,已明说不会亏,预告,2023年度业绩预告（略增）,False,True
2024-01-18 00:00:00,603615,预测中,已明说不会亏,预告,2023年度业绩预告（扭亏）,False,True
2024-01-18 00:00:00,603829,预测中,已明说不会亏,预告,2023年度业绩预告（预增）,False,True
2024-01-18 00:00:00,603950,预测中,已明说不会亏,预告,2023年度业绩预告（预增）,False,True
2024-01-18 00:00:00,605098,预测中,已明说不会亏,预告,2023年度业绩预告（预增）,False,True
2024-01-18 00:00:00,605319,预测中,已明说不会亏,预告,2023年度业绩预告（预增）,False,True
2024-01-18 00:00:00,688127,预测中,已明说不会亏,预告,2023年度业绩预告（预增）,False,True
2024-01-18 00:00:00,688510,预测中,已明说不会亏,预告,2023年度业绩预告（预增）,False,True
2024-01-18 00:00:00,688386,预测中,已明说不会亏,预告,2023年度业绩预告（预增）,False,True
2024-01-18 00:00:00,688475,预测中,已明说不会亏,预告,2023年度业绩预告（预增）,False,True
2024-01-18 00:00:00,688533,预测中,已明说不会亏,预告,2023年度业绩预告（预增）,False,True
2024-01-18 00:00:00,688580,预测中,已明说不会亏,预告,2023年度业绩预告（略增）,False,True
2024-01-18 00:00:00,603050,预测中,已明说不会亏,预告,2023年度业绩预告（预增）,False,True
2024-01-18 00:00:00,688153,预测中,已明说不会亏,预告,2023年度业绩预告（预增）,False,True
2024-01-18 00:00:00,603029,预测中,已明说不会亏,预告,2023年度业绩预告（略增）,False,True
2024-01-18 00:00:00,300012,预测中,已明说不会亏,预告,2023年度业绩预告（略增）,False,True
2024-01-18 00:00:00,301256,预测中,已明说不会亏,预告,2023年度业绩预告（略增）,False,True
2024-01-18 00:00:00,001225,预测中,已明说不会亏,预告,2023年度业绩预告（预减）,False,True
2024-01-18 00:00:00,002381,预测中,已明说不会亏,预告,2023年度业绩预告（预增）,False,True
2024-01-18 00:00:00,002393,预测中,已明说不会亏,预告,2023年度业绩预告（预增）,False,True
2024-01-18 00:00:00,002458,预测中,已明说不会亏,预告,2023年度业绩预告（扭亏）,False,True
2024-01-18 00:00:00,002521,预测中,已明说不会亏,预告,2023年度业绩预告（预增）,False,True
2024-01-18 00:00:00,002616,预测中,已明说不会亏,预告,2023年度业绩预告（预增）,False,True
2024-01-18 00:00:00,002643,预测中,已明说不会亏,预告,2023年度业绩预告（略增）,False,True
2024-01-18 00:00:00,002745,预测中,已明说不会亏,预告,2023年度业绩预告（预增）,False,True
2024-01-18 00:00:00,600059,预测中,已明说不会亏,预告,2023年度业绩预告（预增）,False,True
2024-01-18 00:00:00,003032,预测中,已明说不会亏,预告,2023年度业绩预告（预减）,False,True
2024-01-18 00:00:00,300236,预测中,已明说不会亏,预告,2023年度业绩预告（预增）,False,True
2024-01-18 00:00:00,300314,预测中,已明说不会亏,预告,2023年度业绩预告（预增）,False,True
2024-01-18 00:00:00,300408,预测中,已明说不会亏,预告,2023年度业绩预告（续盈）,False,True
2024-01-18 00:00:00,300693,预测中,已明说不会亏,预告,2023年度业绩预告（预增）,False,True
2024-01-18 00:00:00,300831,预测中,已明说不会亏,预告,2023年度业绩预告（预减）,False,True
2024-01-18 00:00:00,300990,预测中,已明说不会亏,预告,2023年度业绩预告（略增）,False,True
2024-01-18 00:00:00,002970,预测中,已明说不会亏,预告,2023年度业绩预告（扭亏）,False,True
2024-01-19 00:00:00,300972,预测中,已明说会亏,预告,2023年度业绩预告（首亏）,False,True
2024-01-19 00:00:00,300938,预测中,已明说不会亏,预告,2023年度业绩预告（略增）,False,True
2024-01-19 00:00:00,300893,预测中,已明说不会亏,预告,2023年度业绩预告（预增）,False,True
2024-01-19 00:00:00,300782,预测中,已明说不会亏,预告,2023年度业绩预告（略增）,False,True
2024-01-19 00:00:00,300824,预测中,已明说不会亏,预告,2023年度业绩预告（预增）,False,True
2024-01-19 00:00:00,600141,预测中,已明说不会亏,预告,2023年度业绩预告（预减）,False,True
2024-01-19 00:00:00,300740,预测中,已明说不会亏,预告,2023年度业绩预告（预增）,False,True
2024-01-19 00:00:00,300881,预测中,已明说不会亏,预告,2023年度业绩预告（预增）,False,True
2024-01-19 00:00:00,600211,预测中,已明说不会亏,预告,2023年度业绩预告（预增）,False,True
2024-01-19 00:00:00,603189,预测中,已明说会亏,预告,2023年度业绩预告（首亏）,False,True
2024-01-19 00:00:00,600535,预测中,已明说不会亏,预告,2023年度业绩预告（扭亏）,False,True
2024-01-19 00:00:00,603093,预测中,已明说不会亏,预告,2023年度业绩预告（预增）,False,True
2024-01-19 00:00:00,603956,预测中,已明说不会亏,预告,2023年度业绩预告（扭亏）,True,True
2024-01-19 00:00:00,688318,预测中,已明说不会亏,预告,2023年度业绩预告（预增）,False,True
2024-01-19 00:00:00,300729,预测中,已明说不会亏,预告,2023年度业绩预告（预增）,False,True
2024-01-19 00:00:00,600397,预测中,已明说会亏,预告,2023年度业绩预告（增亏）,False,True
2024-01-19 00:00:00,300682,预测中,已明说不会亏,预告,2023年度业绩预告（略增）,False,True
2024-01-19 00:00:00,300579,预测中,已明说会亏,预告,2023年度业绩预告（首亏）,False,True
2024-01-19 00:00:00,000530,预测中,已明说不会亏,预告,2023年度业绩预告（预增）,False,True
2024-01-19 00:00:00,300592,预测中,已明说不会亏,预告,2023年度业绩预告（预增）,False,True
2024-01-19 00:00:00,002077,预测中,已明说不会亏,预告,2023年度业绩预告（预增）,False,True
2024-01-19 00:00:00,002337,预测中,已明说不会亏,预告,2023年度业绩预告（预增）,False,True
2024-01-19 00:00:00,002448,预测中,已明说不会亏,预告,2023年度业绩预告（预增）,False,True
2024-01-19 00:00:00,002683,预测中,已明说不会亏,预告,2023年度业绩预告（略增）,False,True
2024-01-19 00:00:00,002713,预测中,已明说会亏,预告,2023年度业绩预告（减亏）,True,True
2024-01-19 00:00:00,002732,预测中,已明说不会亏,预告,2023年度业绩预告（预增）,False,True
2024-01-19 00:00:00,002830,预测中,已明说不会亏,预告,2023年度业绩预告（预增）,False,True
2024-01-19 00:00:00,002900,预测中,已明说不会亏,预告,2023年度业绩预告（预增）,False,True
2024-01-19 00:00:00,001213,预测中,已明说不会亏,预告,2023年度业绩预告（预增）,False,True
2024-01-19 00:00:00,002988,预测中,已明说不会亏,预告,2023年度业绩预告（扭亏）,False,True
2024-01-19 00:00:00,002917,预测中,已明说不会亏,预告,2023年度业绩预告（预增）,False,True
2024-01-19 00:00:00,300529,预测中,已明说不会亏,预告,2023年度业绩预告（预减）,False,True
2024-01-19 00:00:00,300446,预测中,已明说不会亏,预告,2023年度业绩预告（预增）,False,True
2024-01-19 00:00:00,300415,预测中,已明说不会亏,预告,2023年度业绩预告（略增）,False,True
2024-01-19 00:00:00,300532,预测中,已明说不会亏,预告,2023年度业绩预告（预增）,False,True
2024-01-19 00:00:00,300158,预测中,已明说会亏,预告,2023年度业绩预告（减亏）,True,True
2024-01-19 00:00:00,300092,预测中,已明说不会亏,预告,2023年度业绩预告（略增）,False,True
2024-01-19 00:00:00,002991,预测中,已明说不会亏,预告,2023年度业绩预告（预增）,False,True
2024-01-19 00:00:00,300316,预测中,已明说不会亏,预告,2023年度业绩预告（预增）,False,True
2024-01-20 00:00:00,600021,预测中,已明说不会亏,预告,2023年度业绩预告（预增）,False,True
2024-01-20 00:00:00,600023,预测中,已明说不会亏,预告,2023年度业绩预告（扭亏）,False,True
2024-01-20 00:00:00,600121,预测中,已明说不会亏,预告,2023年度业绩预告（预减）,False,True
2024-01-20 00:00:00,600351,预测中,已明说不会亏,预告,2023年度业绩预告（预增）,False,True
2024-01-20 00:00:00,600518,预测中,已明说不会亏,预告,2023年度业绩预告（扭亏）,False,True
2024-01-20 00:00:00,600858,预测中,已明说不会亏,预告,2023年度业绩预告（扭亏）,False,True
2024-01-20 00:00:00,603042,预测中,已明说会亏,预告,2023年度业绩预告（减亏）,True,True
2024-01-20 00:00:00,603551,预测中,已明说不会亏,预告,2023年度业绩预告（略增）,False,True
2024-01-20 00:00:00,603110,预测中,已明说不会亏,预告,2023年度业绩预告（预增）,False,True
2024-01-20 00:00:00,603136,预测中,已明说不会亏,预告,2023年度业绩预告（预增）,False,True
2024-01-20 00:00:00,603162,预测中,已明说不会亏,预告,2023年度业绩预告（预减）,False,True
2024-01-20 00:00:00,605300,预测中,已明说不会亏,预告,2023年度业绩预告（预增）,False,True
2024-01-20 00:00:00,688152,预测中,已明说会亏,预告,2023年度业绩预告（首亏）,False,True
2024-01-20 00:00:00,688779,预测中,已明说会亏,预告,2023年度业绩预告（首亏）,False,True
2024-01-20 00:00:00,301037,预测中,已明说会亏,预告,2023年度业绩预告（首亏）,False,True
2024-01-20 00:00:00,603099,预测中,已明说不会亏,预告,2023年度业绩预告（扭亏）,True,True
2024-01-20 00:00:00,300919,预测中,已明说不会亏,预告,2023年度业绩预告（略增）,False,True
2024-01-20 00:00:00,601866,预测中,已明说不会亏,预告,2023年度业绩预告（预减）,False,True
2024-01-20 00:00:00,300553,预测中,已明说不会亏,预告,2023年度业绩预告（预增）,False,True
2024-01-20 00:00:00,300721,预测中,已明说会亏,预告,2023年度业绩预告（首亏）,False,True
2024-01-20 00:00:00,000166,预测中,已明说不会亏,预告,2023年度业绩预告（预增）,False,True
2024-01-20 00:00:00,000550,预测中,已明说不会亏,预告,2023年度业绩预告（预增）,False,True
2024-01-20 00:00:00,000931,预测中,已明说不会亏,预告,2023年度业绩预告（扭亏）,False,True
2024-01-20 00:00:00,000973,预测中,已明说不会亏,预告,2023年度业绩预告（预增）,False,True
2024-01-20 00:00:00,001283,预测中,已明说不会亏,预告,2023年度业绩预告（预减）,False,True
2024-01-20 00:00:00,002187,预测中,已明说不会亏,预告,2023年度业绩预告（扭亏）,False,True
2024-01-20 00:00:00,002258,预测中,已明说不会亏,预告,2023年度业绩预告（预减）,False,True
2024-01-20 00:00:00,002279,预测中,已明说会亏,预告,2023年度业绩预告（首亏）,False,True
2024-01-20 00:00:00,001296,预测中,已明说不会亏,预告,2023年度业绩预告（预增）,False,True
2024-01-20 00:00:00,000089,预测中,已明说不会亏,预告,2023年度业绩预告（扭亏）,True,True
2024-01-20 00:00:00,002423,预测中,已明说不会亏,预告,2023年度业绩预告（预增）,False,True
2024-01-20 00:00:00,300141,预测中,已明说不会亏,预告,2023年度业绩预告（扭亏）,False,True
2024-01-20 00:00:00,300107,预测中,已明说不会亏,预告,2023年度业绩预告（预减）,False,True
2024-01-20 00:00:00,300394,预测中,已明说不会亏,预告,2023年度业绩预告（预增）,False,True
2024-01-20 00:00:00,002858,预测中,已明说会亏,预告,2023年度业绩预告（增亏）,False,True
2024-01-20 00:00:00,002444,预测中,已明说不会亏,预告,2023年度业绩预告（略增）,False,True
2024-01-20 00:00:00,002880,预测中,已明说不会亏,预告,2023年度业绩预告（预增）,False,True
2024-01-22 00:00:00,300857,预测中,已明说不会亏,预告,2023年度业绩预告（预增）,False,True
2024-01-22 00:00:00,688516,预测中,已明说不会亏,预告,2023年度业绩预告（预增）,False,True
2024-01-22 00:00:00,688501,预测中,已明说不会亏,预告,2023年度业绩预告（预增）,False,True
2024-01-22 00:00:00,688002,预测中,已明说不会亏,预告,2023年度业绩预告（预增）,False,True
2024-01-22 00:00:00,301053,预测中,已明说不会亏,预告,2023年度业绩预告（预减）,False,True
2024-01-22 00:00:00,301039,预测中,已明说不会亏,预告,2023年度业绩预告（预增）,False,True
2024-01-22 00:00:00,300906,预测中,已明说不会亏,预告,2023年度业绩预告（预增）,False,True
2024-01-22 00:00:00,300757,预测中,已明说不会亏,预告,2023年度业绩预告（预增）,False,True
2024-01-22 00:00:00,688120,预测中,已明说不会亏,预告,2023年度业绩预告（预增）,False,True
2024-01-22 00:00:00,300562,预测中,已明说不会亏,预告,2023年度业绩预告（扭亏）,False,True
2024-01-22 00:00:00,300474,预测中,已明说不会亏,预告,2023年度业绩预告（预减）,False,True
2024-01-22 00:00:00,300406,预测中,已明说不会亏,预告,2023年度业绩预告（略增）,False,True
2024-01-22 00:00:00,300285,预测中,已明说不会亏,预告,2023年度业绩预告（略增）,False,True
2024-01-22 00:00:00,300274,预测中,已明说不会亏,预告,2023年度业绩预告（预增）,False,True
2024-01-22 00:00:00,300218,预测中,已明说不会亏,预告,2023年度业绩预告（预减）,False,True
2024-01-22 00:00:00,300130,预测中,已明说不会亏,预告,2023年度业绩预告（预增）,False,True
2024-01-22 00:00:00,300073,预测中,已明说不会亏,预告,2023年度业绩预告（略减）,False,True
2024-01-22 00:00:00,300046,预测中,已明说不会亏,预告,2023年度业绩预告（预增）,False,True
2024-01-22 00:00:00,002902,预测中,已明说会亏,预告,2023年度业绩预告（首亏）,False,True
2024-01-22 00:00:00,300681,预测中,已明说不会亏,预告,2023年度业绩预告（预增）,False,True
2024-01-23 00:00:00,603158,预测中,已明说不会亏,预告,2023年度业绩预告（预增）,False,True
2024-01-23 00:00:00,601886,预测中,已明说不会亏,预告,2023年度业绩预告（略增）,False,True
2024-01-23 00:00:00,600918,预测中,已明说不会亏,预告,2023年度业绩预告（预增）,False,True
2024-01-23 00:00:00,600726,预测中,已明说会亏,预告,2023年度业绩预告（减亏）,False,True
2024-01-23 00:00:00,600133,预测中,已明说不会亏,预告,2023年度业绩预告（预增）,False,True
2024-01-23 00:00:00,600575,预测中,已明说不会亏,预告,2023年度业绩预告（预增）,False,True
2024-01-23 00:00:00,600446,预测中,已明说不会亏,预告,2023年度业绩预告（预增）,False,True
2024-01-23 00:00:00,600255,预测中,已明说会亏,预告,2023年度业绩预告（首亏）,False,True
2024-01-23 00:00:00,603508,预测中,已明说不会亏,预告,2023年度业绩预告（略增）,False,True
2024-01-23 00:00:00,301302,预测中,已明说会亏,预告,2023年度业绩预告（首亏）,False,True
2024-01-23 00:00:00,300898,预测中,已明说不会亏,预告,2023年度业绩预告（预增）,False,True
2024-01-23 00:00:00,600576,预测中,已明说不会亏,预告,2023年度业绩预告（预增）,False,True
2024-01-23 00:00:00,603596,预测中,已明说不会亏,预告,2023年度业绩预告（略增）,False,True
2024-01-23 00:00:00,688072,预测中,已明说不会亏,预告,2023年度业绩预告（预增）,False,True
2024-01-23 00:00:00,603979,预测中,已明说不会亏,预告,2023年度业绩预告（预增）,False,True
2024-01-23 00:00:00,603983,预测中,已明说不会亏,预告,2023年度业绩预告（预增）,False,True
2024-01-23 00:00:00,605003,预测中,已明说不会亏,预告,2023年度业绩预告（预增）,False,True
2024-01-23 00:00:00,605066,预测中,已明说不会亏,预告,2023年度业绩预告（预增）,False,True
2024-01-23 00:00:00,688221,预测中,已明说会亏,预告,2023年度业绩预告（减亏）,True,True
2024-01-23 00:00:00,688289,预测中,已明说不会亏,预告,2023年度业绩预告（预减）,False,True
2024-01-23 00:00:00,688373,预测中,已明说会亏,预告,2023年度业绩预告（增亏）,True,True
2024-01-23 00:00:00,688439,预测中,已明说不会亏,预告,2023年度业绩预告（预增）,False,True
2024-01-23 00:00:00,688596,预测中,已明说不会亏,预告,2023年度业绩预告（预增）,False,True
2024-01-23 00:00:00,688636,预测中,已明说不会亏,预告,2023年度业绩预告（略增）,False,True
2024-01-23 00:00:00,688798,预测中,已明说不会亏,预告,2023年度业绩预告（扭亏）,False,True
2024-01-23 00:00:00,300859,预测中,已明说不会亏,预告,2023年度业绩预告（扭亏）,True,True
2024-01-23 00:00:00,603969,预测中,已明说不会亏,预告,2023年度业绩预告（预增）,False,True
2024-01-23 00:00:00,300820,预测中,已明说不会亏,预告,2023年度业绩预告（略增）,False,True
2024-01-23 00:00:00,301257,预测中,已明说不会亏,预告,2023年度业绩预告（预增）,False,True
2024-01-23 00:00:00,300718,预测中,已明说不会亏,预告,2023年度业绩预告（预增）,False,True
2024-01-23 00:00:00,002592,预测中,已明说不会亏,预告,2023年度业绩预告（预增）,False,True
2024-01-23 00:00:00,002537,预测中,已明说不会亏,预告,2023年度业绩预告（预减）,False,True
2024-01-23 00:00:00,002456,预测中,已明说不会亏,预告,2023年度业绩预告（扭亏）,True,True
2024-01-23 00:00:00,002419,预测中,已明说不会亏,预告,2023年度业绩预告（预增）,False,True
2024-01-23 00:00:00,002395,预测中,已明说不会亏,预告,2023年度业绩预告（扭亏）,False,True
2024-01-23 00:00:00,002093,预测中,已明说不会亏,预告,2023年度业绩预告（预增）,False,True
2024-01-23 00:00:00,002625,预测中,已明说不会亏,预告,2023年度业绩预告（预增）,False,True
2024-01-23 00:00:00,000800,预测中,已明说不会亏,预告,2023年度业绩预告（预增）,False,True
2024-01-23 00:00:00,000791,预测中,已明说不会亏,预告,2023年度业绩预告（预增）,False,True
2024-01-23 00:00:00,000554,预测中,已明说不会亏,预告,2023年度业绩预告（预增）,False,True
2024-01-23 00:00:00,000523,预测中,已明说不会亏,预告,2023年度业绩预告（扭亏）,False,True
2024-01-23 00:00:00,300752,预测中,已明说不会亏,预告,2023年度业绩预告（扭亏）,True,True
2024-01-23 00:00:00,000510,预测中,已明说会亏,预告,2023年度业绩预告（首亏）,False,True
2024-01-23 00:00:00,000925,预测中,已明说不会亏,预告,2023年度业绩预告（略增）,False,True
2024-01-23 00:00:00,002648,预测中,已明说不会亏,预告,2023年度业绩预告（预增）,False,True
2024-01-23 00:00:00,000997,预测中,已明说不会亏,预告,2023年度业绩预告（扭亏）,False,True
2024-01-23 00:00:00,002730,预测中,已明说不会亏,预告,2023年度业绩预告（预增）,False,True
2024-01-23 00:00:00,300589,预测中,已明说不会亏,预告,2023年度业绩预告（预增）,False,True
2024-01-23 00:00:00,300622,预测中,已明说不会亏,预告,2023年度业绩预告（预增）,False,True
2024-01-23 00:00:00,002657,预测中,已明说会亏,预告,2023年度业绩预告（减亏）,False,True
2024-01-23 00:00:00,300559,预测中,已明说不会亏,预告,2023年度业绩预告（预增）,False,True
2024-01-23 00:00:00,300525,预测中,已明说不会亏,预告,2023年度业绩预告（略增）,False,True
2024-01-23 00:00:00,300487,预测中,已明说不会亏,预告,2023年度业绩预告（预增）,False,True
2024-01-23 00:00:00,300381,预测中,已明说会亏,预告,2023年度业绩预告（首亏）,False,True
2024-01-23 00:00:00,300554,预测中,已明说不会亏,预告,2023年度业绩预告（预增）,False,True
2024-01-23 00:00:00,300365,预测中,已明说不会亏,预告,2023年度业绩预告（扭亏）,False,True
2024-01-23 00:00:00,300279,预测中,已明说不会亏,预告,2023年度业绩预告（扭亏）,False,True
2024-01-23 00:00:00,300145,预测中,已明说不会亏,预告,2023年度业绩预告（预增）,False,True
2024-01-23 00:00:00,300048,预测中,已明说会亏,预告,2023年度业绩预告（首亏）,False,True
2024-01-23 00:00:00,003002,预测中,已明说不会亏,预告,2023年度业绩预告（预增）,False,True
2024-01-23 00:00:00,002998,预测中,已明说不会亏,预告,2023年度业绩预告（预增）,False,True
2024-01-23 00:00:00,300370,预测中,已明说会亏,预告,2023年度业绩预告（减亏）,True,True
2024-01-24 00:00:00,603127,预测中,已明说不会亏,预告,2023年度业绩预告（预减）,False,True
2024-01-24 00:00:00,600889,预测中,已明说会亏,预告,2023年度业绩预告（续亏）,True,True
2024-01-24 00:00:00,603087,预测中,已明说不会亏,预告,2023年度业绩预告（扭亏）,False,True
2024-01-24 00:00:00,603038,预测中,已明说不会亏,预告,2023年度业绩预告（预增）,False,True
2024-01-24 00:00:00,603002,预测中,已明说不会亏,预告,2023年度业绩预告（预减）,False,True
2024-01-24 00:00:00,601700,预测中,已明说不会亏,预告,2023年度业绩预告（预增）,False,True
2024-01-24 00:00:00,601236,预测中,已明说不会亏,预告,2023年度业绩预告（预增）,False,True
2024-01-24 00:00:00,600933,预测中,已明说不会亏,预告,2023年度业绩预告（略增）,False,True
2024-01-24 00:00:00,600822,预测中,已明说不会亏,预告,2023年度业绩预告（预增）,False,True
2024-01-24 00:00:00,600536,预测中,已明说会亏,预告,2023年度业绩预告（首亏）,False,True
2024-01-24 00:00:00,600688,预测中,已明说会亏,预告,2023年度业绩预告（减亏）,False,True
2024-01-24 00:00:00,600654,预测中,已明说不会亏,预告,2023年度业绩预告（扭亏）,False,True
2024-01-24 00:00:00,600644,预测中,已明说不会亏,预告,2023年度业绩预告（预减）,False,True
2024-01-24 00:00:00,600626,预测中,已明说会亏,预告,2023年度业绩预告（增亏）,True,True
2024-01-24 00:00:00,600584,预测中,已明说不会亏,预告,2023年度业绩预告（预减）,False,True
2024-01-24 00:00:00,600482,预测中,已明说不会亏,预告,2023年度业绩预告（预增）,False,True
2024-01-24 00:00:00,600400,预测中,已明说不会亏,预告,2023年度业绩预告（预增）,True,True
2024-01-24 00:00:00,600372,预测中,已明说不会亏,预告,2023年度业绩预告（略增）,False,True
2024-01-24 00:00:00,600316,预测中,已明说不会亏,预告,2023年度业绩预告（预减）,False,True
2024-01-24 00:00:00,603161,预测中,已明说不会亏,预告,2023年度业绩预告（预增）,False,True
2024-01-24 00:00:00,600816,预测中,已明说不会亏,预告,2023年度业绩预告（扭亏）,True,True
2024-01-24 00:00:00,603238,预测中,已明说不会亏,预告,2023年度业绩预告（预增）,False,True
2024-01-24 00:00:00,688575,预测中,已明说不会亏,预告,2023年度业绩预告（预减）,False,True
2024-01-24 00:00:00,603286,预测中,已明说不会亏,预告,2023年度业绩预告（扭亏）,False,True
2024-01-24 00:00:00,600310,预测中,已明说不会亏,预告,2023年度业绩预告（扭亏）,False,True
2024-01-24 00:00:00,688772,预测中,已明说不会亏,预告,2023年度业绩预告（预增）,True,True
2024-01-24 00:00:00,688685,预测中,已明说不会亏,预告,2023年度业绩预告（预减）,False,True
2024-01-24 00:00:00,688626,预测中,已明说不会亏,预告,2023年度业绩预告（预增）,False,True
2024-01-24 00:00:00,688556,预测中,已明说不会亏,预告,2023年度业绩预告（预增）,False,True
2024-01-24 00:00:00,688519,预测中,已明说会亏,预告,2023年度业绩预告（首亏）,False,True
2024-01-24 00:00:00,603279,预测中,已明说不会亏,预告,2023年度业绩预告（略增）,False,True
2024-01-24 00:00:00,688382,预测中,已明说会亏,预告,2023年度业绩预告（减亏）,True,True
2024-01-24 00:00:00,688169,预测中,已明说不会亏,预告,2023年度业绩预告（预增）,False,True
2024-01-24 00:00:00,688066,预测中,已明说会亏,预告,2023年度业绩预告（首亏）,False,True
2024-01-24 00:00:00,688020,预测中,已明说会亏,预告,2023年度业绩预告（续亏）,True,True
2024-01-24 00:00:00,603982,预测中,已明说会亏,预告,2023年度业绩预告（增亏）,True,True
2024-01-24 00:00:00,603977,预测中,已明说不会亏,预告,2023年度业绩预告（预增）,False,True
2024-01-24 00:00:00,603893,预测中,已明说不会亏,预告,2023年度业绩预告（预减）,False,True
2024-01-24 00:00:00,603688,预测中,已明说不会亏,预告,2023年度业绩预告（预增）,False,True
2024-01-24 00:00:00,603392,预测中,已明说不会亏,预告,2023年度业绩预告（预减）,False,True
2024-01-24 00:00:00,688200,预测中,已明说不会亏,预告,2023年度业绩预告（预减）,False,True
2024-01-24 00:00:00,600223,预测中,已明说不会亏,预告,2023年度业绩预告（预增）,False,True
2024-01-24 00:00:00,688006,预测中,已明说不会亏,预告,2023年度业绩预告（预增）,False,True
2024-01-24 00:00:00,600071,预测中,已明说会亏,预告,2023年度业绩预告（首亏）,True,True
2024-01-24 00:00:00,002661,预测中,已明说会亏,预告,2023年度业绩预告（首亏）,False,True
2024-01-24 00:00:00,002627,预测中,已明说不会亏,预告,2023年度业绩预告（预增）,False,True
2024-01-24 00:00:00,002478,预测中,已明说不会亏,预告,2023年度业绩预告（预增）,False,True
2024-01-24 00:00:00,002445,预测中,已明说不会亏,预告,2023年度业绩预告（预增）,False,True
2024-01-24 00:00:00,002373,预测中,已明说不会亏,预告,2023年度业绩预告（扭亏）,False,True
2024-01-24 00:00:00,002357,预测中,已明说不会亏,预告,2023年度业绩预告（预增）,False,True
2024-01-24 00:00:00,002233,预测中,已明说不会亏,预告,2023年度业绩预告（预增）,False,True
2024-01-24 00:00:00,002195,预测中,已明说不会亏,预告,2023年度业绩预告（预增）,False,True
2024-01-24 00:00:00,002171,预测中,已明说不会亏,预告,2023年度业绩预告（预增）,False,True
2024-01-24 00:00:00,002090,预测中,已明说不会亏,预告,2023年度业绩预告（预增）,False,True
2024-01-24 00:00:00,002033,预测中,已明说不会亏,预告,2023年度业绩预告（预增）,False,True
2024-01-24 00:00:00,001207,预测中,已明说不会亏,预告,2023年度业绩预告（预增）,False,True
2024-01-24 00:00:00,000951,预测中,已明说不会亏,预告,2023年度业绩预告（预增）,False,True
2024-01-24 00:00:00,000782,预测中,已明说会亏,预告,2023年度业绩预告（增亏）,False,True
2024-01-24 00:00:00,000758,预测中,已明说不会亏,预告,2023年度业绩预告（预增）,False,True
2024-01-24 00:00:00,000680,预测中,已明说不会亏,预告,2023年度业绩预告（略增）,False,True
2024-01-24 00:00:00,000655,预测中,已明说不会亏,预告,2023年度业绩预告（略增）,False,True
2024-01-24 00:00:00,000609,预测中,已明说会亏,预告,2023年度业绩预告（减亏）,True,True
2024-01-24 00:00:00,000338,预测中,已明说不会亏,预告,2023年度业绩预告（预增）,False,True
2024-01-24 00:00:00,000037,预测中,已明说不会亏,预告,2023年度业绩预告（扭亏）,True,True
2024-01-24 00:00:00,600166,预测中,已明说不会亏,预告,2023年度业绩预告（预增）,False,True
2024-01-24 00:00:00,002813,预测中,已明说会亏,预告,2023年度业绩预告（首亏）,True,True
2024-01-24 00:00:00,002860,预测中,已明说不会亏,预告,2023年度业绩预告（预增）,False,True
2024-01-24 00:00:00,000014,预测中,已明说不会亏,预告,2023年度业绩预告（预增）,False,True
2024-01-24 00:00:00,002953,预测中,已明说不会亏,预告,2023年度业绩预告（预增）,False,True
2024-01-24 00:00:00,600026,预测中,已明说不会亏,预告,2023年度业绩预告（预增）,False,True
2024-01-24 00:00:00,301286,预测中,已明说不会亏,预告,2023年度业绩预告（预增）,False,True
2024-01-24 00:00:00,301207,预测中,已明说不会亏,预告,2023年度业绩预告（预增）,False,True
2024-01-24 00:00:00,301190,预测中,已明说不会亏,预告,2023年度业绩预告（预减）,False,True
2024-01-24 00:00:00,300945,预测中,已明说不会亏,预告,2023年度业绩预告（预增）,False,True
2024-01-24 00:00:00,300860,预测中,已明说不会亏,预告,2023年度业绩预告（预增）,False,True
2024-01-24 00:00:00,002951,预测中,已明说会亏,预告,2023年度业绩预告（增亏）,False,True
2024-01-24 00:00:00,300700,预测中,已明说不会亏,预告,2023年度业绩预告（略增）,False,True
2024-01-24 00:00:00,300629,预测中,已明说不会亏,预告,2023年度业绩预告（略增）,False,True
2024-01-24 00:00:00,300610,预测中,已明说不会亏,预告,2023年度业绩预告（预减）,False,True
2024-01-24 00:00:00,300790,预测中,已明说不会亏,预告,2023年度业绩预告（预减）,False,True
2024-01-24 00:00:00,300566,预测中,已明说不会亏,预告,2023年度业绩预告（预增）,False,True
2024-01-24 00:00:00,300598,预测中,已明说不会亏,预告,2023年度业绩预告（扭亏）,False,True
2024-01-24 00:00:00,003038,预测中,已明说不会亏,预告,2023年度业绩预告（预增）,False,True
2024-01-24 00:00:00,300054,预测中,已明说不会亏,预告,2023年度业绩预告（略减）,False,True
2024-01-24 00:00:00,003015,预测中,已明说会亏,预告,2023年度业绩预告（首亏）,False,True
2024-01-24 00:00:00,300160,预测中,已明说不会亏,预告,2023年度业绩预告（略增）,False,True
2024-01-24 00:00:00,300227,预测中,已明说不会亏,预告,2023年度业绩预告（续盈）,False,True
2024-01-24 00:00:00,300413,预测中,已明说不会亏,预告,2023年度业绩预告（预增）,False,True
2024-01-24 00:00:00,300491,预测中,已明说不会亏,预告,2023年度业绩预告（预增）,False,True
2024-01-24 00:00:00,300103,预测中,已明说会亏,预告,2023年度业绩预告（减亏）,True,True
2024-01-24 00:00:00,600037,预测中,已明说会亏,预告,2023年度业绩预告（首亏）,False,True
2024-01-25 00:00:00,603112,预测中,已明说不会亏,预告,2023年度业绩预告（预增）,False,True
2024-01-25 00:00:00,603077,预测中,已明说不会亏,预告,2023年度业绩预告（预减）,False,True
2024-01-25 00:00:00,603031,预测中,已明说不会亏,预告,2023年度业绩预告（预增）,False,True
2024-01-25 00:00:00,601958,预测中,已明说不会亏,预告,2023年度业绩预告（预增）,False,True
2024-01-25 00:00:00,601500,预测中,已明说不会亏,预告,2023年度业绩预告（预增）,False,True
2024-01-25 00:00:00,601279,预测中,已明说不会亏,预告,2023年度业绩预告（预增）,False,True
2024-01-25 00:00:00,601226,预测中,已明说不会亏,预告,2023年度业绩预告（预减）,False,True
2024-01-25 00:00:00,601127,预测中,已明说会亏,预告,2023年度业绩预告（减亏）,False,True
2024-01-25 00:00:00,600152,预测中,已明说会亏,预告,2023年度业绩预告（增亏）,True,True
2024-01-25 00:00:00,600975,预测中,已明说会亏,预告,2023年度业绩预告（增亏）,True,True
2024-01-25 00:00:00,600897,预测中,已明说不会亏,预告,2023年度业绩预告（预增）,False,True
2024-01-25 00:00:00,600865,预测中,已明说不会亏,预告,2023年度业绩预告（预减）,False,True
2024-01-25 00:00:00,600622,预测中,已明说会亏,预告,2023年度业绩预告（首亏）,False,True
2024-01-25 00:00:00,600509,预测中,已明说不会亏,预告,2023年度业绩预告（扭亏）,False,True
2024-01-25 00:00:00,600491,预测中,已明说会亏,预告,2023年度业绩预告（首亏）,False,True
2024-01-25 00:00:00,600396,预测中,已明说不会亏,预告,2023年度业绩预告（扭亏）,False,True
2024-01-25 00:00:00,600333,预测中,已明说会亏,预告,2023年度业绩预告（减亏）,False,True
2024-01-25 00:00:00,600292,预测中,已明说不会亏,预告,2023年度业绩预告（扭亏）,False,True
2024-01-25 00:00:00,603121,预测中,已明说不会亏,预告,2023年度业绩预告（扭亏）,False,True
2024-01-25 00:00:00,601099,预测中,已明说不会亏,预告,2023年度业绩预告（扭亏）,False,True
2024-01-25 00:00:00,603123,预测中,已明说会亏,预告,2023年度业绩预告（增亏）,False,True
2024-01-25 00:00:00,603848,预测中,已明说不会亏,预告,2023年度业绩预告（预增）,False,True
2024-01-25 00:00:00,600129,预测中,已明说不会亏,预告,2023年度业绩预告（预增）,False,True
2024-01-25 00:00:00,688661,预测中,已明说会亏,预告,2023年度业绩预告（首亏）,False,True
2024-01-25 00:00:00,688617,预测中,已明说不会亏,预告,2023年度业绩预告（预增）,False,True
2024-01-25 00:00:00,688551,预测中,已明说不会亏,预告,2023年度业绩预告（预增）,False,True
2024-01-25 00:00:00,688218,预测中,已明说不会亏,预告,2023年度业绩预告（预增）,False,True
2024-01-25 00:00:00,688132,预测中,已明说会亏,预告,2023年度业绩预告（首亏）,False,True
2024-01-25 00:00:00,605100,预测中,已明说不会亏,预告,2023年度业绩预告（预增）,False,True
2024-01-25 00:00:00,605090,预测中,已明说不会亏,预告,2023年度业绩预告（略增）,False,True
2024-01-25 00:00:00,605056,预测中,已明说不会亏,预告,2023年度业绩预告（预减）,False,True
2024-01-25 00:00:00,603885,预测中,已明说不会亏,预告,2023年度业绩预告（扭亏）,False,True
2024-01-25 00:00:00,603690,预测中,已明说不会亏,预告,2023年度业绩预告（预增）,False,True
2024-01-25 00:00:00,603679,预测中,已明说不会亏,预告,2023年度业绩预告（扭亏）,False,True
2024-01-25 00:00:00,603668,预测中,已明说会亏,预告,2023年度业绩预告（首亏）,False,True
2024-01-25 00:00:00,603660,预测中,已明说会亏,预告,2023年度业绩预告（减亏）,True,True
2024-01-25 00:00:00,603602,预测中,已明说不会亏,预告,2023年度业绩预告（预增）,False,True
2024-01-25 00:00:00,603356,预测中,已明说会亏,预告,2023年度业绩预告（增亏）,False,True
2024-01-25 00:00:00,603301,预测中,已明说不会亏,预告,2023年度业绩预告（预减）,False,True
2024-01-25 00:00:00,603267,预测中,已明说不会亏,预告,2023年度业绩预告（预减）,False,True
2024-01-25 00:00:00,603138,预测中,已明说会亏,预告,2023年度业绩预告（增亏）,True,True
2024-01-25 00:00:00,600103,预测中,已明说不会亏,预告,2023年度业绩预告（略减）,False,True
2024-01-25 00:00:00,601108,预测中,已明说不会亏,预告,2023年度业绩预告（预增）,False,True
2024-01-25 00:00:00,301229,预测中,已明说不会亏,预告,2023年度业绩预告（预增）,False,True
2024-01-25 00:00:00,002803,预测中,已明说不会亏,预告,2023年度业绩预告（预增）,False,True
2024-01-25 00:00:00,002752,预测中,已明说不会亏,预告,2023年度业绩预告（预增）,False,True
2024-01-25 00:00:00,002749,预测中,已明说不会亏,预告,2023年度业绩预告（预增）,False,True
2024-01-25 00:00:00,002673,预测中,已明说不会亏,预告,2023年度业绩预告（预增）,False,True
2024-01-25 00:00:00,002597,预测中,已明说不会亏,预告,2023年度业绩预告（预减）,False,True
2024-01-25 00:00:00,002429,预测中,已明说不会亏,预告,2023年度业绩预告（预增）,False,True
2024-01-25 00:00:00,002366,预测中,已明说不会亏,预告,2023年度业绩预告（预减）,False,True
2024-01-25 00:00:00,002302,预测中,已明说不会亏,预告,2023年度业绩预告（略增）,False,True
2024-01-25 00:00:00,002278,预测中,已明说不会亏,预告,2023年度业绩预告（扭亏）,False,True
2024-01-25 00:00:00,002270,预测中,已明说不会亏,预告,2023年度业绩预告（预增）,False,True
2024-01-25 00:00:00,002226,预测中,已明说不会亏,预告,2023年度业绩预告（预增）,False,True
2024-01-25 00:00:00,000999,预测中,已明说不会亏,预告,2023年度业绩预告（略增）,False,True
2024-01-25 00:00:00,000953,预测中,已明说会亏,预告,2023年度业绩预告（减亏）,False,True
2024-01-25 00:00:00,000678,预测中,已明说会亏,预告,2023年度业绩预告（减亏）,True,True
2024-01-25 00:00:00,000528,预测中,已明说不会亏,预告,2023年度业绩预告（预增）,False,True
2024-01-25 00:00:00,000521,预测中,已明说不会亏,预告,2023年度业绩预告（预增）,False,True
2024-01-25 00:00:00,000157,预测中,已明说不会亏,预告,2023年度业绩预告（预增）,False,True
2024-01-25 00:00:00,000045,预测中,已明说不会亏,预告,2023年度业绩预告（略增）,False,True
2024-01-25 00:00:00,000007,预测中,已明说不会亏,预告,2023年度业绩预告（扭亏）,False,True
2024-01-25 00:00:00,002820,预测中,已明说不会亏,预告,2023年度业绩预告（扭亏）,False,True
2024-01-25 00:00:00,002869,预测中,已明说不会亏,预告,2023年度业绩预告（预增）,False,True
2024-01-25 00:00:00,000589,预测中,已明说不会亏,预告,2023年度业绩预告（预增）,False,True
2024-01-25 00:00:00,002982,预测中,已明说会亏,预告,2023年度业绩预告（首亏）,False,True
2024-01-25 00:00:00,301200,预测中,已明说不会亏,预告,2023年度业绩预告（预减）,False,True
2024-01-25 00:00:00,002879,预测中,已明说不会亏,预告,2023年度业绩预告（预增）,False,True
2024-01-25 00:00:00,301067,预测中,已明说不会亏,预告,2023年度业绩预告（预减）,False,True
2024-01-25 00:00:00,301046,预测中,已明说不会亏,预告,2023年度业绩预告（预增）,False,True
2024-01-25 00:00:00,300949,预测中,已明说会亏,预告,2023年度业绩预告（增亏）,True,True
2024-01-25 00:00:00,300807,预测中,已明说会亏,预告,2023年度业绩预告（增亏）,False,True
2024-01-25 00:00:00,300758,预测中,已明说不会亏,预告,2023年度业绩预告（扭亏）,False,True
2024-01-25 00:00:00,300753,预测中,已明说不会亏,预告,2023年度业绩预告（扭亏）,False,True
2024-01-25 00:00:00,300440,预测中,已明说不会亏,预告,2023年度业绩预告（预增）,False,True
2024-01-25 00:00:00,300416,预测中,已明说不会亏,预告,2023年度业绩预告（略增）,False,True
2024-01-25 00:00:00,300374,预测中,已明说会亏,预告,2023年度业绩预告（减亏）,True,True
2024-01-25 00:00:00,300969,预测中,已明说不会亏,预告,2023年度业绩预告（略增）,False,True
2024-01-25 00:00:00,300306,预测中,已明说不会亏,预告,2023年度业绩预告（略增）,False,True
2024-01-25 00:00:00,300337,预测中,已明说不会亏,预告,2023年度业绩预告（略增）,False,True
2024-01-25 00:00:00,300074,预测中,已明说不会亏,预告,2023年度业绩预告（扭亏）,False,True
2024-01-25 00:00:00,300132,预测中,已明说会亏,预告,2023年度业绩预告（减亏）,True,True
2024-01-25 00:00:00,300076,预测中,已明说会亏,预告,2023年度业绩预告（续亏）,False,True
2024-01-25 00:00:00,300201,预测中,已明说不会亏,预告,2023年度业绩预告（预增）,False,True
2024-01-25 00:00:00,300210,预测中,已明说会亏,预告,2023年度业绩预告（减亏）,True,True
2024-01-25 00:00:00,300293,预测中,已明说会亏,预告,2023年度业绩预告（减亏）,False,True
2024-01-25 00:00:00,300181,预测中,已明说不会亏,预告,2023年度业绩预告（略增）,False,True
2024-01-26 00:00:00,302132,预测中,已明说不会亏,预告,2023年度业绩预告（预减）,False,True
2024-01-26 00:00:00,301369,预测中,已明说不会亏,预告,2023年度业绩预告（预减）,False,True
2024-01-26 00:00:00,600171,预测中,已明说会亏,预告,2023年度业绩预告（首亏）,False,True
2024-01-26 00:00:00,600293,预测中,已明说不会亏,预告,2023年度业绩预告（扭亏）,True,True
2024-01-26 00:00:00,600481,预测中,已明说不会亏,预告,2023年度业绩预告（预增）,False,True
2024-01-26 00:00:00,600521,预测中,已明说不会亏,预告,2023年度业绩预告（略减）,False,True
2024-01-26 00:00:00,600526,预测中,已明说不会亏,预告,2023年度业绩预告（预增）,False,True
2024-01-26 00:00:00,600721,预测中,已明说不会亏,预告,2023年度业绩预告（扭亏）,False,True
2024-01-26 00:00:00,600601,预测中,已明说不会亏,预告,2023年度业绩预告（扭亏）,False,True
2024-01-26 00:00:00,600679,预测中,已明说不会亏,预告,2023年度业绩预告（扭亏）,False,True
2024-01-26 00:00:00,600790,预测中,已明说不会亏,预告,2023年度业绩预告（预减）,False,True
2024-01-26 00:00:00,600805,预测中,已明说不会亏,预告,2023年度业绩预告（预减）,False,True
2024-01-26 00:00:00,600818,预测中,已明说不会亏,预告,2023年度业绩预告（扭亏）,False,True
2024-01-26 00:00:00,301326,预测中,已明说会亏,预告,2023年度业绩预告（首亏）,False,True
2024-01-26 00:00:00,600839,预测中,已明说不会亏,预告,2023年度业绩预告（预增）,False,True
2024-01-26 00:00:00,600581,预测中,已明说会亏,预告,2023年度业绩预告（减亏）,False,True
2024-01-26 00:00:00,301314,预测中,已明说不会亏,预告,2023年度业绩预告（预减）,False,True
2024-01-26 00:00:00,301136,预测中,已明说不会亏,预告,2023年度业绩预告（预减）,False,True
2024-01-26 00:00:00,301298,预测中,已明说不会亏,预告,2023年度业绩预告（预增）,False,True
2024-01-26 00:00:00,600906,预测中,已明说不会亏,预告,2023年度业绩预告（预增）,False,True
2024-01-26 00:00:00,301013,预测中,已明说会亏,预告,2023年度业绩预告（续亏）,False,True
2024-01-26 00:00:00,301027,预测中,已明说不会亏,预告,2023年度业绩预告（预减）,False,True
2024-01-26 00:00:00,301036,预测中,已明说不会亏,预告,2023年度业绩预告（预增）,False,True
2024-01-26 00:00:00,301088,预测中,已明说不会亏,预告,2023年度业绩预告（预减）,False,True
2024-01-26 00:00:00,301127,预测中,已明说不会亏,预告,2023年度业绩预告（预增）,False,True
2024-01-26 00:00:00,301155,预测中,已明说会亏,预告,2023年度业绩预告（首亏）,False,True
2024-01-26 00:00:00,301176,预测中,已明说会亏,预告,2023年度业绩预告（首亏）,False,True
2024-01-26 00:00:00,301177,预测中,已明说不会亏,预告,2023年度业绩预告（预减）,False,True
2024-01-26 00:00:00,301183,预测中,已明说会亏,预告,2023年度业绩预告（首亏）,False,True
2024-01-26 00:00:00,301193,预测中,已明说不会亏,预告,2023年度业绩预告（预减）,False,True
2024-01-26 00:00:00,301205,预测中,已明说不会亏,预告,2023年度业绩预告（预减）,False,True
2024-01-26 00:00:00,301278,预测中,已明说不会亏,预告,2023年度业绩预告（预增）,False,True
2024-01-26 00:00:00,301308,预测中,已明说会亏,预告,2023年度业绩预告（首亏）,False,True
2024-01-26 00:00:00,600955,预测中,已明说不会亏,预告,2023年度业绩预告（预减）,False,True
2024-01-26 00:00:00,605138,预测中,已明说不会亏,预告,2023年度业绩预告（预减）,False,True
2024-01-26 00:00:00,601333,预测中,已明说不会亏,预告,2023年度业绩预告（扭亏）,False,True
2024-01-26 00:00:00,603960,预测中,已明说不会亏,预告,2023年度业绩预告（预增）,False,True
2024-01-26 00:00:00,603986,预测中,已明说不会亏,预告,2023年度业绩预告（预减）,False,True
2024-01-26 00:00:00,605286,预测中,已明说不会亏,预告,2023年度业绩预告（预增）,False,True
2024-01-26 00:00:00,688092,预测中,已明说不会亏,预告,2023年度业绩预告（预增）,False,True
2024-01-26 00:00:00,688147,预测中,已明说不会亏,预告,2023年度业绩预告（预增）,False,True
2024-01-26 00:00:00,688208,预测中,已明说不会亏,预告,2023年度业绩预告（预增）,False,True
2024-01-26 00:00:00,688232,预测中,已明说不会亏,预告,2023年度业绩预告（预减）,False,True
2024-01-26 00:00:00,688336,预测中,已明说不会亏,预告,2023年度业绩预告（预增）,False,True
2024-01-26 00:00:00,688520,预测中,已明说会亏,预告,2023年度业绩预告（减亏）,False,True
2024-01-26 00:00:00,688597,预测中,已明说不会亏,预告,2023年度业绩预告（预减）,False,True
2024-01-26 00:00:00,688662,预测中,已明说会亏,预告,2023年度业绩预告（首亏）,False,True
2024-01-26 00:00:00,301002,预测中,已明说不会亏,预告,2023年度业绩预告（预减）,False,True
2024-01-26 00:00:00,603922,预测中,已明说不会亏,预告,2023年度业绩预告（扭亏）,True,True
2024-01-26 00:00:00,601019,预测中,已明说不会亏,预告,2023年度业绩预告（略增）,False,True
2024-01-26 00:00:00,603878,预测中,已明说不会亏,预告,2023年度业绩预告（预增）,False,True
2024-01-26 00:00:00,603810,预测中,已明说会亏,预告,2023年度业绩预告（首亏）,False,True
2024-01-26 00:00:00,601519,预测中,已明说不会亏,预告,2023年度业绩预告（扭亏）,False,True
2024-01-26 00:00:00,601566,预测中,已明说不会亏,预告,2023年度业绩预告（扭亏）,False,True
2024-01-26 00:00:00,601567,预测中,已明说不会亏,预告,2023年度业绩预告（预增）,False,True
2024-01-26 00:00:00,603027,预测中,已明说不会亏,预告,2023年度业绩预告（预增）,False,True
2024-01-26 00:00:00,603069,预测中,已明说会亏,预告,2023年度业绩预告（首亏）,False,True
2024-01-26 00:00:00,603101,预测中,已明说不会亏,预告,2023年度业绩预告（扭亏）,False,True
2024-01-26 00:00:00,603116,预测中,已明说不会亏,预告,2023年度业绩预告（扭亏）,False,True
2024-01-26 00:00:00,603232,预测中,已明说不会亏,预告,2023年度业绩预告（扭亏）,False,True
2024-01-26 00:00:00,603236,预测中,已明说不会亏,预告,2023年度业绩预告（预减）,False,True
2024-01-26 00:00:00,603331,预测中,已明说不会亏,预告,2023年度业绩预告（预增）,False,True
2024-01-26 00:00:00,603466,预测中,已明说不会亏,预告,2023年度业绩预告（预增）,False,True
2024-01-26 00:00:00,603598,预测中,已明说不会亏,预告,2023年度业绩预告（扭亏）,False,True
2024-01-26 00:00:00,603683,预测中,已明说不会亏,预告,2023年度业绩预告（预增）,False,True
2024-01-26 00:00:00,603725,预测中,已明说不会亏,预告,2023年度业绩预告（扭亏）,False,True
2024-01-26 00:00:00,603727,预测中,已明说会亏,预告,2023年度业绩预告（首亏）,False,True
2024-01-26 00:00:00,603819,预测中,已明说不会亏,预告,2023年度业绩预告（扭亏）,False,True
2024-01-26 00:00:00,301001,预测中,已明说不会亏,预告,2023年度业绩预告（扭亏）,False,True
2024-01-26 00:00:00,300956,预测中,已明说会亏,预告,2023年度业绩预告（增亏）,True,True
2024-01-26 00:00:00,300977,预测中,已明说不会亏,预告,2023年度业绩预告（预增）,False,True
2024-01-26 00:00:00,003007,预测中,已明说不会亏,预告,2023年度业绩预告（预增）,False,True
2024-01-26 00:00:00,300067,预测中,已明说不会亏,预告,2023年度业绩预告（预减）,False,True
2024-01-26 00:00:00,300077,预测中,已明说会亏,预告,2023年度业绩预告（增亏）,True,True
2024-01-26 00:00:00,300079,预测中,已明说不会亏,预告,2023年度业绩预告（预减）,False,True
2024-01-26 00:00:00,300109,预测中,已明说不会亏,预告,2023年度业绩预告（预增）,False,True
2024-01-26 00:00:00,300134,预测中,已明说会亏,预告,2023年度业绩预告（首亏）,False,True
2024-01-26 00:00:00,300139,预测中,已明说会亏,预告,2023年度业绩预告（减亏）,False,True
2024-01-26 00:00:00,300140,预测中,已明说不会亏,预告,2023年度业绩预告（略增）,False,True
2024-01-26 00:00:00,300142,预测中,已明说不会亏,预告,2023年度业绩预告（略减）,False,True
2024-01-26 00:00:00,300143,预测中,已明说不会亏,预告,2023年度业绩预告（扭亏）,False,True
2024-01-26 00:00:00,300149,预测中,已明说会亏,预告,2023年度业绩预告（首亏）,True,True
2024-01-26 00:00:00,300164,预测中,已明说不会亏,预告,2023年度业绩预告（预增）,False,True
2024-01-26 00:00:00,300180,预测中,已明说会亏,预告,2023年度业绩预告（减亏）,False,True
2024-01-26 00:00:00,300226,预测中,已明说不会亏,预告,2023年度业绩预告（略增）,False,True
2024-01-26 00:00:00,002897,预测中,已明说不会亏,预告,2023年度业绩预告（预减）,False,True
2024-01-26 00:00:00,300238,预测中,已明说不会亏,预告,2023年度业绩预告（扭亏）,False,True
2024-01-26 00:00:00,002861,预测中,已明说会亏,预告,2023年度业绩预告（减亏）,True,True
2024-01-26 00:00:00,002446,预测中,已明说不会亏,预告,2023年度业绩预告（预减）,False,True
2024-01-26 00:00:00,000068,预测中,已明说不会亏,预告,2023年度业绩预告（扭亏）,True,True
2024-01-26 00:00:00,300978,预测中,已明说不会亏,预告,2023年度业绩预告（预增）,False,True
2024-01-26 00:00:00,000151,预测中,已明说会亏,预告,2023年度业绩预告（减亏）,True,True
2024-01-26 00:00:00,000526,预测中,已明说不会亏,预告,2023年度业绩预告（预增）,False,True
2024-01-26 00:00:00,000534,预测中,已明说不会亏,预告,2023年度业绩预告（预增）,False,True
2024-01-26 00:00:00,000581,预测中,已明说不会亏,预告,2023年度业绩预告（预增）,False,True
2024-01-26 00:00:00,000767,预测中,已明说会亏,预告,2023年度业绩预告（减亏）,True,True
2024-01-26 00:00:00,000966,预测中,已明说不会亏,预告,2023年度业绩预告（预增）,False,True
2024-01-26 00:00:00,001202,预测中,已明说不会亏,预告,2023年度业绩预告（预增）,False,True
2024-01-26 00:00:00,001266,预测中,已明说会亏,预告,2023年度业绩预告（首亏）,False,True
2024-01-26 00:00:00,002116,预测中,已明说不会亏,预告,2023年度业绩预告（预增）,False,True
2024-01-26 00:00:00,002138,预测中,已明说不会亏,预告,2023年度业绩预告（预增）,False,True
2024-01-26 00:00:00,002154,预测中,已明说不会亏,预告,2023年度业绩预告（预增）,False,True
2024-01-26 00:00:00,002380,预测中,已明说不会亏,预告,2023年度业绩预告（扭亏）,False,True
2024-01-26 00:00:00,002791,预测中,已明说不会亏,预告,2023年度业绩预告（预增）,False,True
2024-01-26 00:00:00,300242,预测中,已明说会亏,预告,2023年度业绩预告（首亏）,True,True
2024-01-26 00:00:00,001226,预测中,已明说会亏,预告,2023年度业绩预告（首亏）,False,True
2024-01-26 00:00:00,300292,预测中,已明说不会亏,预告,2023年度业绩预告（预增）,False,True
2024-01-26 00:00:00,300707,预测中,已明说不会亏,预告,2023年度业绩预告（预减）,False,True
2024-01-26 00:00:00,300724,预测中,已明说不会亏,预告,2023年度业绩预告（预增）,False,True
2024-01-26 00:00:00,300786,预测中,已明说会亏,预告,2023年度业绩预告（首亏）,False,True
2024-01-26 00:00:00,300787,预测中,已明说不会亏,预告,2023年度业绩预告（预减）,False,True
2024-01-26 00:00:00,300795,预测中,已明说不会亏,预告,2023年度业绩预告（预增）,False,True
2024-01-26 00:00:00,300821,预测中,已明说会亏,预告,2023年度业绩预告（首亏）,False,True
2024-01-26 00:00:00,300825,预测中,已明说不会亏,预告,2023年度业绩预告（预减）,False,True
2024-01-26 00:00:00,300844,预测中,已明说会亏,预告,2023年度业绩预告（续亏）,False,True
2024-01-26 00:00:00,300875,预测中,已明说会亏,预告,2023年度业绩预告（增亏）,False,True
2024-01-26 00:00:00,300890,预测中,已明说不会亏,预告,2023年度业绩预告（预减）,False,True
2024-01-26 00:00:00,300928,预测中,已明说会亏,预告,2023年度业绩预告（首亏）,False,True
2024-01-26 00:00:00,000048,预测中,已明说不会亏,预告,2023年度业绩预告（预增）,False,True
2024-01-26 00:00:00,300970,预测中,已明说不会亏,预告,2023年度业绩预告（预减）,False,True
2024-01-26 00:00:00,300976,预测中,已明说不会亏,预告,2023年度业绩预告（预减）,False,True
2024-01-26 00:00:00,300271,预测中,已明说会亏,预告,2023年度业绩预告（增亏）,True,True
2024-01-26 00:00:00,300688,预测中,已明说不会亏,预告,2023年度业绩预告（扭亏）,False,True
2024-01-26 00:00:00,300632,预测中,已明说不会亏,预告,2023年度业绩预告（预增）,False,True
2024-01-26 00:00:00,300883,预测中,已明说会亏,预告,2023年度业绩预告（首亏）,False,True
2024-01-26 00:00:00,300588,预测中,已明说会亏,预告,2023年度业绩预告（减亏）,False,True
2024-01-26 00:00:00,300298,预测中,已明说不会亏,预告,2023年度业绩预告（略减）,False,True
2024-01-26 00:00:00,300595,预测中,已明说不会亏,预告,2023年度业绩预告（略增）,False,True
2024-01-26 00:00:00,300331,预测中,已明说会亏,预告,2023年度业绩预告（减亏）,False,True
2024-01-26 00:00:00,300363,预测中,已明说不会亏,预告,2023年度业绩预告（预减）,False,True
2024-01-26 00:00:00,300397,预测中,已明说会亏,预告,2023年度业绩预告（续亏）,True,True
2024-01-26 00:00:00,300458,预测中,已明说不会亏,预告,2023年度业绩预告（预减）,False,True
2024-01-26 00:00:00,300460,预测中,已明说会亏,预告,2023年度业绩预告（续亏）,True,True
2024-01-26 00:00:00,300462,预测中,已明说会亏,预告,2023年度业绩预告（首亏）,False,True
2024-01-26 00:00:00,300429,预测中,已明说会亏,预告,2023年度业绩预告（减亏）,False,True
2024-01-26 00:00:00,300497,预测中,已明说会亏,预告,2023年度业绩预告（增亏）,True,True
2024-01-26 00:00:00,300564,预测中,已明说不会亏,预告,2023年度业绩预告（预减）,False,True
2024-01-26 00:00:00,300518,预测中,已明说会亏,预告,2023年度业绩预告（首亏）,False,True
2024-01-26 00:00:00,300527,预测中,已明说会亏,预告,2023年度业绩预告（增亏）,False,True
2024-01-26 00:00:00,300549,预测中,已明说不会亏,预告,2023年度业绩预告（略减）,False,True
2024-01-26 00:00:00,300552,预测中,已明说会亏,预告,2023年度业绩预告（增亏）,True,True
2024-01-26 00:00:00,300463,预测中,已明说不会亏,预告,2023年度业绩预告（预减）,False,True
2024-01-27 00:00:00,600744,预测中,已明说会亏,预告,2023年度业绩预告（首亏）,True,True
2024-01-27 00:00:00,600847,预测中,已明说会亏,预告,2023年度业绩预告（减亏）,False,True
2024-01-27 00:00:00,600841,预测中,已明说会亏,预告,2023年度业绩预告（增亏）,True,True
2024-01-27 00:00:00,600815,预测中,已明说会亏,预告,2023年度业绩预告（首亏）,True,True
2024-01-27 00:00:00,600812,预测中,已明说不会亏,预告,2023年度业绩预告（扭亏）,False,True
2024-01-27 00:00:00,600779,预测中,已明说不会亏,预告,2023年度业绩预告（略增）,False,True
2024-01-27 00:00:00,600792,预测中,已明说不会亏,预告,2023年度业绩预告（扭亏）,False,True
2024-01-27 00:00:00,600770,预测中,已明说会亏,预告,2023年度业绩预告（减亏）,False,True
2024-01-27 00:00:00,600859,预测中,已明说不会亏,预告,2023年度业绩预告（预增）,False,True
2024-01-27 00:00:00,600749,预测中,已明说不会亏,预告,2023年度业绩预告（扭亏）,True,True
2024-01-27 00:00:00,600800,预测中,已明说会亏,预告,2023年度业绩预告（增亏）,False,True
2024-01-27 00:00:00,600861,预测中,已明说不会亏,预告,2023年度业绩预告（扭亏）,False,True
2024-01-27 00:00:00,601366,预测中,已明说不会亏,预告,2023年度业绩预告（扭亏）,False,True
2024-01-27 00:00:00,600977,预测中,已明说不会亏,预告,2023年度业绩预告（扭亏）,False,True
2024-01-27 00:00:00,600981,预测中,已明说会亏,预告,2023年度业绩预告（减亏）,False,True
2024-01-27 00:00:00,601003,预测中,已明说会亏,预告,2023年度业绩预告（减亏）,False,True
2024-01-27 00:00:00,601005,预测中,已明说会亏,预告,2023年度业绩预告（增亏）,False,True
2024-01-27 00:00:00,601068,预测中,已明说会亏,预告,2023年度业绩预告（首亏）,True,True
2024-01-27 00:00:00,601111,预测中,已明说会亏,预告,2023年度业绩预告（减亏）,True,True
2024-01-27 00:00:00,601568,预测中,已明说不会亏,预告,2023年度业绩预告（预减）,False,True
2024-01-27 00:00:00,601600,预测中,已明说不会亏,预告,2023年度业绩预告（预增）,False,True
2024-01-27 00:00:00,601606,预测中,已明说不会亏,预告,2023年度业绩预告（预减）,False,True
2024-01-27 00:00:00,601616,预测中,已明说不会亏,预告,2023年度业绩预告（预减）,False,True
2024-01-27 00:00:00,600743,预测中,已明说会亏,预告,2023年度业绩预告（减亏）,True,True
2024-01-27 00:00:00,601698,预测中,已明说不会亏,预告,2023年度业绩预告（预减）,False,True
2024-01-27 00:00:00,600962,预测中,已明说不会亏,预告,2023年度业绩预告（预减）,False,True
2024-01-27 00:00:00,600740,预测中,已明说不会亏,预告,2023年度业绩预告（预减）,False,True
2024-01-27 00:00:00,600716,预测中,已明说不会亏,预告,2023年度业绩预告（扭亏）,False,True
2024-01-27 00:00:00,601777,预测中,已明说不会亏,预告,2023年度业绩预告（预减）,False,True
2024-01-27 00:00:00,600149,预测中,已明说会亏,预告,2023年度业绩预告（增亏）,False,True
2024-01-27 00:00:00,600176,预测中,已明说不会亏,预告,2023年度业绩预告（预减）,False,True
2024-01-27 00:00:00,600185,预测中,已明说会亏,预告,2023年度业绩预告（减亏）,False,True
2024-01-27 00:00:00,600189,预测中,已明说会亏,预告,2023年度业绩预告（首亏）,False,True
2024-01-27 00:00:00,600239,预测中,已明说会亏,预告,2023年度业绩预告（减亏）,False,True
2024-01-27 00:00:00,600251,预测中,已明说不会亏,预告,2023年度业绩预告（略增）,False,True
2024-01-27 00:00:00,600256,预测中,已明说不会亏,预告,2023年度业绩预告（预减）,False,True
2024-01-27 00:00:00,600265,预测中,已明说不会亏,预告,2023年度业绩预告（扭亏）,False,True
2024-01-27 00:00:00,600330,预测中,已明说不会亏,预告,2023年度业绩预告（预减）,False,True
2024-01-27 00:00:00,600367,预测中,已明说不会亏,预告,2023年度业绩预告（预减）,False,True
2024-01-27 00:00:00,600375,预测中,已明说会亏,预告,2023年度业绩预告（减亏）,True,True
2024-01-27 00:00:00,600389,预测中,已明说不会亏,预告,2023年度业绩预告（预减）,False,True
2024-01-27 00:00:00,600489,预测中,已明说不会亏,预告,2023年度业绩预告（预增）,False,True
2024-01-27 00:00:00,600499,预测中,已明说不会亏,预告,2023年度业绩预告（略减）,False,True
2024-01-27 00:00:00,600520,预测中,已明说会亏,预告,2023年度业绩预告（首亏）,False,True
2024-01-27 00:00:00,600538,预测中,已明说会亏,预告,2023年度业绩预告（首亏）,False,True
2024-01-27 00:00:00,600568,预测中,已明说会亏,预告,2023年度业绩预告（减亏）,True,True
2024-01-27 00:00:00,600572,预测中,已明说不会亏,预告,2023年度业绩预告（预增）,False,True
2024-01-27 00:00:00,600588,预测中,已明说会亏,预告,2023年度业绩预告（首亏）,False,True
2024-01-27 00:00:00,600592,预测中,已明说不会亏,预告,2023年度业绩预告（扭亏）,False,True
2024-01-27 00:00:00,600596,预测中,已明说不会亏,预告,2023年度业绩预告（预减）,False,True
2024-01-27 00:00:00,600653,预测中,已明说会亏,预告,2023年度业绩预告（续亏）,False,True
2024-01-27 00:00:00,600658,预测中,已明说会亏,预告,2023年度业绩预告（首亏）,False,True
2024-01-27 00:00:00,600685,预测中,已明说不会亏,预告,2023年度业绩预告（预减）,False,True
2024-01-27 00:00:00,600720,预测中,已明说不会亏,预告,2023年度业绩预告（略增）,False,True
2024-01-27 00:00:00,601816,预测中,已明说不会亏,预告,2023年度业绩预告（扭亏）,False,True
2024-01-27 00:00:00,688223,预测中,已明说不会亏,预告,2023年度业绩预告（预增）,False,True
2024-01-27 00:00:00,601929,预测中,已明说会亏,预告,2023年度业绩预告（增亏）,False,True
2024-01-27 00:00:00,688123,预测中,已明说不会亏,预告,2023年度业绩预告（预减）,False,True
2024-01-27 00:00:00,688126,预测中,已明说不会亏,预告,2023年度业绩预告（略减）,False,True
2024-01-27 00:00:00,688158,预测中,已明说会亏,预告,2023年度业绩预告（减亏）,True,True
2024-01-27 00:00:00,688168,预测中,已明说不会亏,预告,2023年度业绩预告（扭亏）,True,True
2024-01-27 00:00:00,688207,预测中,已明说会亏,预告,2023年度业绩预告（首亏）,False,True
2024-01-27 00:00:00,600127,预测中,已明说不会亏,预告,2023年度业绩预告（扭亏）,False,True
2024-01-27 00:00:00,688225,预测中,已明说会亏,预告,2023年度业绩预告（首亏）,False,True
2024-01-27 00:00:00,688266,预测中,已明说会亏,预告,2023年度业绩预告（减亏）,True,True
2024-01-27 00:00:00,688267,预测中,已明说不会亏,预告,2023年度业绩预告（预减）,False,True
2024-01-27 00:00:00,688306,预测中,已明说会亏,预告,2023年度业绩预告（首亏）,True,True
2024-01-27 00:00:00,688310,预测中,已明说不会亏,预告,2023年度业绩预告（预增）,False,True
2024-01-27 00:00:00,688313,预测中,已明说会亏,预告,2023年度业绩预告（首亏）,False,True
2024-01-27 00:00:00,688370,预测中,已明说不会亏,预告,2023年度业绩预告（预减）,False,True
2024-01-27 00:00:00,688381,预测中,已明说不会亏,预告,2023年度业绩预告（预减）,False,True
2024-01-27 00:00:00,688387,预测中,已明说会亏,预告,2023年度业绩预告（减亏）,False,True
2024-01-27 00:00:00,688399,预测中,已明说会亏,预告,2023年度业绩预告（首亏）,False,True
2024-01-27 00:00:00,688606,预测中,已明说不会亏,预告,2023年度业绩预告（预减）,False,True
2024-01-27 00:00:00,688609,预测中,已明说会亏,预告,2023年度业绩预告（首亏）,False,True
2024-01-27 00:00:00,688668,预测中,已明说不会亏,预告,2023年度业绩预告（预减）,False,True
2024-01-27 00:00:00,688680,预测中,已明说会亏,预告,2023年度业绩预告（首亏）,False,True
2024-01-27 00:00:00,688707,预测中,已明说不会亏,预告,2023年度业绩预告（预减）,False,True
2024-01-27 00:00:00,688787,预测中,已明说会亏,预告,2023年度业绩预告（首亏）,False,True
2024-01-27 00:00:00,688119,预测中,已明说不会亏,预告,2023年度业绩预告（预减）,False,True
2024-01-27 00:00:00,688081,预测中,已明说会亏,预告,2023年度业绩预告（减亏）,False,True
2024-01-27 00:00:00,688063,预测中,已明说不会亏,预告,2023年度业绩预告（预减）,False,True
2024-01-27 00:00:00,688058,预测中,已明说不会亏,预告,2023年度业绩预告（扭亏）,False,True
2024-01-27 00:00:00,603010,预测中,已明说不会亏,预告,2023年度业绩预告（预减）,False,True
2024-01-27 00:00:00,603026,预测中,已明说不会亏,预告,2023年度业绩预告（预减）,False,True
2024-01-27 00:00:00,603037,预测中,已明说不会亏,预告,2023年度业绩预告（略增）,False,True
2024-01-27 00:00:00,603131,预测中,已明说会亏,预告,2023年度业绩预告（减亏）,False,True
2024-01-27 00:00:00,603177,预测中,已明说会亏,预告,2023年度业绩预告（首亏）,False,True
2024-01-27 00:00:00,603208,预测中,已明说不会亏,预告,2023年度业绩预告（扭亏）,False,True
2024-01-27 00:00:00,603222,预测中,已明说会亏,预告,2023年度业绩预告（首亏）,False,True
2024-01-27 00:00:00,603256,预测中,已明说会亏,预告,2023年度业绩预告（首亏）,False,True
2024-01-27 00:00:00,603313,预测中,已明说不会亏,预告,2023年度业绩预告（预增）,False,True
2024-01-27 00:00:00,603329,预测中,已明说不会亏,预告,2023年度业绩预告（预减）,False,True
2024-01-27 00:00:00,603390,预测中,已明说不会亏,预告,2023年度业绩预告（扭亏）,False,True
2024-01-27 00:00:00,603489,预测中,已明说不会亏,预告,2023年度业绩预告（预减）,False,True
2024-01-27 00:00:00,601908,预测中,已明说不会亏,预告,2023年度业绩预告（预减）,False,True
2024-01-27 00:00:00,603678,预测中,已明说不会亏,预告,2023年度业绩预告（预减）,False,True
2024-01-27 00:00:00,603838,预测中,已明说会亏,预告,2023年度业绩预告（续亏）,True,True
2024-01-27 00:00:00,603901,预测中,已明说不会亏,预告,2023年度业绩预告（预减）,False,True
2024-01-27 00:00:00,605196,预测中,已明说不会亏,预告,2023年度业绩预告（预增）,False,True
2024-01-27 00:00:00,605208,预测中,已明说不会亏,预告,2023年度业绩预告（预减）,False,True
2024-01-27 00:00:00,605289,预测中,已明说不会亏,预告,2023年度业绩预告（扭亏）,False,True
2024-01-27 00:00:00,605369,预测中,已明说不会亏,预告,2023年度业绩预告（预减）,False,True
2024-01-27 00:00:00,605399,预测中,已明说不会亏,预告,2023年度业绩预告（预减）,False,True
2024-01-27 00:00:00,605499,预测中,已明说不会亏,预告,2023年度业绩预告（略增）,False,True
2024-01-27 00:00:00,688008,预测中,已明说不会亏,预告,2023年度业绩预告（预减）,False,True
2024-01-27 00:00:00,688026,预测中,已明说不会亏,预告,2023年度业绩预告（预减）,False,True
2024-01-27 00:00:00,688028,预测中,已明说不会亏,预告,2023年度业绩预告（预增）,False,True
2024-01-27 00:00:00,688051,预测中,已明说会亏,预告,2023年度业绩预告（减亏）,True,True
2024-01-27 00:00:00,603825,预测中,已明说会亏,预告,2023年度业绩预告（减亏）,True,True
2024-01-27 00:00:00,600095,预测中,已明说不会亏,预告,2023年度业绩预告（扭亏）,False,True
2024-01-27 00:00:00,300505,预测中,已明说会亏,预告,2023年度业绩预告（首亏）,False,True
2024-01-27 00:00:00,600029,预测中,已明说会亏,预告,2023年度业绩预告（减亏）,True,True
2024-01-27 00:00:00,000877,预测中,已明说不会亏,预告,2023年度业绩预告（预减）,False,True
2024-01-27 00:00:00,000903,预测中,已明说会亏,预告,2023年度业绩预告（减亏）,True,True
2024-01-27 00:00:00,000912,预测中,已明说不会亏,预告,2023年度业绩预告（预减）,False,True
2024-01-27 00:00:00,000952,预测中,已明说会亏,预告,2023年度业绩预告（首亏）,True,True
2024-01-27 00:00:00,001269,预测中,已明说不会亏,预告,2023年度业绩预告（预增）,False,True
2024-01-27 00:00:00,001896,预测中,已明说会亏,预告,2023年度业绩预告（减亏）,True,True
2024-01-27 00:00:00,002038,预测中,已明说不会亏,预告,2023年度业绩预告（预增）,False,True
2024-01-27 00:00:00,600075,预测中,已明说会亏,预告,2023年度业绩预告（首亏）,False,True
2024-01-27 00:00:00,002075,预测中,已明说不会亏,预告,2023年度业绩预告（预减）,False,True
2024-01-27 00:00:00,002127,预测中,已明说不会亏,预告,2023年度业绩预告（扭亏）,False,True
2024-01-27 00:00:00,002129,预测中,已明说不会亏,预告,2023年度业绩预告（略减）,False,True
2024-01-27 00:00:00,002134,预测中,已明说不会亏,预告,2023年度业绩预告（略减）,False,True
2024-01-27 00:00:00,002153,预测中,已明说会亏,预告,2023年度业绩预告（减亏）,False,True
2024-01-27 00:00:00,002157,预测中,已明说不会亏,预告,2023年度业绩预告（扭亏）,True,True
2024-01-27 00:00:00,002162,预测中,已明说不会亏,预告,2023年度业绩预告（扭亏）,False,True
2024-01-27 00:00:00,002186,预测中,已明说不会亏,预告,2023年度业绩预告（扭亏）,False,True
2024-01-27 00:00:00,002194,预测中,已明说不会亏,预告,2023年度业绩预告（预减）,False,True
2024-01-27 00:00:00,002207,预测中,已明说会亏,预告,2023年度业绩预告（增亏）,True,True
2024-01-27 00:00:00,002223,预测中,已明说不会亏,预告,2023年度业绩预告（预增）,False,True
2024-01-27 00:00:00,002250,预测中,已明说会亏,预告,2023年度业绩预告（首亏）,False,True
2024-01-27 00:00:00,002286,预测中,已明说不会亏,预告,2023年度业绩预告（预减）,False,True
2024-01-27 00:00:00,002315,预测中,已明说不会亏,预告,2023年度业绩预告（略增）,False,True
2024-01-27 00:00:00,002320,预测中,已明说不会亏,预告,2023年度业绩预告（预增）,False,True
2024-01-27 00:00:00,002370,预测中,已明说会亏,预告,2023年度业绩预告（减亏）,True,True
2024-01-27 00:00:00,002436,预测中,已明说不会亏,预告,2023年度业绩预告（预减）,False,True
2024-01-27 00:00:00,000860,预测中,已明说会亏,预告,2023年度业绩预告（减亏）,False,True
2024-01-27 00:00:00,000833,预测中,已明说不会亏,预告,2023年度业绩预告（预减）,False,True
2024-01-27 00:00:00,000830,预测中,已明说不会亏,预告,2023年度业绩预告（预减）,False,True
2024-01-27 00:00:00,000811,预测中,已明说不会亏,预告,2023年度业绩预告（预增）,False,True
2024-01-27 00:00:00,000029,预测中,已明说会亏,预告,2023年度业绩预告（首亏）,False,True
2024-01-27 00:00:00,000058,预测中,已明说不会亏,预告,2023年度业绩预告（预增）,False,True
2024-01-27 00:00:00,000088,预测中,已明说不会亏,预告,2023年度业绩预告（预增）,False,True
2024-01-27 00:00:00,000100,预测中,已明说不会亏,预告,2023年度业绩预告（预增）,False,True
2024-01-27 00:00:00,000410,预测中,已明说不会亏,预告,2023年度业绩预告（预增）,True,True
2024-01-27 00:00:00,000421,预测中,已明说会亏,预告,2023年度业绩预告（首亏）,False,True
2024-01-27 00:00:00,000422,预测中,已明说不会亏,预告,2023年度业绩预告（预减）,False,True
2024-01-27 00:00:00,000423,预测中,已明说不会亏,预告,2023年度业绩预告（略增）,False,True
2024-01-27 00:00:00,000426,预测中,已明说不会亏,预告,2023年度业绩预告（预增）,False,True
2024-01-27 00:00:00,000504,预测中,已明说会亏,预告,2023年度业绩预告（增亏）,True,True
2024-01-27 00:00:00,000529,预测中,已明说不会亏,预告,2023年度业绩预告（预减）,False,True
2024-01-27 00:00:00,000543,预测中,已明说不会亏,预告,2023年度业绩预告（预增）,False,True
2024-01-27 00:00:00,002452,预测中,已明说不会亏,预告,2023年度业绩预告（预增）,False,True
2024-01-27 00:00:00,000545,预测中,已明说会亏,预告,2023年度业绩预告（增亏）,True,True
2024-01-27 00:00:00,000573,预测中,已明说不会亏,预告,2023年度业绩预告（预增）,False,True
2024-01-27 00:00:00,000593,预测中,已明说会亏,预告,2023年度业绩预告（首亏）,False,True
2024-01-27 00:00:00,000600,预测中,已明说不会亏,预告,2023年度业绩预告（预增）,False,True
2024-01-27 00:00:00,000619,预测中,已明说会亏,预告,2023年度业绩预告（减亏）,False,True
2024-01-27 00:00:00,000635,预测中,已明说会亏,预告,2023年度业绩预告（增亏）,True,True
2024-01-27 00:00:00,000683,预测中,已明说不会亏,预告,2023年度业绩预告（预减）,False,True
2024-01-27 00:00:00,000686,预测中,已明说不会亏,预告,2023年度业绩预告（预增）,False,True
2024-01-27 00:00:00,000691,预测中,已明说会亏,预告,2023年度业绩预告（首亏）,False,True
2024-01-27 00:00:00,000721,预测中,已明说会亏,预告,2023年度业绩预告（减亏）,True,True
2024-01-27 00:00:00,000757,预测中,已明说会亏,预告,2023年度业绩预告（增亏）,False,True
2024-01-27 00:00:00,000762,预测中,已明说不会亏,预告,2023年度业绩预告（预减）,False,True
2024-01-27 00:00:00,000792,预测中,已明说不会亏,预告,2023年度业绩预告（预减）,False,True
2024-01-27 00:00:00,000558,预测中,已明说不会亏,预告,2023年度业绩预告（扭亏）,False,True
2024-01-27 00:00:00,002471,预测中,已明说不会亏,预告,2023年度业绩预告（扭亏）,False,True
2024-01-27 00:00:00,002045,预测中,已明说不会亏,预告,2023年度业绩预告（预增）,False,True
2024-01-27 00:00:00,002538,预测中,已明说不会亏,预告,2023年度业绩预告（预减）,False,True
2024-01-27 00:00:00,300025,预测中,已明说会亏,预告,2023年度业绩预告（首亏）,False,True
2024-01-27 00:00:00,300061,预测中,已明说会亏,预告,2023年度业绩预告（首亏）,False,True
2024-01-27 00:00:00,300091,预测中,已明说会亏,预告,2023年度业绩预告（续亏）,True,True
2024-01-27 00:00:00,300223,预测中,已明说不会亏,预告,2023年度业绩预告（略减）,False,True
2024-01-27 00:00:00,300228,预测中,已明说不会亏,预告,2023年度业绩预告（扭亏）,False,True
2024-01-27 00:00:00,300229,预测中,已明说不会亏,预告,2023年度业绩预告（预减）,False,True
2024-01-27 00:00:00,300308,预测中,已明说不会亏,预告,2023年度业绩预告（预增）,False,True
2024-01-27 00:00:00,300375,预测中,已明说不会亏,预告,2023年度业绩预告（预减）,False,True
2024-01-27 00:00:00,300499,预测中,已明说会亏,预告,2023年度业绩预告（首亏）,False,True
2024-01-27 00:00:00,300540,预测中,已明说不会亏,预告,2023年度业绩预告（扭亏）,False,True
2024-01-27 00:00:00,300617,预测中,已明说不会亏,预告,2023年度业绩预告（预增）,False,True
2024-01-27 00:00:00,300698,预测中,已明说不会亏,预告,2023年度业绩预告（预增）,False,True
2024-01-27 00:00:00,300709,预测中,已明说不会亏,预告,2023年度业绩预告（扭亏）,True,True
2024-01-27 00:00:00,300767,预测中,已明说会亏,预告,2023年度业绩预告（首亏）,False,True
2024-01-27 00:00:00,002488,预测中,已明说不会亏,预告,2023年度业绩预告（预减）,False,True
2024-01-27 00:00:00,300918,预测中,已明说不会亏,预告,2023年度业绩预告（略增）,False,True
2024-01-27 00:00:00,300935,预测中,已明说会亏,预告,2023年度业绩预告（增亏）,True,True
2024-01-27 00:00:00,301011,预测中,已明说不会亏,预告,2023年度业绩预告（扭亏）,False,True
2024-01-27 00:00:00,301077,预测中,已明说不会亏,预告,2023年度业绩预告（续盈）,False,True
2024-01-27 00:00:00,301152,预测中,已明说会亏,预告,2023年度业绩预告（首亏）,False,True
2024-01-27 00:00:00,301166,预测中,已明说不会亏,预告,2023年度业绩预告（预减）,False,True
2024-01-27 00:00:00,301212,预测中,已明说不会亏,预告,2023年度业绩预告（预减）,False,True
2024-01-27 00:00:00,600009,预测中,已明说不会亏,预告,2023年度业绩预告（扭亏）,False,True
2024-01-27 00:00:00,003040,预测中,已明说不会亏,预告,2023年度业绩预告（预减）,False,True
2024-01-27 00:00:00,003001,预测中,已明说不会亏,预告,2023年度业绩预告（扭亏）,True,True
2024-01-27 00:00:00,300865,预测中,已明说会亏,预告,2023年度业绩预告（首亏）,False,True
2024-01-27 00:00:00,002955,预测中,已明说不会亏,预告,2023年度业绩预告（略减）,False,True
2024-01-27 00:00:00,002540,预测中,已明说不会亏,预告,2023年度业绩预告（略减）,False,True
2024-01-27 00:00:00,002963,预测中,已明说不会亏,预告,2023年度业绩预告（扭亏）,False,True
2024-01-27 00:00:00,002544,预测中,已明说不会亏,预告,2023年度业绩预告（预减）,False,True
2024-01-27 00:00:00,002546,预测中,已明说不会亏,预告,2023年度业绩预告（预增）,False,True
2024-01-27 00:00:00,002549,预测中,已明说会亏,预告,2023年度业绩预告（首亏）,False,True
2024-01-27 00:00:00,002553,预测中,已明说不会亏,预告,2023年度业绩预告（预减）,False,True
2024-01-27 00:00:00,002559,预测中,已明说不会亏,预告,2023年度业绩预告（预增）,False,True
2024-01-27 00:00:00,002568,预测中,已明说不会亏,预告,2023年度业绩预告（预增）,False,True
2024-01-27 00:00:00,002606,预测中,已明说不会亏,预告,2023年度业绩预告（预减）,False,True
2024-01-27 00:00:00,002624,预测中,已明说不会亏,预告,2023年度业绩预告（预减）,False,True
2024-01-27 00:00:00,002632,预测中,已明说不会亏,预告,2023年度业绩预告（预减）,False,True
2024-01-27 00:00:00,002633,预测中,已明说会亏,预告,2023年度业绩预告（减亏）,False,True
2024-01-27 00:00:00,002651,预测中,已明说不会亏,预告,2023年度业绩预告（预减）,False,True
2024-01-27 00:00:00,002551,预测中,已明说会亏,预告,2023年度业绩预告（减亏）,False,True
2024-01-27 00:00:00,002888,预测中,已明说会亏,预告,2023年度业绩预告（减亏）,False,True
2024-01-27 00:00:00,002667,预测中,已明说会亏,预告,2023年度业绩预告（首亏）,False,True
2024-01-27 00:00:00,002672,预测中,已明说会亏,预告,2023年度业绩预告（增亏）,True,True
2024-01-27 00:00:00,002695,预测中,已明说不会亏,预告,2023年度业绩预告（预增）,False,True
2024-01-27 00:00:00,002767,预测中,已明说不会亏,预告,2023年度业绩预告（预减）,False,True
2024-01-27 00:00:00,002825,预测中,已明说不会亏,预告,2023年度业绩预告（预减）,False,True
2024-01-27 00:00:00,002836,预测中,已明说不会亏,预告,2023年度业绩预告（预减）,False,True
2024-01-27 00:00:00,002850,预测中,已明说不会亏,预告,2023年度业绩预告（略增）,False,True
2024-01-27 00:00:00,002912,预测中,已明说不会亏,预告,2023年度业绩预告（扭亏）,False,True
2024-01-27 00:00:00,002852,预测中,已明说不会亏,预告,2023年度业绩预告（扭亏）,False,True
2024-01-27 00:00:00,002942,预测中,已明说会亏,预告,2023年度业绩预告（首亏）,False,True
2024-01-27 00:00:00,002652,预测中,已明说不会亏,预告,2023年度业绩预告（扭亏）,True,True
2024-01-29 00:00:00,300940,预测中,已明说会亏,预告,2023年度业绩预告（增亏）,True,True
2024-01-29 00:00:00,300973,预测中,已明说不会亏,预告,2023年度业绩预告（略减）,False,True
2024-01-29 00:00:00,300981,预测中,已明说会亏,预告,2023年度业绩预告（首亏）,False,True
2024-01-29 00:00:00,300702,预测中,已明说不会亏,预告,2023年度业绩预告（扭亏）,False,True
2024-01-29 00:00:00,300996,预测中,已明说不会亏,预告,2023年度业绩预告（预减）,False,True
2024-01-29 00:00:00,301009,预测中,已明说不会亏,预告,2023年度业绩预告（扭亏）,False,True
2024-01-29 00:00:00,301066,预测中,已明说不会亏,预告,2023年度业绩预告（扭亏）,False,True
2024-01-29 00:00:00,300982,预测中,已明说不会亏,预告,2023年度业绩预告（预减）,False,True
2024-01-29 00:00:00,300901,预测中,已明说不会亏,预告,2023年度业绩预告（预减）,False,True
2024-01-29 00:00:00,300743,预测中,已明说不会亏,预告,2023年度业绩预告（预增）,False,True
2024-01-29 00:00:00,300872,预测中,已明说不会亏,预告,2023年度业绩预告（预增）,False,True
2024-01-29 00:00:00,300870,预测中,已明说不会亏,预告,2023年度业绩预告（预增）,False,True
2024-01-29 00:00:00,300759,预测中,已明说不会亏,预告,2023年度业绩预告（略增）,False,True
2024-01-29 00:00:00,300731,预测中,已明说不会亏,预告,2023年度业绩预告（扭亏）,False,True
2024-01-29 00:00:00,300716,预测中,已明说会亏,预告,2023年度业绩预告（首亏）,False,True
2024-01-29 00:00:00,300713,预测中,已明说会亏,预告,2023年度业绩预告（减亏）,False,True
2024-01-29 00:00:00,301103,预测中,已明说不会亏,预告,2023年度业绩预告（预增）,False,True
2024-01-29 00:00:00,300892,预测中,已明说会亏,预告,2023年度业绩预告（首亏）,True,True
2024-01-29 00:00:00,301159,预测中,已明说不会亏,预告,2023年度业绩预告（扭亏）,True,True
2024-01-29 00:00:00,600258,预测中,已明说不会亏,预告,2023年度业绩预告（扭亏）,False,True
2024-01-29 00:00:00,301206,预测中,已明说不会亏,预告,2023年度业绩预告（预减）,False,True
2024-01-29 00:00:00,300694,预测中,已明说不会亏,预告,2023年度业绩预告（预增）,False,True
2024-01-29 00:00:00,688531,预测中,已明说不会亏,预告,2023年度业绩预告（预增）,False,True
2024-01-29 00:00:00,605599,预测中,已明说不会亏,预告,2023年度业绩预告（预增）,False,True
2024-01-29 00:00:00,603813,预测中,已明说会亏,预告,2023年度业绩预告（首亏）,False,True
2024-01-29 00:00:00,603530,预测中,已明说不会亏,预告,2023年度业绩预告（预增）,False,True
2024-01-29 00:00:00,600570,预测中,已明说不会亏,预告,2023年度业绩预告（略增）,False,True
2024-01-29 00:00:00,301186,预测中,已明说不会亏,预告,2023年度业绩预告（预增）,False,True
2024-01-29 00:00:00,301288,预测中,已明说不会亏,预告,2023年度业绩预告（预增）,False,True
2024-01-29 00:00:00,301259,预测中,已明说会亏,预告,2023年度业绩预告（首亏）,False,True
2024-01-29 00:00:00,301246,预测中,已明说不会亏,预告,2023年度业绩预告（预减）,False,True
2024-01-29 00:00:00,301237,预测中,已明说不会亏,预告,2023年度业绩预告（预减）,False,True
2024-01-29 00:00:00,301231,预测中,已明说不会亏,预告,2023年度业绩预告（预减）,False,True
2024-01-29 00:00:00,301217,预测中,已明说不会亏,预告,2023年度业绩预告（预减）,False,True
2024-01-29 00:00:00,301391,预测中,已明说不会亏,预告,2023年度业绩预告（预增）,False,True
2024-01-29 00:00:00,300683,预测中,已明说会亏,预告,2023年度业绩预告（增亏）,False,True
2024-01-29 00:00:00,300891,预测中,已明说不会亏,预告,2023年度业绩预告（预增）,False,True
2024-01-29 00:00:00,300616,预测中,已明说不会亏,预告,2023年度业绩预告（预增）,True,True
2024-01-29 00:00:00,300148,预测中,已明说会亏,预告,2023年度业绩预告（减亏）,False,True
2024-01-29 00:00:00,300113,预测中,已明说不会亏,预告,2023年度业绩预告（扭亏）,False,True
2024-01-29 00:00:00,300098,预测中,已明说会亏,预告,2023年度业绩预告（减亏）,False,True
2024-01-29 00:00:00,300078,预测中,已明说会亏,预告,2023年度业绩预告（续亏）,True,True
2024-01-29 00:00:00,300069,预测中,已明说不会亏,预告,2023年度业绩预告（扭亏）,True,True
2024-01-29 00:00:00,300052,预测中,已明说会亏,预告,2023年度业绩预告（续亏）,False,True
2024-01-29 00:00:00,300045,预测中,已明说不会亏,预告,2023年度业绩预告（扭亏）,False,True
2024-01-29 00:00:00,300022,预测中,已明说不会亏,预告,2023年度业绩预告（预增）,False,True
2024-01-29 00:00:00,300165,预测中,已明说会亏,预告,2023年度业绩预告（续亏）,False,True
2024-01-29 00:00:00,300017,预测中,已明说不会亏,预告,2023年度业绩预告（预增）,False,True
2024-01-29 00:00:00,002984,预测中,已明说不会亏,预告,2023年度业绩预告（预增）,False,True
2024-01-29 00:00:00,002939,预测中,已明说不会亏,预告,2023年度业绩预告（预增）,False,True
2024-01-29 00:00:00,002312,预测中,已明说不会亏,预告,2023年度业绩预告（预减）,False,True
2024-01-29 00:00:00,002044,预测中,已明说不会亏,预告,2023年度业绩预告（扭亏）,True,True
2024-01-29 00:00:00,001331,预测中,已明说会亏,预告,2023年度业绩预告（首亏）,False,True
2024-01-29 00:00:00,000736,预测中,已明说会亏,预告,2023年度业绩预告（首亏）,False,True
2024-01-29 00:00:00,000070,预测中,已明说会亏,预告,2023年度业绩预告（首亏）,False,True
2024-01-29 00:00:00,300667,预测中,已明说不会亏,预告,2023年度业绩预告（预增）,False,True
2024-01-29 00:00:00,300001,预测中,已明说不会亏,预告,2023年度业绩预告（预增）,False,True
2024-01-29 00:00:00,300187,预测中,已明说不会亏,预告,2023年度业绩预告（扭亏）,False,True
2024-01-29 00:00:00,000631,预测中,已明说不会亏,预告,2023年度业绩预告（预增）,False,True
2024-01-29 00:00:00,300204,预测中,已明说会亏,预告,2023年度业绩预告（增亏）,True,True
2024-01-29 00:00:00,300581,预测中,已明说不会亏,预告,2023年度业绩预告（预减）,False,True
2024-01-29 00:00:00,300611,预测中,已明说不会亏,预告,2023年度业绩预告（扭亏）,False,True
2024-01-29 00:00:00,300547,预测中,已明说不会亏,预告,2023年度业绩预告（预增）,False,True
2024-01-29 00:00:00,300545,预测中,已明说不会亏,预告,2023年度业绩预告（预增）,False,True
2024-01-29 00:00:00,300541,预测中,已明说不会亏,预告,2023年度业绩预告（预增）,False,True
2024-01-29 00:00:00,300508,预测中,已明说不会亏,预告,2023年度业绩预告（略减）,False,True
2024-01-29 00:00:00,300191,预测中,已明说会亏,预告,2023年度业绩预告（首亏）,False,True
2024-01-29 00:00:00,300442,预测中,已明说不会亏,预告,2023年度业绩预告（预增）,False,True
2024-01-29 00:00:00,300386,预测中,已明说会亏,预告,2023年度业绩预告（增亏）,True,True
2024-01-29 00:00:00,300456,预测中,已明说不会亏,预告,2023年度业绩预告（扭亏）,False,True
2024-01-29 00:00:00,300353,预测中,已明说不会亏,预告,2023年度业绩预告（预增）,True,True
2024-01-29 00:00:00,300215,预测中,已明说不会亏,预告,2023年度业绩预告（预减）,False,True
2024-01-29 00:00:00,300383,预测中,已明说不会亏,预告,2023年度业绩预告（扭亏）,False,True
2024-01-29 00:00:00,300253,预测中,已明说不会亏,预告,2023年度业绩预告（预增）,False,True
2024-01-29 00:00:00,300254,预测中,已明说不会亏,预告,2023年度业绩预告（扭亏）,True,True
2024-01-29 00:00:00,300230,预测中,已明说不会亏,预告,2023年度业绩预告（预增）,False,True
2024-01-29 00:00:00,300269,预测中,已明说不会亏,预告,2023年度业绩预告（扭亏）,False,True
2024-01-29 00:00:00,300321,预测中,已明说会亏,预告,2023年度业绩预告（首亏）,False,True
2024-01-29 00:00:00,300324,预测中,已明说会亏,预告,2023年度业绩预告（减亏）,True,True
2024-01-29 00:00:00,300267,预测中,已明说会亏,预告,2023年度业绩预告（首亏）,False,True
2024-01-30 00:00:00,300338,预测中,已明说会亏,预告,2023年度业绩预告（首亏）,False,True
2024-01-30 00:00:00,300334,预测中,已明说会亏,预告,2023年度业绩预告（减亏）,True,True
2024-01-30 00:00:00,300333,预测中,已明说会亏,预告,2023年度业绩预告（减亏）,True,True
2024-01-30 00:00:00,300329,预测中,已明说会亏,预告,2023年度业绩预告（首亏）,True,True
2024-01-30 00:00:00,300326,预测中,已明说不会亏,预告,2023年度业绩预告（扭亏）,False,True
2024-01-30 00:00:00,300322,预测中,已明说会亏,预告,2023年度业绩预告（增亏）,True,True
2024-01-30 00:00:00,300317,预测中,已明说不会亏,预告,2023年度业绩预告（预减）,False,True
2024-01-30 00:00:00,300286,预测中,已明说不会亏,预告,2023年度业绩预告（略增）,False,True
2024-01-30 00:00:00,300311,预测中,已明说会亏,预告,2023年度业绩预告（增亏）,True,True
2024-01-30 00:00:00,300310,预测中,已明说不会亏,预告,2023年度业绩预告（预增）,False,True
2024-01-30 00:00:00,300305,预测中,已明说不会亏,预告,2023年度业绩预告（预减）,False,True
2024-01-30 00:00:00,300302,预测中,已明说会亏,预告,2023年度业绩预告（增亏）,False,True
2024-01-30 00:00:00,300300,预测中,已明说会亏,预告,2023年度业绩预告（增亏）,True,True
2024-01-30 00:00:00,300290,预测中,已明说不会亏,预告,2023年度业绩预告（扭亏）,False,True
2024-01-30 00:00:00,300289,预测中,已明说不会亏,预告,2023年度业绩预告（扭亏）,False,True
2024-01-30 00:00:00,300281,预测中,已明说不会亏,预告,2023年度业绩预告（扭亏）,False,True
2024-01-30 00:00:00,300315,预测中,已明说不会亏,预告,2023年度业绩预告（预增）,False,True
2024-01-30 00:00:00,300340,预测中,已明说会亏,预告,2023年度业绩预告（续亏）,True,True
2024-01-30 00:00:00,300352,预测中,已明说不会亏,预告,2023年度业绩预告（扭亏）,False,True
2024-01-30 00:00:00,300270,预测中,已明说会亏,预告,2023年度业绩预告（首亏）,False,True
2024-01-30 00:00:00,300427,预测中,已明说会亏,预告,2023年度业绩预告（首亏）,False,True
2024-01-30 00:00:00,300426,预测中,已明说不会亏,预告,2023年度业绩预告（预减）,True,True
2024-01-30 00:00:00,300423,预测中,已明说会亏,预告,2023年度业绩预告（增亏）,False,True
2024-01-30 00:00:00,300422,预测中,已明说会亏,预告,2023年度业绩预告（减亏）,False,True
2024-01-30 00:00:00,300417,预测中,已明说会亏,预告,2023年度业绩预告（减亏）,False,True
2024-01-30 00:00:00,300412,预测中,已明说会亏,预告,2023年度业绩预告（减亏）,False,True
2024-01-30 00:00:00,300342,预测中,已明说不会亏,预告,2023年度业绩预告（预增）,False,True
2024-01-30 00:00:00,300410,预测中,已明说会亏,预告,2023年度业绩预告（增亏）,True,True
2024-01-30 00:00:00,300400,预测中,已明说不会亏,预告,2023年度业绩预告（预减）,False,True
2024-01-30 00:00:00,300380,预测中,已明说会亏,预告,2023年度业绩预告（减亏）,False,True
2024-01-30 00:00:00,300376,预测中,已明说不会亏,预告,2023年度业绩预告（预增）,False,True
2024-01-30 00:00:00,300369,预测中,已明说会亏,预告,2023年度业绩预告（首亏）,True,True
2024-01-30 00:00:00,300368,预测中,已明说会亏,预告,2023年度业绩预告（减亏）,False,True
2024-01-30 00:00:00,300366,预测中,已明说会亏,预告,2023年度业绩预告（增亏）,True,True
2024-01-30 00:00:00,300364,预测中,已明说不会亏,预告,2023年度业绩预告（扭亏）,True,True
2024-01-30 00:00:00,300405,预测中,已明说会亏,预告,2023年度业绩预告（减亏）,True,True
2024-01-30 00:00:00,300268,预测中,已明说会亏,预告,2023年度业绩预告（续亏）,False,True
2024-01-30 00:00:00,300196,预测中,已明说不会亏,预告,2023年度业绩预告（预减）,False,True
2024-01-30 00:00:00,300261,预测中,已明说会亏,预告,2023年度业绩预告（首亏）,False,True
2024-01-30 00:00:00,300189,预测中,已明说会亏,预告,2023年度业绩预告（减亏）,False,True
2024-01-30 00:00:00,300183,预测中,已明说不会亏,预告,2023年度业绩预告（预减）,False,True
2024-01-30 00:00:00,300176,预测中,已明说不会亏,预告,2023年度业绩预告（预增）,False,True
2024-01-30 00:00:00,300173,预测中,已明说不会亏,预告,2023年度业绩预告（扭亏）,False,True
2024-01-30 00:00:00,300170,预测中,已明说会亏,预告,2023年度业绩预告（首亏）,False,True
2024-01-30 00:00:00,300169,预测中,已明说会亏,预告,2023年度业绩预告（减亏）,True,True
2024-01-30 00:00:00,300168,预测中,已明说会亏,预告,2023年度业绩预告（增亏）,True,True
2024-01-30 00:00:00,300194,预测中,已明说不会亏,预告,2023年度业绩预告（略增）,False,True
2024-01-30 00:00:00,300162,预测中,已明说会亏,预告,2023年度业绩预告（首亏）,False,True
2024-01-30 00:00:00,300157,预测中,已明说会亏,预告,2023年度业绩预告（增亏）,True,True
2024-01-30 00:00:00,300150,预测中,已明说会亏,预告,2023年度业绩预告（减亏）,False,True
2024-01-30 00:00:00,300147,预测中,已明说会亏,预告,2023年度业绩预告（减亏）,True,True
2024-01-30 00:00:00,300144,预测中,已明说会亏,预告,2023年度业绩预告（首亏）,False,True
2024-01-30 00:00:00,300137,预测中,已明说会亏,预告,2023年度业绩预告（减亏）,False,True
2024-01-30 00:00:00,300135,预测中,已明说会亏,预告,2023年度业绩预告（减亏）,False,True
2024-01-30 00:00:00,300124,预测中,已明说不会亏,预告,2023年度业绩预告（略增）,False,True
2024-01-30 00:00:00,300159,预测中,已明说会亏,预告,2023年度业绩预告（首亏）,True,True
2024-01-30 00:00:00,300195,预测中,已明说不会亏,预告,2023年度业绩预告（扭亏）,False,True
2024-01-30 00:00:00,300432,预测中,已明说会亏,预告,2023年度业绩预告（首亏）,True,True
2024-01-30 00:00:00,300198,预测中,已明说会亏,预告,2023年度业绩预告（续亏）,True,True
2024-01-30 00:00:00,300256,预测中,已明说会亏,预告,2023年度业绩预告（首亏）,True,True
2024-01-30 00:00:00,300252,预测中,已明说会亏,预告,2023年度业绩预告（减亏）,False,True
2024-01-30 00:00:00,300251,预测中,已明说不会亏,预告,2023年度业绩预告（扭亏）,False,True
2024-01-30 00:00:00,300250,预测中,已明说不会亏,预告,2023年度业绩预告（扭亏）,False,True
2024-01-30 00:00:00,300247,预测中,已明说不会亏,预告,2023年度业绩预告（预减）,False,True
2024-01-30 00:00:00,300246,预测中,已明说会亏,预告,2023年度业绩预告（首亏）,False,True
2024-01-30 00:00:00,300245,预测中,已明说会亏,预告,2023年度业绩预告（增亏）,True,True
2024-01-30 00:00:00,300241,预测中,已明说会亏,预告,2023年度业绩预告（首亏）,False,True
2024-01-30 00:00:00,300240,预测中,已明说不会亏,预告,2023年度业绩预告（预减）,True,True
2024-01-30 00:00:00,300237,预测中,已明说会亏,预告,2023年度业绩预告（续亏）,True,True
2024-01-30 00:00:00,300232,预测中,已明说不会亏,预告,2023年度业绩预告（预增）,False,True
2024-01-30 00:00:00,300222,预测中,已明说会亏,预告,2023年度业绩预告（减亏）,False,True
2024-01-30 00:00:00,300212,预测中,已明说会亏,预告,2023年度业绩预告（首亏）,True,True
2024-01-30 00:00:00,300211,预测中,已明说会亏,预告,2023年度业绩预告（首亏）,False,True
2024-01-30 00:00:00,300205,预测中,已明说不会亏,预告,2023年度业绩预告（预减）,False,True
2024-01-30 00:00:00,300203,预测中,已明说会亏,预告,2023年度业绩预告（减亏）,True,True
2024-01-30 00:00:00,300200,预测中,已明说会亏,预告,2023年度业绩预告（首亏）,False,True
2024-01-30 00:00:00,300263,预测中,已明说不会亏,预告,2023年度业绩预告（预增）,False,True
2024-01-30 00:00:00,300436,预测中,已明说会亏,预告,2023年度业绩预告（增亏）,True,True
2024-01-30 00:00:00,300531,预测中,已明说会亏,预告,2023年度业绩预告（首亏）,False,True
2024-01-30 00:00:00,300449,预测中,已明说会亏,预告,2023年度业绩预告（增亏）,True,True
2024-01-30 00:00:00,300762,预测中,已明说会亏,预告,2023年度业绩预告（首亏）,False,True
2024-01-30 00:00:00,300756,预测中,已明说不会亏,预告,2023年度业绩预告（扭亏）,False,True
2024-01-30 00:00:00,300737,预测中,已明说会亏,预告,2023年度业绩预告（首亏）,False,True
2024-01-30 00:00:00,300733,预测中,已明说会亏,预告,2023年度业绩预告（首亏）,False,True
2024-01-30 00:00:00,300715,预测中,已明说不会亏,预告,2023年度业绩预告（扭亏）,False,True
2024-01-30 00:00:00,300710,预测中,已明说会亏,预告,2023年度业绩预告（减亏）,True,True
2024-01-30 00:00:00,300696,预测中,已明说不会亏,预告,2023年度业绩预告（预减）,False,True
2024-01-30 00:00:00,300771,预测中,已明说不会亏,预告,2023年度业绩预告（预减）,False,True
2024-01-30 00:00:00,300692,预测中,已明说不会亏,预告,2023年度业绩预告（预减）,False,True
2024-01-30 00:00:00,300676,预测中,已明说不会亏,预告,2023年度业绩预告（预减）,False,True
2024-01-30 00:00:00,300671,预测中,已明说会亏,预告,2023年度业绩预告（增亏）,False,True
2024-01-30 00:00:00,300895,预测中,已明说会亏,预告,2023年度业绩预告（增亏）,False,True
2024-01-30 00:00:00,300668,预测中,已明说不会亏,预告,2023年度业绩预告（预增）,False,True
2024-01-30 00:00:00,300663,预测中,已明说会亏,预告,2023年度业绩预告（首亏）,False,True
2024-01-30 00:00:00,300660,预测中,已明说不会亏,预告,2023年度业绩预告（略增）,False,True
2024-01-30 00:00:00,300651,预测中,已明说不会亏,预告,2023年度业绩预告（预增）,False,True
2024-01-30 00:00:00,300686,预测中,已明说会亏,预告,2023年度业绩预告（增亏）,True,True
2024-01-30 00:00:00,300774,预测中,已明说不会亏,预告,2023年度业绩预告（预增）,False,True
2024-01-30 00:00:00,300777,预测中,已明说不会亏,预告,2023年度业绩预告（预减）,False,True
2024-01-30 00:00:00,300778,预测中,已明说会亏,预告,2023年度业绩预告（首亏）,False,True
2024-01-30 00:00:00,300888,预测中,已明说不会亏,预告,2023年度业绩预告（预减）,False,True
2024-01-30 00:00:00,300887,预测中,已明说不会亏,预告,2023年度业绩预告（预减）,False,True
2024-01-30 00:00:00,300886,预测中,已明说会亏,预告,2023年度业绩预告（首亏）,False,True
2024-01-30 00:00:00,300877,预测中,已明说不会亏,预告,2023年度业绩预告（扭亏）,False,True
2024-01-30 00:00:00,300849,预测中,已明说会亏,预告,2023年度业绩预告（续亏）,False,True
2024-01-30 00:00:00,300836,预测中,已明说会亏,预告,2023年度业绩预告（减亏）,False,True
2024-01-30 00:00:00,300830,预测中,已明说不会亏,预告,2023年度业绩预告（预减）,False,True
2024-01-30 00:00:00,300827,预测中,已明说不会亏,预告,2023年度业绩预告（预增）,False,True
2024-01-30 00:00:00,300823,预测中,已明说不会亏,预告,2023年度业绩预告（预增）,False,True
2024-01-30 00:00:00,300819,预测中,已明说不会亏,预告,2023年度业绩预告（预增）,False,True
2024-01-30 00:00:00,300816,预测中,已明说不会亏,预告,2023年度业绩预告（扭亏）,False,True
2024-01-30 00:00:00,300813,预测中,已明说不会亏,预告,2023年度业绩预告（预减）,False,True
2024-01-30 00:00:00,300810,预测中,已明说会亏,预告,2023年度业绩预告（首亏）,True,True
2024-01-30 00:00:00,300809,预测中,已明说不会亏,预告,2023年度业绩预告（预增）,False,True
2024-01-30 00:00:00,300808,预测中,已明说不会亏,预告,2023年度业绩预告（扭亏）,False,True
2024-01-30 00:00:00,300798,预测中,已明说不会亏,预告,2023年度业绩预告（预增）,False,True
2024-01-30 00:00:00,300780,预测中,已明说会亏,预告,2023年度业绩预告（首亏）,False,True
2024-01-30 00:00:00,300647,预测中,已明说会亏,预告,2023年度业绩预告（首亏）,True,True
2024-01-30 00:00:00,300448,预测中,已明说会亏,预告,2023年度业绩预告（首亏）,False,True
2024-01-30 00:00:00,300639,预测中,已明说不会亏,预告,2023年度业绩预告（预减）,False,True
2024-01-30 00:00:00,300619,预测中,已明说不会亏,预告,2023年度业绩预告（预增）,False,True
2024-01-30 00:00:00,300523,预测中,已明说不会亏,预告,2023年度业绩预告（预增）,False,True
2024-01-30 00:00:00,300521,预测中,已明说会亏,预告,2023年度业绩预告（续亏）,False,True
2024-01-30 00:00:00,300514,预测中,已明说不会亏,预告,2023年度业绩预告（预增）,False,True
2024-01-30 00:00:00,300511,预测中,已明说会亏,预告,2023年度业绩预告（减亏）,False,True
2024-01-30 00:00:00,300507,预测中,已明说不会亏,预告,2023年度业绩预告（预减）,False,True
2024-01-30 00:00:00,300489,预测中,已明说会亏,预告,2023年度业绩预告（增亏）,True,True
2024-01-30 00:00:00,300486,预测中,已明说会亏,预告,2023年度业绩预告（首亏）,False,True
2024-01-30 00:00:00,300530,预测中,已明说会亏,预告,2023年度业绩预告（续亏）,True,True
2024-01-30 00:00:00,300485,预测中,已明说不会亏,预告,2023年度业绩预告（预减）,False,True
2024-01-30 00:00:00,300472,预测中,已明说会亏,预告,2023年度业绩预告（增亏）,True,True
2024-01-30 00:00:00,300471,预测中,已明说会亏,预告,2023年度业绩预告（减亏）,False,True
2024-01-30 00:00:00,300469,预测中,已明说会亏,预告,2023年度业绩预告（续亏）,True,True
2024-01-30 00:00:00,300467,预测中,已明说不会亏,预告,2023年度业绩预告（扭亏）,False,True
2024-01-30 00:00:00,300465,预测中,已明说不会亏,预告,2023年度业绩预告（扭亏）,False,True
2024-01-30 00:00:00,300461,预测中,已明说不会亏,预告,2023年度业绩预告（扭亏）,False,True
2024-01-30 00:00:00,300454,预测中,已明说不会亏,预告,2023年度业绩预告（续盈）,False,True
2024-01-30 00:00:00,300477,预测中,已明说会亏,预告,2023年度业绩预告（首亏）,False,True
2024-01-30 00:00:00,300123,预测中,已明说会亏,预告,2023年度业绩预告（减亏）,False,True
2024-01-30 00:00:00,300535,预测中,已明说不会亏,预告,2023年度业绩预告（扭亏）,False,True
2024-01-30 00:00:00,300538,预测中,已明说不会亏,预告,2023年度业绩预告（预增）,False,True
2024-01-30 00:00:00,300609,预测中,已明说会亏,预告,2023年度业绩预告（减亏）,False,True
2024-01-30 00:00:00,300606,预测中,已明说不会亏,预告,2023年度业绩预告（预增）,False,True
2024-01-30 00:00:00,300604,预测中,已明说不会亏,预告,2023年度业绩预告（预减）,False,True
2024-01-30 00:00:00,300603,预测中,已明说不会亏,预告,2023年度业绩预告（扭亏）,False,True
2024-01-30 00:00:00,300599,预测中,已明说不会亏,预告,2023年度业绩预告（扭亏）,False,True
2024-01-30 00:00:00,300593,预测中,已明说不会亏,预告,2023年度业绩预告（预减）,False,True
2024-01-30 00:00:00,300591,预测中,已明说会亏,预告,2023年度业绩预告（减亏）,True,True
2024-01-30 00:00:00,300587,预测中,已明说会亏,预告,2023年度业绩预告（首亏）,False,True
2024-01-30 00:00:00,300586,预测中,已明说不会亏,预告,2023年度业绩预告（预减）,False,True
2024-01-30 00:00:00,300585,预测中,已明说不会亏,预告,2023年度业绩预告（预减）,False,True
2024-01-30 00:00:00,300577,预测中,已明说不会亏,预告,2023年度业绩预告（预增）,False,True
2024-01-30 00:00:00,300575,预测中,已明说不会亏,预告,2023年度业绩预告（预减）,False,True
2024-01-30 00:00:00,300565,预测中,已明说会亏,预告,2023年度业绩预告（增亏）,True,True
2024-01-30 00:00:00,300555,预测中,已明说会亏,预告,2023年度业绩预告（续亏）,False,True
2024-01-30 00:00:00,300551,预测中,已明说会亏,预告,2023年度业绩预告（续亏）,False,True
2024-01-30 00:00:00,300548,预测中,已明说不会亏,预告,2023年度业绩预告（预减）,False,True
2024-01-30 00:00:00,300546,预测中,已明说会亏,预告,2023年度业绩预告（首亏）,False,True
2024-01-30 00:00:00,300624,预测中,已明说不会亏,预告,2023年度业绩预告（预增）,False,True
2024-01-30 00:00:00,300118,预测中,已明说不会亏,预告,2023年度业绩预告（预增）,False,True
2024-01-30 00:00:00,300042,预测中,已明说会亏,预告,2023年度业绩预告（首亏）,False,True
2024-01-30 00:00:00,300112,预测中,已明说不会亏,预告,2023年度业绩预告（预减）,False,True
2024-01-30 00:00:00,002185,预测中,已明说不会亏,预告,2023年度业绩预告（预减）,False,True
2024-01-30 00:00:00,002172,预测中,已明说不会亏,预告,2023年度业绩预告（扭亏）,True,True
2024-01-30 00:00:00,002166,预测中,已明说不会亏,预告,2023年度业绩预告（预减）,False,True
2024-01-30 00:00:00,002164,预测中,已明说不会亏,预告,2023年度业绩预告（预减）,False,True
2024-01-30 00:00:00,002159,预测中,已明说不会亏,预告,2023年度业绩预告（扭亏）,False,True
2024-01-30 00:00:00,002151,预测中,已明说不会亏,预告,2023年度业绩预告（续盈）,False,True
2024-01-30 00:00:00,002146,预测中,已明说不会亏,预告,2023年度业绩预告（扭亏）,False,True
2024-01-30 00:00:00,002112,预测中,已明说不会亏,预告,2023年度业绩预告（预增）,False,True
2024-01-30 00:00:00,002105,预测中,已明说不会亏,预告,2023年度业绩预告（预减）,False,True
2024-01-30 00:00:00,002103,预测中,已明说不会亏,预告,2023年度业绩预告（扭亏）,False,True
2024-01-30 00:00:00,002097,预测中,已明说不会亏,预告,2023年度业绩预告（扭亏）,False,True
2024-01-30 00:00:00,002079,预测中,已明说不会亏,预告,2023年度业绩预告（预减）,False,True
2024-01-30 00:00:00,002074,预测中,已明说不会亏,预告,2023年度业绩预告（预增）,False,True
2024-01-30 00:00:00,002072,预测中,已明说不会亏,预告,2023年度业绩预告（扭亏）,False,True
2024-01-30 00:00:00,002061,预测中,已明说不会亏,预告,2023年度业绩预告（略减）,False,True
2024-01-30 00:00:00,002110,预测中,已明说会亏,预告,2023年度业绩预告（首亏）,False,True
2024-01-30 00:00:00,002199,预测中,已明说会亏,预告,2023年度业绩预告（续亏）,True,True
2024-01-30 00:00:00,002209,预测中,已明说不会亏,预告,2023年度业绩预告（预增）,False,True
2024-01-30 00:00:00,002219,预测中,已明说不会亏,预告,2023年度业绩预告（预减）,False,True
2024-01-30 00:00:00,002383,预测中,已明说不会亏,预告,2023年度业绩预告（扭亏）,False,True
2024-01-30 00:00:00,002376,预测中,已明说不会亏,预告,2023年度业绩预告（扭亏）,True,True
2024-01-30 00:00:00,002360,预测中,已明说不会亏,预告,2023年度业绩预告（预增）,False,True
2024-01-30 00:00:00,002358,预测中,已明说不会亏,预告,2023年度业绩预告（预增）,True,True
2024-01-30 00:00:00,002347,预测中,已明说会亏,预告,2023年度业绩预告（续亏）,False,True
2024-01-30 00:00:00,002345,预测中,已明说不会亏,预告,2023年度业绩预告（预增）,False,True
2024-01-30 00:00:00,002339,预测中,已明说不会亏,预告,2023年度业绩预告（扭亏）,False,True
2024-01-30 00:00:00,002326,预测中,已明说会亏,预告,2023年度业绩预告（首亏）,False,True
2024-01-30 00:00:00,002324,预测中,已明说不会亏,预告,2023年度业绩预告（预增）,False,True
2024-01-30 00:00:00,002314,预测中,已明说不会亏,预告,2023年度业绩预告（预减）,False,True
2024-01-30 00:00:00,002296,预测中,已明说不会亏,预告,2023年度业绩预告（预增）,False,True
2024-01-30 00:00:00,002256,预测中,已明说会亏,预告,2023年度业绩预告（增亏）,True,True
2024-01-30 00:00:00,002252,预测中,已明说不会亏,预告,2023年度业绩预告（续盈）,False,True
2024-01-30 00:00:00,002247,预测中,已明说会亏,预告,2023年度业绩预告（首亏）,False,True
2024-01-30 00:00:00,002232,预测中,已明说不会亏,预告,2023年度业绩预告（预减）,False,True
2024-01-30 00:00:00,002230,预测中,已明说不会亏,预告,2023年度业绩预告（略增）,False,True
2024-01-30 00:00:00,002221,预测中,已明说不会亏,预告,2023年度业绩预告（预增）,False,True
2024-01-30 00:00:00,002058,预测中,已明说会亏,预告,2023年度业绩预告（减亏）,True,True
2024-01-30 00:00:00,002392,预测中,已明说不会亏,预告,2023年度业绩预告（预增）,False,True
2024-01-30 00:00:00,002039,预测中,已明说不会亏,预告,2023年度业绩预告（略减）,False,True
2024-01-30 00:00:00,002029,预测中,已明说不会亏,预告,2023年度业绩预告（预增）,False,True
2024-01-30 00:00:00,000690,预测中,已明说不会亏,预告,2023年度业绩预告（预增）,False,True
2024-01-30 00:00:00,000670,预测中,已明说会亏,预告,2023年度业绩预告（首亏）,True,True
2024-01-30 00:00:00,000669,预测中,已明说会亏,预告,2023年度业绩预告（增亏）,False,True
2024-01-30 00:00:00,000665,预测中,已明说会亏,预告,2023年度业绩预告（减亏）,True,True
2024-01-30 00:00:00,000620,预测中,已明说不会亏,预告,2023年度业绩预告（扭亏）,False,True
2024-01-30 00:00:00,000612,预测中,已明说不会亏,预告,2023年度业绩预告（预增）,False,True
2024-01-30 00:00:00,000557,预测中,已明说不会亏,预告,2023年度业绩预告（略增）,False,True
2024-01-30 00:00:00,000697,预测中,已明说会亏,预告,2023年度业绩预告（减亏）,False,True
2024-01-30 00:00:00,000544,预测中,已明说不会亏,预告,2023年度业绩预告（略增）,False,True
2024-01-30 00:00:00,000533,预测中,已明说不会亏,预告,2023年度业绩预告（预增）,False,True
2024-01-30 00:00:00,000503,预测中,已明说会亏,预告,2023年度业绩预告（减亏）,True,True
2024-01-30 00:00:00,000428,预测中,已明说会亏,预告,2023年度业绩预告（减亏）,True,True
2024-01-30 00:00:00,000409,预测中,已明说不会亏,预告,2023年度业绩预告（预增）,False,True
2024-01-30 00:00:00,000036,预测中,已明说不会亏,预告,2023年度业绩预告（预减）,False,True
2024-01-30 00:00:00,000025,预测中,已明说不会亏,预告,2023年度业绩预告（预增）,False,True
2024-01-30 00:00:00,000539,预测中,已明说不会亏,预告,2023年度业绩预告（扭亏）,False,True
2024-01-30 00:00:00,000759,预测中,已明说会亏,预告,2023年度业绩预告（续亏）,False,True
2024-01-30 00:00:00,000820,预测中,已明说会亏,预告,2023年度业绩预告（续亏）,True,True
2024-01-30 00:00:00,000852,预测中,已明说不会亏,预告,2023年度业绩预告（预增）,False,True
2024-01-30 00:00:00,002027,预测中,已明说不会亏,预告,2023年度业绩预告（预增）,False,True
2024-01-30 00:00:00,001313,预测中,已明说不会亏,预告,2023年度业绩预告（预减）,False,True
2024-01-30 00:00:00,001309,预测中,已明说不会亏,预告,2023年度业绩预告（预减）,False,True
2024-01-30 00:00:00,001259,预测中,已明说不会亏,预告,2023年度业绩预告（预减）,False,True
2024-01-30 00:00:00,001210,预测中,已明说不会亏,预告,2023年度业绩预告（预减）,False,True
2024-01-30 00:00:00,000990,预测中,已明说不会亏,预告,2023年度业绩预告（预增）,True,True
2024-01-30 00:00:00,000985,预测中,已明说不会亏,预告,2023年度业绩预告（预减）,False,True
2024-01-30 00:00:00,000980,预测中,已明说会亏,预告,2023年度业绩预告（减亏）,True,True
2024-01-30 00:00:00,000978,预测中,已明说不会亏,预告,2023年度业绩预告（扭亏）,True,True
2024-01-30 00:00:00,000949,预测中,已明说会亏,预告,2023年度业绩预告（减亏）,False,True
2024-01-30 00:00:00,000936,预测中,已明说不会亏,预告,2023年度业绩预告（预减）,False,True
2024-01-30 00:00:00,000929,预测中,已明说会亏,预告,2023年度业绩预告（增亏）,False,True
2024-01-30 00:00:00,000911,预测中,已明说不会亏,预告,2023年度业绩预告（扭亏）,False,True
2024-01-30 00:00:00,000908,预测中,已明说会亏,预告,2023年度业绩预告（增亏）,False,True
2024-01-30 00:00:00,000899,预测中,已明说不会亏,预告,2023年度业绩预告（预增）,False,True
2024-01-30 00:00:00,000868,预测中,已明说会亏,预告,2023年度业绩预告（减亏）,True,True
2024-01-30 00:00:00,000859,预测中,已明说会亏,预告,2023年度业绩预告（首亏）,False,True
2024-01-30 00:00:00,002035,预测中,已明说不会亏,预告,2023年度业绩预告（预增）,False,True
2024-01-30 00:00:00,300115,预测中,已明说不会亏,预告,2023年度业绩预告（预增）,True,True
2024-01-30 00:00:00,002405,预测中,已明说会亏,预告,2023年度业绩预告（增亏）,False,True
2024-01-30 00:00:00,002418,预测中,已明说不会亏,预告,2023年度业绩预告（预增）,False,True
2024-01-30 00:00:00,300027,预测中,已明说会亏,预告,2023年度业绩预告（减亏）,True,True
2024-01-30 00:00:00,300026,预测中,已明说不会亏,预告,2023年度业绩预告（略减）,False,True
2024-01-30 00:00:00,300018,预测中,已明说不会亏,预告,2023年度业绩预告（预增）,False,True
2024-01-30 00:00:00,300016,预测中,已明说会亏,预告,2023年度业绩预告（首亏）,False,True
2024-01-30 00:00:00,300013,预测中,已明说会亏,预告,2023年度业绩预告（增亏）,True,True
2024-01-30 00:00:00,300011,预测中,已明说不会亏,预告,2023年度业绩预告（扭亏）,False,True
2024-01-30 00:00:00,300007,预测中,已明说不会亏,预告,2023年度业绩预告（预减）,False,True
2024-01-30 00:00:00,300030,预测中,已明说会亏,预告,2023年度业绩预告（减亏）,False,True
2024-01-30 00:00:00,003012,预测中,已明说不会亏,预告,2023年度业绩预告（预增）,False,True
2024-01-30 00:00:00,003010,预测中,已明说不会亏,预告,2023年度业绩预告（预增）,False,True
2024-01-30 00:00:00,003005,预测中,已明说不会亏,预告,2023年度业绩预告（预减）,False,True
2024-01-30 00:00:00,003003,预测中,已明说不会亏,预告,2023年度业绩预告（扭亏）,False,True
2024-01-30 00:00:00,002981,预测中,已明说不会亏,预告,2023年度业绩预告（预增）,False,True
2024-01-30 00:00:00,002952,预测中,已明说不会亏,预告,2023年度业绩预告（预减）,False,True
2024-01-30 00:00:00,002949,预测中,已明说不会亏,预告,2023年度业绩预告（预增）,False,True
2024-01-30 00:00:00,300031,预测中,已明说不会亏,预告,2023年度业绩预告（扭亏）,False,True
2024-01-30 00:00:00,300039,预测中,已明说不会亏,预告,2023年度业绩预告（预增）,False,True
2024-01-30 00:00:00,300043,预测中,已明说不会亏,预告,2023年度业绩预告（扭亏）,True,True
2024-01-30 00:00:00,300111,预测中,已明说不会亏,预告,2023年度业绩预告（扭亏）,True,True
2024-01-30 00:00:00,300106,预测中,已明说会亏,预告,2023年度业绩预告（首亏）,False,True
2024-01-30 00:00:00,300101,预测中,已明说不会亏,预告,2023年度业绩预告（预减）,False,True
2024-01-30 00:00:00,300097,预测中,已明说不会亏,预告,2023年度业绩预告（扭亏）,True,True
2024-01-30 00:00:00,300093,预测中,已明说会亏,预告,2023年度业绩预告（增亏）,True,True
2024-01-30 00:00:00,300088,预测中,已明说不会亏,预告,2023年度业绩预告（预减）,False,True
2024-01-30 00:00:00,300086,预测中,已明说不会亏,预告,2023年度业绩预告（扭亏）,False,True
2024-01-30 00:00:00,300085,预测中,已明说会亏,预告,2023年度业绩预告（减亏）,False,True
2024-01-30 00:00:00,300082,预测中,已明说会亏,预告,2023年度业绩预告（首亏）,True,True
2024-01-30 00:00:00,300081,预测中,已明说会亏,预告,2023年度业绩预告（减亏）,True,True
2024-01-30 00:00:00,300080,预测中,已明说不会亏,预告,2023年度业绩预告（预减）,False,True
2024-01-30 00:00:00,300065,预测中,已明说会亏,预告,2023年度业绩预告（减亏）,False,True
2024-01-30 00:00:00,300063,预测中,已明说不会亏,预告,2023年度业绩预告（不确定）,False,True
2024-01-30 00:00:00,300058,预测中,已明说不会亏,预告,2023年度业绩预告（扭亏）,False,True
2024-01-30 00:00:00,300053,预测中,已明说会亏,预告,2023年度业绩预告（减亏）,False,True
2024-01-30 00:00:00,300050,预测中,已明说会亏,预告,2023年度业绩预告（减亏）,False,True
2024-01-30 00:00:00,300044,预测中,已明说会亏,预告,2023年度业绩预告（减亏）,True,True
2024-01-30 00:00:00,002933,预测中,已明说不会亏,预告,2023年度业绩预告（扭亏）,False,True
2024-01-30 00:00:00,002410,预测中,已明说不会亏,预告,2023年度业绩预告（预减）,False,True
2024-01-30 00:00:00,002921,预测中,已明说不会亏,预告,2023年度业绩预告（预减）,False,True
2024-01-30 00:00:00,002918,预测中,已明说不会亏,预告,2023年度业绩预告（扭亏）,False,True
2024-01-30 00:00:00,002612,预测中,已明说不会亏,预告,2023年度业绩预告（预增）,False,True
2024-01-30 00:00:00,002608,预测中,已明说不会亏,预告,2023年度业绩预告（预增）,False,True
2024-01-30 00:00:00,002594,预测中,已明说不会亏,预告,2023年度业绩预告（预增）,False,True
2024-01-30 00:00:00,002593,预测中,已明说不会亏,预告,2023年度业绩预告（预增）,False,True
2024-01-30 00:00:00,002588,预测中,已明说不会亏,预告,2023年度业绩预告（预增）,False,True
2024-01-30 00:00:00,002574,预测中,已明说不会亏,预告,2023年度业绩预告（扭亏）,False,True
2024-01-30 00:00:00,002563,预测中,已明说不会亏,预告,2023年度业绩预告（预增）,False,True
2024-01-30 00:00:00,002629,预测中,已明说会亏,预告,2023年度业绩预告（首亏）,True,True
2024-01-30 00:00:00,002561,预测中,已明说不会亏,预告,2023年度业绩预告（预增）,False,True
2024-01-30 00:00:00,002526,预测中,已明说不会亏,预告,2023年度业绩预告（预增）,False,True
2024-01-30 00:00:00,002524,预测中,已明说不会亏,预告,2023年度业绩预告（扭亏）,True,True
2024-01-30 00:00:00,002523,预测中,已明说不会亏,预告,2023年度业绩预告（续盈）,False,True
2024-01-30 00:00:00,002496,预测中,已明说会亏,预告,2023年度业绩预告（减亏）,False,True
2024-01-30 00:00:00,002453,预测中,已明说会亏,预告,2023年度业绩预告（减亏）,True,True
2024-01-30 00:00:00,002432,预测中,已明说不会亏,预告,2023年度业绩预告（预减）,False,True
2024-01-30 00:00:00,002420,预测中,已明说会亏,预告,2023年度业绩预告（首亏）,False,True
2024-01-30 00:00:00,002535,预测中,已明说不会亏,预告,2023年度业绩预告（预增）,False,True
2024-01-30 00:00:00,002639,预测中,已明说不会亏,预告,2023年度业绩预告（扭亏）,False,True
2024-01-30 00:00:00,002668,预测中,已明说不会亏,预告,2023年度业绩预告（预增）,False,True
2024-01-30 00:00:00,002671,预测中,已明说不会亏,预告,2023年度业绩预告（扭亏）,False,True
2024-01-30 00:00:00,002899,预测中,已明说不会亏,预告,2023年度业绩预告（预增）,False,True
2024-01-30 00:00:00,002868,预测中,已明说会亏,预告,2023年度业绩预告（增亏）,True,True
2024-01-30 00:00:00,002848,预测中,已明说会亏,预告,2023年度业绩预告（增亏）,True,True
2024-01-30 00:00:00,002827,预测中,已明说不会亏,预告,2023年度业绩预告（预增）,False,True
2024-01-30 00:00:00,002826,预测中,已明说不会亏,预告,2023年度业绩预告（预减）,False,True
2024-01-30 00:00:00,002819,预测中,已明说会亏,预告,2023年度业绩预告（首亏）,False,True
2024-01-30 00:00:00,002806,预测中,已明说会亏,预告,2023年度业绩预告（增亏）,True,True
2024-01-30 00:00:00,002801,预测中,已明说不会亏,预告,2023年度业绩预告（预减）,False,True
2024-01-30 00:00:00,002774,预测中,已明说不会亏,预告,2023年度业绩预告（预增）,False,True
2024-01-30 00:00:00,002766,预测中,已明说不会亏,预告,2023年度业绩预告（预增）,False,True
2024-01-30 00:00:00,002765,预测中,已明说会亏,预告,2023年度业绩预告（首亏）,False,True
2024-01-30 00:00:00,002762,预测中,已明说会亏,预告,2023年度业绩预告（减亏）,False,True
2024-01-30 00:00:00,002760,预测中,已明说会亏,预告,2023年度业绩预告（首亏）,False,True
2024-01-30 00:00:00,002715,预测中,已明说不会亏,预告,2023年度业绩预告（扭亏）,True,True
2024-01-30 00:00:00,002703,预测中,已明说不会亏,预告,2023年度业绩预告（预增）,False,True
2024-01-30 00:00:00,002696,预测中,已明说会亏,预告,2023年度业绩预告（首亏）,False,True
2024-01-30 00:00:00,002687,预测中,已明说不会亏,预告,2023年度业绩预告（预增）,False,True
2024-01-30 00:00:00,002919,预测中,已明说不会亏,预告,2023年度业绩预告（预增）,False,True
2024-01-30 00:00:00,300903,预测中,已明说会亏,预告,2023年度业绩预告（首亏）,True,True
2024-01-30 00:00:00,300670,预测中,已明说会亏,预告,2023年度业绩预告（减亏）,True,True
2024-01-30 00:00:00,300929,预测中,已明说不会亏,预告,2023年度业绩预告（预减）,False,True
2024-01-30 00:00:00,603619,预测中,已明说不会亏,预告,2023年度业绩预告（预增）,False,True
2024-01-30 00:00:00,603696,预测中,已明说不会亏,预告,2023年度业绩预告（预增）,False,True
2024-01-30 00:00:00,603708,预测中,已明说不会亏,预告,2023年度业绩预告（预增）,False,True
2024-01-30 00:00:00,603709,预测中,已明说不会亏,预告,2023年度业绩预告（扭亏）,False,True
2024-01-30 00:00:00,603722,预测中,已明说不会亏,预告,2023年度业绩预告（预减）,False,True
2024-01-30 00:00:00,603767,预测中,已明说不会亏,预告,2023年度业绩预告（预增）,False,True
2024-01-30 00:00:00,603773,预测中,已明说会亏,预告,2023年度业绩预告（减亏）,True,True
2024-01-30 00:00:00,603833,预测中,已明说不会亏,预告,2023年度业绩预告（略增）,False,True
2024-01-30 00:00:00,603890,预测中,已明说不会亏,预告,2023年度业绩预告（预减）,False,True
2024-01-30 00:00:00,603903,预测中,已明说不会亏,预告,2023年度业绩预告（预增）,False,True
2024-01-30 00:00:00,603929,预测中,已明说不会亏,预告,2023年度业绩预告（预增）,False,True
2024-01-30 00:00:00,603938,预测中,已明说不会亏,预告,2023年度业绩预告（预减）,False,True
2024-01-30 00:00:00,603978,预测中,已明说会亏,预告,2023年度业绩预告（增亏）,False,True
2024-01-30 00:00:00,603980,预测中,已明说会亏,预告,2023年度业绩预告（增亏）,False,True
2024-01-30 00:00:00,605033,预测中,已明说不会亏,预告,2023年度业绩预告（预减）,False,True
2024-01-30 00:00:00,605055,预测中,已明说不会亏,预告,2023年度业绩预告（扭亏）,False,True
2024-01-30 00:00:00,605158,预测中,已明说不会亏,预告,2023年度业绩预告（预增）,False,True
2024-01-30 00:00:00,605178,预测中,已明说会亏,预告,2023年度业绩预告（续亏）,True,True
2024-01-30 00:00:00,605288,预测中,已明说不会亏,预告,2023年度业绩预告（预增）,False,True
2024-01-30 00:00:00,605296,预测中,已明说会亏,预告,2023年度业绩预告（首亏）,False,True
2024-01-30 00:00:00,605376,预测中,已明说会亏,预告,2023年度业绩预告（首亏）,False,True
2024-01-30 00:00:00,605567,预测中,已明说会亏,预告,2023年度业绩预告（首亏）,False,True
2024-01-30 00:00:00,688010,预测中,已明说会亏,预告,2023年度业绩预告（首亏）,True,True
2024-01-30 00:00:00,688016,预测中,已明说不会亏,预告,2023年度业绩预告（略增）,False,True
2024-01-30 00:00:00,688047,预测中,已明说会亏,预告,2023年度业绩预告（首亏）,False,True
2024-01-30 00:00:00,603585,预测中,已明说不会亏,预告,2023年度业绩预告（预减）,False,True
2024-01-30 00:00:00,603511,预测中,已明说不会亏,预告,2023年度业绩预告（预增）,False,True
2024-01-30 00:00:00,603507,预测中,已明说不会亏,预告,2023年度业绩预告（预增）,False,True
2024-01-30 00:00:00,603477,预测中,已明说会亏,预告,2023年度业绩预告（首亏）,False,True
2024-01-30 00:00:00,601368,预测中,已明说不会亏,预告,2023年度业绩预告（预减）,False,True
2024-01-30 00:00:00,601678,预测中,已明说不会亏,预告,2023年度业绩预告（预减）,False,True
2024-01-30 00:00:00,601686,预测中,已明说不会亏,预告,2023年度业绩预告（预增）,False,True
2024-01-30 00:00:00,601890,预测中,已明说不会亏,预告,2023年度业绩预告（预增）,False,True
2024-01-30 00:00:00,601899,预测中,已明说不会亏,预告,2023年度业绩预告（略增）,False,True
2024-01-30 00:00:00,603030,预测中,已明说不会亏,预告,2023年度业绩预告（扭亏）,False,True
2024-01-30 00:00:00,603051,预测中,已明说会亏,预告,2023年度业绩预告（首亏）,False,True
2024-01-30 00:00:00,603057,预测中,已明说不会亏,预告,2023年度业绩预告（预增）,False,True
2024-01-30 00:00:00,603065,预测中,已明说不会亏,预告,2023年度业绩预告（预减）,False,True
2024-01-30 00:00:00,603103,预测中,已明说不会亏,预告,2023年度业绩预告（扭亏）,False,True
2024-01-30 00:00:00,603106,预测中,已明说会亏,预告,2023年度业绩预告（增亏）,True,True
2024-01-30 00:00:00,603118,预测中,已明说不会亏,预告,2023年度业绩预告（预减）,False,True
2024-01-30 00:00:00,688062,预测中,已明说会亏,预告,2023年度业绩预告（增亏）,True,True
2024-01-30 00:00:00,603160,预测中,已明说不会亏,预告,2023年度业绩预告（扭亏）,False,True
2024-01-30 00:00:00,603167,预测中,已明说不会亏,预告,2023年度业绩预告（预增）,False,True
2024-01-30 00:00:00,603186,预测中,已明说会亏,预告,2023年度业绩预告（首亏）,False,True
2024-01-30 00:00:00,603197,预测中,已明说不会亏,预告,2023年度业绩预告（预增）,False,True
2024-01-30 00:00:00,603199,预测中,已明说不会亏,预告,2023年度业绩预告（扭亏）,False,True
2024-01-30 00:00:00,603216,预测中,已明说不会亏,预告,2023年度业绩预告（预减）,False,True
2024-01-30 00:00:00,603218,预测中,已明说不会亏,预告,2023年度业绩预告（预增）,False,True
2024-01-30 00:00:00,603258,预测中,已明说不会亏,预告,2023年度业绩预告（预减）,False,True
2024-01-30 00:00:00,603261,预测中,已明说会亏,预告,2023年度业绩预告（首亏）,False,True
2024-01-30 00:00:00,603283,预测中,已明说不会亏,预告,2023年度业绩预告（预增）,False,True
2024-01-30 00:00:00,603386,预测中,已明说不会亏,预告,2023年度业绩预告（预减）,False,True
2024-01-30 00:00:00,603389,预测中,已明说会亏,预告,2023年度业绩预告（增亏）,True,True
2024-01-30 00:00:00,603399,预测中,已明说会亏,预告,2023年度业绩预告（首亏）,False,True
2024-01-30 00:00:00,603165,预测中,已明说不会亏,预告,2023年度业绩预告（预增）,False,True
2024-01-30 00:00:00,601339,预测中,已明说不会亏,预告,2023年度业绩预告（预减）,False,True
2024-01-30 00:00:00,688090,预测中,已明说不会亏,预告,2023年度业绩预告（扭亏）,False,True
2024-01-30 00:00:00,688108,预测中,已明说会亏,预告,2023年度业绩预告（减亏）,False,True
2024-01-30 00:00:00,688366,预测中,已明说不会亏,预告,2023年度业绩预告（预增）,False,True
2024-01-30 00:00:00,688368,预测中,已明说会亏,预告,2023年度业绩预告（减亏）,False,True
2024-01-30 00:00:00,688372,预测中,已明说不会亏,预告,2023年度业绩预告（预减）,False,True
2024-01-30 00:00:00,688391,预测中,已明说不会亏,预告,2023年度业绩预告（略减）,False,True
2024-01-30 00:00:00,688408,预测中,已明说不会亏,预告,2023年度业绩预告（预增）,False,True
2024-01-30 00:00:00,688428,预测中,已明说会亏,预告,2023年度业绩预告（减亏）,True,True
2024-01-30 00:00:00,688455,预测中,已明说会亏,预告,2023年度业绩预告（首亏）,False,True
2024-01-30 00:00:00,688506,预测中,已明说会亏,预告,2023年度业绩预告（增亏）,True,True
2024-01-30 00:00:00,688525,预测中,已明说会亏,预告,2023年度业绩预告（首亏）,False,True
2024-01-30 00:00:00,688528,预测中,已明说会亏,预告,2023年度业绩预告（首亏）,True,True
2024-01-30 00:00:00,688568,预测中,已明说不会亏,预告,2023年度业绩预告（预增）,False,True
2024-01-30 00:00:00,688577,预测中,已明说不会亏,预告,2023年度业绩预告（略减）,False,True
2024-01-30 00:00:00,688578,预测中,已明说不会亏,预告,2023年度业绩预告（预增）,False,True
2024-01-30 00:00:00,688589,预测中,已明说不会亏,预告,2023年度业绩预告（预增）,False,True
2024-01-30 00:00:00,688607,预测中,已明说不会亏,预告,2023年度业绩预告（扭亏）,False,True
2024-01-30 00:00:00,688766,预测中,已明说会亏,预告,2023年度业绩预告（首亏）,False,True
2024-01-30 00:00:00,688788,预测中,已明说会亏,预告,2023年度业绩预告（续亏）,True,True
2024-01-30 00:00:00,688793,预测中,已明说会亏,预告,2023年度业绩预告（减亏）,True,True
2024-01-30 00:00:00,300912,预测中,已明说不会亏,预告,2023年度业绩预告（扭亏）,True,True
2024-01-30 00:00:00,688362,预测中,已明说会亏,预告,2023年度业绩预告（首亏）,False,True
2024-01-30 00:00:00,688359,预测中,已明说会亏,预告,2023年度业绩预告（增亏）,False,True
2024-01-30 00:00:00,688328,预测中,已明说会亏,预告,2023年度业绩预告（增亏）,True,True
2024-01-30 00:00:00,688327,预测中,已明说会亏,预告,2023年度业绩预告（减亏）,True,True
2024-01-30 00:00:00,688115,预测中,已明说不会亏,预告,2023年度业绩预告（预减）,False,True
2024-01-30 00:00:00,688125,预测中,已明说不会亏,预告,2023年度业绩预告（预减）,False,True
2024-01-30 00:00:00,688155,预测中,已明说不会亏,预告,2023年度业绩预告（扭亏）,False,True
2024-01-30 00:00:00,688159,预测中,已明说不会亏,预告,2023年度业绩预告（扭亏）,True,True
2024-01-30 00:00:00,688177,预测中,已明说会亏,预告,2023年度业绩预告（减亏）,True,True
2024-01-30 00:00:00,688183,预测中,已明说会亏,预告,2023年度业绩预告（首亏）,False,True
2024-01-30 00:00:00,688188,预测中,已明说不会亏,预告,2023年度业绩预告（预增）,False,True
2024-01-30 00:00:00,688196,预测中,已明说不会亏,预告,2023年度业绩预告（预减）,False,True
2024-01-30 00:00:00,688199,预测中,已明说会亏,预告,2023年度业绩预告（首亏）,False,True
2024-01-30 00:00:00,688209,预测中,已明说不会亏,预告,2023年度业绩预告（预减）,False,True
2024-01-30 00:00:00,688212,预测中,已明说不会亏,预告,2023年度业绩预告（预增）,False,True
2024-01-30 00:00:00,688213,预测中,已明说不会亏,预告,2023年度业绩预告（扭亏）,False,True
2024-01-30 00:00:00,688107,预测中,已明说会亏,预告,2023年度业绩预告（首亏）,False,True
2024-01-30 00:00:00,688219,预测中,已明说不会亏,预告,2023年度业绩预告（预增）,False,True
2024-01-30 00:00:00,688226,预测中,已明说不会亏,预告,2023年度业绩预告（预增）,False,True
2024-01-30 00:00:00,688229,预测中,已明说会亏,预告,2023年度业绩预告（增亏）,True,True
2024-01-30 00:00:00,688233,预测中,已明说会亏,预告,2023年度业绩预告（首亏）,False,True
2024-01-30 00:00:00,688234,预测中,已明说会亏,预告,2023年度业绩预告（减亏）,False,True
2024-01-30 00:00:00,688238,预测中,已明说会亏,预告,2023年度业绩预告（首亏）,True,True
2024-01-30 00:00:00,688262,预测中,已明说会亏,预告,2023年度业绩预告（首亏）,False,True
2024-01-30 00:00:00,688277,预测中,已明说会亏,预告,2023年度业绩预告（增亏）,False,True
2024-01-30 00:00:00,688280,预测中,已明说会亏,预告,2023年度业绩预告（增亏）,True,True
2024-01-30 00:00:00,688286,预测中,已明说会亏,预告,2023年度业绩预告（增亏）,False,True
2024-01-30 00:00:00,688322,预测中,已明说会亏,预告,2023年度业绩预告（减亏）,False,True
2024-01-30 00:00:00,688323,预测中,已明说会亏,预告,2023年度业绩预告（首亏）,False,True
2024-01-30 00:00:00,688222,预测中,已明说不会亏,预告,2023年度业绩预告（预增）,False,True
2024-01-30 00:00:00,601163,预测中,已明说不会亏,预告,2023年度业绩预告（预增）,False,True
2024-01-30 00:00:00,600300,预测中,已明说不会亏,预告,2023年度业绩预告（预增）,False,True
2024-01-30 00:00:00,601113,预测中,已明说不会亏,预告,2023年度业绩预告（预减）,False,True
2024-01-30 00:00:00,301180,预测中,已明说不会亏,预告,2023年度业绩预告（预减）,False,True
2024-01-30 00:00:00,301189,预测中,已明说会亏,预告,2023年度业绩预告（首亏）,False,True
2024-01-30 00:00:00,301228,预测中,已明说会亏,预告,2023年度业绩预告（增亏）,True,True
2024-01-30 00:00:00,301248,预测中,已明说不会亏,预告,2023年度业绩预告（预减）,False,True
2024-01-30 00:00:00,301266,预测中,已明说不会亏,预告,2023年度业绩预告（预增）,False,True
2024-01-30 00:00:00,301283,预测中,已明说不会亏,预告,2023年度业绩预告（略增）,False,True
2024-01-30 00:00:00,301333,预测中,已明说不会亏,预告,2023年度业绩预告（预增）,False,True
2024-01-30 00:00:00,301349,预测中,已明说不会亏,预告,2023年度业绩预告（预减）,False,True
2024-01-30 00:00:00,301356,预测中,已明说会亏,预告,2023年度业绩预告（首亏）,False,True
2024-01-30 00:00:00,301365,预测中,已明说不会亏,预告,2023年度业绩预告（预减）,False,True
2024-01-30 00:00:00,301429,预测中,已明说不会亏,预告,2023年度业绩预告（略减）,False,True
2024-01-30 00:00:00,600010,预测中,已明说不会亏,预告,2023年度业绩预告（扭亏）,False,True
2024-01-30 00:00:00,600053,预测中,已明说不会亏,预告,2023年度业绩预告（预减）,False,True
2024-01-30 00:00:00,600054,预测中,已明说不会亏,预告,2023年度业绩预告（扭亏）,False,True
2024-01-30 00:00:00,600063,预测中,已明说不会亏,预告,2023年度业绩预告（预减）,False,True
2024-01-30 00:00:00,600105,预测中,已明说不会亏,预告,2023年度业绩预告（预减）,False,True
2024-01-30 00:00:00,600111,预测中,已明说不会亏,预告,2023年度业绩预告（预减）,False,True
2024-01-30 00:00:00,301150,预测中,已明说不会亏,预告,2023年度业绩预告（预减）,False,True
2024-01-30 00:00:00,301133,预测中,已明说不会亏,预告,2023年度业绩预告（预增）,False,True
2024-01-30 00:00:00,301125,预测中,已明说不会亏,预告,2023年度业绩预告（预减）,False,True
2024-01-30 00:00:00,301116,预测中,已明说会亏,预告,2023年度业绩预告（首亏）,False,True
2024-01-30 00:00:00,300936,预测中,已明说不会亏,预告,2023年度业绩预告（预增）,False,True
2024-01-30 00:00:00,601118,预测中,已明说不会亏,预告,2023年度业绩预告（预增）,False,True
2024-01-30 00:00:00,300937,预测中,已明说不会亏,预告,2023年度业绩预告（预增）,False,True
2024-01-30 00:00:00,300942,预测中,已明说会亏,预告,2023年度业绩预告（首亏）,False,True
2024-01-30 00:00:00,300953,预测中,已明说不会亏,预告,2023年度业绩预告（预减）,False,True
2024-01-30 00:00:00,300964,预测中,已明说不会亏,预告,2023年度业绩预告（预减）,False,True
2024-01-30 00:00:00,300965,预测中,已明说会亏,预告,2023年度业绩预告（首亏）,False,True
2024-01-30 00:00:00,300967,预测中,已明说会亏,预告,2023年度业绩预告（首亏）,False,True
2024-01-30 00:00:00,300968,预测中,已明说不会亏,预告,2023年度业绩预告（预减）,False,True
2024-01-30 00:00:00,300983,预测中,已明说不会亏,预告,2023年度业绩预告（预减）,False,True
2024-01-30 00:00:00,300985,预测中,已明说不会亏,预告,2023年度业绩预告（扭亏）,True,True
2024-01-30 00:00:00,300986,预测中,已明说会亏,预告,2023年度业绩预告（首亏）,False,True
2024-01-30 00:00:00,600125,预测中,已明说不会亏,预告,2023年度业绩预告（略增）,False,True
2024-01-30 00:00:00,301005,预测中,已明说不会亏,预告,2023年度业绩预告（预减）,False,True
2024-01-30 00:00:00,301024,预测中,已明说会亏,预告,2023年度业绩预告（减亏）,False,True
2024-01-30 00:00:00,301032,预测中,已明说不会亏,预告,2023年度业绩预告（预增）,False,True
2024-01-30 00:00:00,301038,预测中,已明说会亏,预告,2023年度业绩预告（续亏）,False,True
2024-01-30 00:00:00,301043,预测中,已明说不会亏,预告,2023年度业绩预告（预增）,False,True
2024-01-30 00:00:00,301045,预测中,已明说不会亏,预告,2023年度业绩预告（预减）,False,True
2024-01-30 00:00:00,301056,预测中,已明说不会亏,预告,2023年度业绩预告（预增）,False,True
2024-01-30 00:00:00,301060,预测中,已明说会亏,预告,2023年度业绩预告（首亏）,False,True
2024-01-30 00:00:00,301063,预测中,已明说不会亏,预告,2023年度业绩预告（略减）,False,True
2024-01-30 00:00:00,301072,预测中,已明说不会亏,预告,2023年度业绩预告（略减）,False,True
2024-01-30 00:00:00,301098,预测中,已明说不会亏,预告,2023年度业绩预告（预减）,False,True
2024-01-30 00:00:00,301113,预测中,已明说不会亏,预告,2023年度业绩预告（预减）,False,True
2024-01-30 00:00:00,301012,预测中,已明说不会亏,预告,2023年度业绩预告（预减）,False,True
2024-01-30 00:00:00,600126,预测中,已明说不会亏,预告,2023年度业绩预告（预减）,False,True
2024-01-30 00:00:00,301117,预测中,已明说会亏,预告,2023年度业绩预告（首亏）,False,True
2024-01-30 00:00:00,600150,预测中,已明说不会亏,预告,2023年度业绩预告（预增）,False,True
2024-01-30 00:00:00,600571,预测中,已明说不会亏,预告,2023年度业绩预告（扭亏）,False,True
2024-01-30 00:00:00,600594,预测中,已明说不会亏,预告,2023年度业绩预告（扭亏）,False,True
2024-01-30 00:00:00,600604,预测中,已明说会亏,预告,2023年度业绩预告（首亏）,False,True
2024-01-30 00:00:00,600637,预测中,已明说不会亏,预告,2023年度业绩预告（预增）,False,True
2024-01-30 00:00:00,600665,预测中,已明说会亏,预告,2023年度业绩预告（首亏）,False,True
2024-01-30 00:00:00,600671,预测中,已明说会亏,预告,2023年度业绩预告（减亏）,True,True
2024-01-30 00:00:00,600678,预测中,已明说会亏,预告,2023年度业绩预告（首亏）,False,True
2024-01-30 00:00:00,600684,预测中,已明说会亏,预告,2023年度业绩预告（减亏）,False,True
2024-01-30 00:00:00,600691,预测中,已明说会亏,预告,2023年度业绩预告（首亏）,False,True
2024-01-30 00:00:00,600707,预测中,已明说不会亏,预告,2023年度业绩预告（扭亏）,True,True
2024-01-30 00:00:00,600711,预测中,已明说不会亏,预告,2023年度业绩预告（扭亏）,False,True
2024-01-30 00:00:00,600714,预测中,已明说不会亏,预告,2023年度业绩预告（预减）,False,True
2024-01-30 00:00:00,600718,预测中,已明说不会亏,预告,2023年度业绩预告（扭亏）,False,True
2024-01-30 00:00:00,600728,预测中,已明说不会亏,预告,2023年度业绩预告（扭亏）,False,True
2024-01-30 00:00:00,600746,预测中,已明说不会亏,预告,2023年度业绩预告（预减）,False,True
2024-01-30 00:00:00,600771,预测中,已明说不会亏,预告,2023年度业绩预告（扭亏）,False,True
2024-01-30 00:00:00,600844,预测中,已明说会亏,预告,2023年度业绩预告（增亏）,True,True
2024-01-30 00:00:00,600855,预测中,已明说会亏,预告,2023年度业绩预告（首亏）,True,True
2024-01-30 00:00:00,600857,预测中,已明说不会亏,预告,2023年度业绩预告（预减）,False,True
2024-01-30 00:00:00,600903,预测中,已明说不会亏,预告,2023年度业绩预告（预增）,False,True
2024-01-30 00:00:00,600983,预测中,已明说不会亏,预告,2023年度业绩预告（预增）,False,True
2024-01-30 00:00:00,600988,预测中,已明说不会亏,预告,2023年度业绩预告（预增）,False,True
2024-01-30 00:00:00,601010,预测中,已明说不会亏,预告,2023年度业绩预告（扭亏）,False,True
2024-01-30 00:00:00,600143,预测中,已明说不会亏,预告,2023年度业绩预告（预减）,False,True
2024-01-30 00:00:00,601058,预测中,已明说不会亏,预告,2023年度业绩预告（预增）,False,True
2024-01-30 00:00:00,600561,预测中,已明说会亏,预告,2023年度业绩预告（减亏）,True,True
2024-01-30 00:00:00,600530,预测中,已明说会亏,预告,2023年度业绩预告（减亏）,False,True
2024-01-30 00:00:00,600712,预测中,已明说不会亏,预告,2023年度业绩预告（扭亏）,True,True
2024-01-30 00:00:00,601038,预测中,已明说不会亏,预告,2023年度业绩预告（略增）,False,True
2024-01-30 00:00:00,600160,预测中,已明说不会亏,预告,2023年度业绩预告（预减）,False,True
2024-01-30 00:00:00,600183,预测中,已明说不会亏,预告,2023年度业绩预告（略减）,False,True
2024-01-30 00:00:00,600525,预测中,已明说不会亏,预告,2023年度业绩预告（预减）,False,True
2024-01-30 00:00:00,600187,预测中,已明说不会亏,预告,2023年度业绩预告（扭亏）,True,True
2024-01-30 00:00:00,600222,预测中,已明说不会亏,预告,2023年度业绩预告（扭亏）,False,True
2024-01-30 00:00:00,600235,预测中,已明说不会亏,预告,2023年度业绩预告（预增）,False,True
2024-01-30 00:00:00,600246,预测中,已明说会亏,预告,2023年度业绩预告（增亏）,False,True
2024-01-30 00:00:00,600259,预测中,已明说不会亏,预告,2023年度业绩预告（略减）,False,True
2024-01-30 00:00:00,600312,预测中,已明说不会亏,预告,2023年度业绩预告（预增）,False,True
2024-01-30 00:00:00,600318,预测中,已明说不会亏,预告,2023年度业绩预告（扭亏）,False,True
2024-01-30 00:00:00,600319,预测中,已明说不会亏,预告,2023年度业绩预告（预减）,False,True
2024-01-30 00:00:00,600331,预测中,已明说会亏,预告,2023年度业绩预告（首亏）,False,True
2024-01-30 00:00:00,600249,预测中,已明说不会亏,预告,2023年度业绩预告（扭亏）,False,True
2024-01-30 00:00:00,600490,预测中,已明说会亏,预告,2023年度业绩预告（减亏）,False,True
2024-01-30 00:00:00,600354,预测中,已明说不会亏,预告,2023年度业绩预告（预增）,False,True
2024-01-30 00:00:00,600395,预测中,已明说不会亏,预告,2023年度业绩预告（预减）,False,True
2024-01-30 00:00:00,600463,预测中,已明说会亏,预告,2023年度业绩预告（增亏）,True,True
2024-01-30 00:00:00,600505,预测中,已明说会亏,预告,2023年度业绩预告（首亏）,True,True
2024-01-30 00:00:00,600469,预测中,已明说不会亏,预告,2023年度业绩预告（预增）,False,True
2024-01-30 00:00:00,600470,预测中,已明说不会亏,预告,2023年度业绩预告（预减）,False,True
2024-01-30 00:00:00,600488,预测中,已明说不会亏,预告,2023年度业绩预告（预增）,False,True
2024-01-30 00:00:00,600493,预测中,已明说不会亏,预告,2023年度业绩预告（预增）,False,True
2024-01-30 00:00:00,600497,预测中,已明说不会亏,预告,2023年度业绩预告（预增）,False,True
2024-01-30 00:00:00,600346,预测中,已明说不会亏,预告,2023年度业绩预告（预增）,False,True
2024-01-30 00:00:00,600495,预测中,已明说不会亏,预告,2023年度业绩预告（预增）,False,True
2024-01-31 00:00:00,600668,预测中,已明说不会亏,预告,2023年度业绩预告（预减）,False,True
2024-01-31 00:00:00,600640,预测中,已明说不会亏,预告,2023年度业绩预告（扭亏）,False,True
2024-01-31 00:00:00,600667,预测中,已明说不会亏,预告,2023年度业绩预告（扭亏）,False,True
2024-01-31 00:00:00,600683,预测中,已明说会亏,预告,2023年度业绩预告（首亏）,False,True
2024-01-31 00:00:00,600673,预测中,已明说会亏,预告,2023年度业绩预告（首亏）,False,True
2024-01-31 00:00:00,600666,预测中,已明说会亏,预告,2023年度业绩预告（首亏）,False,True
2024-01-31 00:00:00,600643,预测中,已明说不会亏,预告,2023年度业绩预告（预减）,False,True
2024-01-31 00:00:00,600651,预测中,已明说不会亏,预告,2023年度业绩预告（预减）,True,True
2024-01-31 00:00:00,600650,预测中,已明说不会亏,预告,2023年度业绩预告（预减）,False,True
2024-01-31 00:00:00,600641,预测中,已明说不会亏,预告,2023年度业绩预告（预减）,False,True
2024-01-31 00:00:00,600686,预测中,已明说不会亏,预告,2023年度业绩预告（扭亏）,False,True
2024-01-31 00:00:00,600661,预测中,已明说会亏,预告,2023年度业绩预告（首亏）,True,True
2024-01-31 00:00:00,600689,预测中,已明说不会亏,预告,2023年度业绩预告（扭亏）,False,True
2024-01-31 00:00:00,600758,预测中,已明说不会亏,预告,2023年度业绩预告（预减）,False,True
2024-01-31 00:00:00,600697,预测中,已明说不会亏,预告,2023年度业绩预告（扭亏）,False,True
2024-01-31 00:00:00,600698,预测中,已明说不会亏,预告,2023年度业绩预告（扭亏）,False,True
2024-01-31 00:00:00,600715,预测中,已明说会亏,预告,2023年度业绩预告（增亏）,True,True
2024-01-31 00:00:00,600727,预测中,已明说不会亏,预告,2023年度业绩预告（扭亏）,False,True
2024-01-31 00:00:00,600730,预测中,已明说会亏,预告,2023年度业绩预告（减亏）,False,True
2024-01-31 00:00:00,600732,预测中,已明说不会亏,预告,2023年度业绩预告（预减）,False,True
2024-01-31 00:00:00,600734,预测中,已明说不会亏,预告,2023年度业绩预告（扭亏）,False,True
2024-01-31 00:00:00,600737,预测中,已明说不会亏,预告,2023年度业绩预告（预增）,False,True
2024-01-31 00:00:00,600739,预测中,已明说不会亏,预告,2023年度业绩预告（预减）,False,True
2024-01-31 00:00:00,600753,预测中,已明说会亏,预告,2023年度业绩预告（首亏）,True,True
2024-01-31 00:00:00,600754,预测中,已明说不会亏,预告,2023年度业绩预告（预增）,False,True
2024-01-31 00:00:00,600693,预测中,已明说不会亏,预告,2023年度业绩预告（预增）,False,True
2024-01-31 00:00:00,600751,预测中,已明说不会亏,预告,2023年度业绩预告（略增）,False,True
2024-01-31 00:00:00,600478,预测中,已明说会亏,预告,2023年度业绩预告（首亏）,False,True
2024-01-31 00:00:00,600630,预测中,已明说不会亏,预告,2023年度业绩预告（扭亏）,False,True
2024-01-31 00:00:00,600759,预测中,已明说不会亏,预告,2023年度业绩预告（扭亏）,False,True
2024-01-31 00:00:00,600448,预测中,已明说不会亏,预告,2023年度业绩预告（扭亏）,False,True
2024-01-31 00:00:00,600460,预测中,已明说会亏,预告,2023年度业绩预告（首亏）,False,True
2024-01-31 00:00:00,600476,预测中,已明说不会亏,预告,2023年度业绩预告（扭亏）,False,True
2024-01-31 00:00:00,600487,预测中,已明说不会亏,预告,2023年度业绩预告（略增）,False,True
2024-01-31 00:00:00,600506,预测中,已明说会亏,预告,2023年度业绩预告（减亏）,False,True
2024-01-31 00:00:00,600515,预测中,已明说不会亏,预告,2023年度业绩预告（预减）,False,True
2024-01-31 00:00:00,600516,预测中,已明说不会亏,预告,2023年度业绩预告（预减）,False,True
2024-01-31 00:00:00,600539,预测中,已明说会亏,预告,2023年度业绩预告（首亏）,False,True
2024-01-31 00:00:00,600540,预测中,已明说不会亏,预告,2023年度业绩预告（扭亏）,False,True
2024-01-31 00:00:00,600543,预测中,已明说会亏,预告,2023年度业绩预告（减亏）,False,True
2024-01-31 00:00:00,600547,预测中,已明说不会亏,预告,2023年度业绩预告（预增）,False,True
2024-01-31 00:00:00,600550,预测中,已明说会亏,预告,2023年度业绩预告（首亏）,False,True
2024-01-31 00:00:00,600635,预测中,已明说不会亏,预告,2023年度业绩预告（扭亏）,False,True
2024-01-31 00:00:00,600551,预测中,已明说不会亏,预告,2023年度业绩预告（预增）,False,True
2024-01-31 00:00:00,600569,预测中,已明说会亏,预告,2023年度业绩预告（减亏）,False,True
2024-01-31 00:00:00,600579,预测中,已明说会亏,预告,2023年度业绩预告（增亏）,True,True
2024-01-31 00:00:00,600589,预测中,已明说不会亏,预告,2023年度业绩预告（扭亏）,True,True
2024-01-31 00:00:00,600593,预测中,已明说不会亏,预告,2023年度业绩预告（扭亏）,False,True
2024-01-31 00:00:00,600597,预测中,已明说不会亏,预告,2023年度业绩预告（预增）,False,True
2024-01-31 00:00:00,600605,预测中,已明说不会亏,预告,2023年度业绩预告（预增）,False,True
2024-01-31 00:00:00,600606,预测中,已明说会亏,预告,2023年度业绩预告（首亏）,False,True
2024-01-31 00:00:00,600610,预测中,已明说会亏,预告,2023年度业绩预告（首亏）,True,True
2024-01-31 00:00:00,600611,预测中,已明说不会亏,预告,2023年度业绩预告（扭亏）,False,True
2024-01-31 00:00:00,600624,预测中,已明说不会亏,预告,2023年度业绩预告（扭亏）,False,True
2024-01-31 00:00:00,600628,预测中,已明说不会亏,预告,2023年度业绩预告（扭亏）,False,True
2024-01-31 00:00:00,600567,预测中,已明说不会亏,预告,2023年度业绩预告（扭亏）,False,True
2024-01-31 00:00:00,600765,预测中,已明说不会亏,预告,2023年度业绩预告（略增）,False,True
2024-01-31 00:00:00,601798,预测中,已明说会亏,预告,2023年度业绩预告（减亏）,True,True
2024-01-31 00:00:00,600775,预测中,已明说不会亏,预告,2023年度业绩预告（预减）,False,True
2024-01-31 00:00:00,601015,预测中,已明说会亏,预告,2023年度业绩预告（首亏）,False,True
2024-01-31 00:00:00,601020,预测中,已明说不会亏,预告,2023年度业绩预告（预减）,False,True
2024-01-31 00:00:00,601021,预测中,已明说不会亏,预告,2023年度业绩预告（扭亏）,False,True
2024-01-31 00:00:00,601069,预测中,已明说会亏,预告,2023年度业绩预告（首亏）,False,True
2024-01-31 00:00:00,601086,预测中,已明说不会亏,预告,2023年度业绩预告（略增）,False,True
2024-01-31 00:00:00,601088,预测中,已明说不会亏,预告,2023年度业绩预告（略减）,False,True
2024-01-31 00:00:00,601106,预测中,已明说会亏,预告,2023年度业绩预告（首亏）,False,True
2024-01-31 00:00:00,601107,预测中,已明说不会亏,预告,2023年度业绩预告（预增）,False,True
2024-01-31 00:00:00,601162,预测中,已明说不会亏,预告,2023年度业绩预告（扭亏）,False,True
2024-01-31 00:00:00,601198,预测中,已明说不会亏,预告,2023年度业绩预告（预增）,False,True
2024-01-31 00:00:00,601233,预测中,已明说不会亏,预告,2023年度业绩预告（预增）,False,True
2024-01-31 00:00:00,601360,预测中,已明说会亏,预告,2023年度业绩预告（减亏）,False,True
2024-01-31 00:00:00,601375,预测中,已明说不会亏,预告,2023年度业绩预告（预增）,False,True
2024-01-31 00:00:00,601002,预测中,已明说会亏,预告,2023年度业绩预告（首亏）,False,True
2024-01-31 00:00:00,601388,预测中,已明说不会亏,预告,2023年度业绩预告（预减）,False,True
2024-01-31 00:00:00,601595,预测中,已明说不会亏,预告,2023年度业绩预告（扭亏）,False,True
2024-01-31 00:00:00,601608,预测中,已明说不会亏,预告,2023年度业绩预告（预增）,False,True
2024-01-31 00:00:00,601615,预测中,已明说不会亏,预告,2023年度业绩预告（预减）,False,True
2024-01-31 00:00:00,601619,预测中,已明说不会亏,预告,2023年度业绩预告（略增）,False,True
2024-01-31 00:00:00,601727,预测中,已明说不会亏,预告,2023年度业绩预告（扭亏）,False,True
2024-01-31 00:00:00,601778,预测中,已明说不会亏,预告,2023年度业绩预告（预增）,False,True
2024-01-31 00:00:00,600418,预测中,已明说不会亏,预告,2023年度业绩预告（扭亏）,False,True
2024-01-31 00:00:00,601828,预测中,已明说会亏,预告,2023年度业绩预告（首亏）,False,True
2024-01-31 00:00:00,601933,预测中,已明说会亏,预告,2023年度业绩预告（减亏）,False,True
2024-01-31 00:00:00,601991,预测中,已明说不会亏,预告,2023年度业绩预告（扭亏）,False,True
2024-01-31 00:00:00,601992,预测中,已明说不会亏,预告,2023年度业绩预告（预减）,False,True
2024-01-31 00:00:00,603001,预测中,已明说会亏,预告,2023年度业绩预告（减亏）,False,True
2024-01-31 00:00:00,603007,预测中,已明说会亏,预告,2023年度业绩预告（减亏）,True,True
2024-01-31 00:00:00,601588,预测中,已明说不会亏,预告,2023年度业绩预告（扭亏）,False,True
2024-01-31 00:00:00,600768,预测中,已明说不会亏,预告,2023年度业绩预告（预减）,False,True
2024-01-31 00:00:00,600996,预测中,已明说会亏,预告,2023年度业绩预告（首亏）,False,True
2024-01-31 00:00:00,600986,预测中,已明说不会亏,预告,2023年度业绩预告（预增）,False,True
2024-01-31 00:00:00,600778,预测中,已明说会亏,预告,2023年度业绩预告（减亏）,False,True
2024-01-31 00:00:00,600782,预测中,已明说不会亏,预告,2023年度业绩预告（预减）,False,True
2024-01-31 00:00:00,600789,预测中,已明说不会亏,预告,2023年度业绩预告（预增）,False,True
2024-01-31 00:00:00,600791,预测中,已明说会亏,预告,2023年度业绩预告（首亏）,False,True
2024-01-31 00:00:00,600793,预测中,已明说会亏,预告,2023年度业绩预告（首亏）,False,True
2024-01-31 00:00:00,600795,预测中,已明说不会亏,预告,2023年度业绩预告（预增）,False,True
2024-01-31 00:00:00,600802,预测中,已明说会亏,预告,2023年度业绩预告（增亏）,True,True
2024-01-31 00:00:00,600807,预测中,已明说会亏,预告,2023年度业绩预告（首亏）,False,True
2024-01-31 00:00:00,600808,预测中,已明说会亏,预告,2023年度业绩预告（增亏）,False,True
2024-01-31 00:00:00,600810,预测中,已明说不会亏,预告,2023年度业绩预告（预减）,False,True
2024-01-31 00:00:00,600819,预测中,已明说会亏,预告,2023年度业绩预告（首亏）,False,True
2024-01-31 00:00:00,600824,预测中,已明说不会亏,预告,2023年度业绩预告（扭亏）,False,True
2024-01-31 00:00:00,600828,预测中,已明说不会亏,预告,2023年度业绩预告（预减）,False,True
2024-01-31 00:00:00,600990,预测中,已明说会亏,预告,2023年度业绩预告（首亏）,True,True
2024-01-31 00:00:00,600830,预测中,已明说不会亏,预告,2023年度业绩预告（预增）,False,True
2024-01-31 00:00:00,600860,预测中,已明说会亏,预告,2023年度业绩预告（首亏）,False,True
2024-01-31 00:00:00,600872,预测中,已明说不会亏,预告,2023年度业绩预告（扭亏）,False,True
2024-01-31 00:00:00,600881,预测中,已明说会亏,预告,2023年度业绩预告（续亏）,True,True
2024-01-31 00:00:00,600882,预测中,已明说不会亏,预告,2023年度业绩预告（预减）,False,True
2024-01-31 00:00:00,600884,预测中,已明说不会亏,预告,2023年度业绩预告（预减）,False,True
2024-01-31 00:00:00,600892,预测中,已明说会亏,预告,2023年度业绩预告（首亏）,False,True
2024-01-31 00:00:00,600935,预测中,已明说不会亏,预告,2023年度业绩预告（预减）,False,True
2024-01-31 00:00:00,600936,预测中,已明说会亏,预告,2023年度业绩预告（减亏）,True,True
2024-01-31 00:00:00,600960,预测中,已明说会亏,预告,2023年度业绩预告（增亏）,False,True
2024-01-31 00:00:00,600963,预测中,已明说会亏,预告,2023年度业绩预告（首亏）,False,True
2024-01-31 00:00:00,600969,预测中,已明说会亏,预告,2023年度业绩预告（首亏）,False,True
2024-01-31 00:00:00,600973,预测中,已明说不会亏,预告,2023年度业绩预告（预减）,False,True
2024-01-31 00:00:00,600984,预测中,已明说会亏,预告,2023年度业绩预告（增亏）,True,True
2024-01-31 00:00:00,600831,预测中,已明说会亏,预告,2023年度业绩预告（首亏）,False,True
2024-01-31 00:00:00,600410,预测中,已明说会亏,预告,2023年度业绩预告（减亏）,False,True
2024-01-31 00:00:00,600119,预测中,已明说不会亏,预告,2023年度业绩预告（扭亏）,False,True
2024-01-31 00:00:00,600405,预测中,已明说会亏,预告,2023年度业绩预告（增亏）,True,True
2024-01-31 00:00:00,301021,预测中,已明说会亏,预告,2023年度业绩预告（首亏）,False,True
2024-01-31 00:00:00,301025,预测中,已明说会亏,预告,2023年度业绩预告（首亏）,False,True
2024-01-31 00:00:00,301030,预测中,已明说不会亏,预告,2023年度业绩预告（预增）,False,True
2024-01-31 00:00:00,301049,预测中,已明说会亏,预告,2023年度业绩预告（增亏）,False,True
2024-01-31 00:00:00,301090,预测中,已明说不会亏,预告,2023年度业绩预告（预减）,False,True
2024-01-31 00:00:00,301099,预测中,已明说不会亏,预告,2023年度业绩预告（预减）,False,True
2024-01-31 00:00:00,301105,预测中,已明说会亏,预告,2023年度业绩预告（首亏）,False,True
2024-01-31 00:00:00,301118,预测中,已明说会亏,预告,2023年度业绩预告（首亏）,False,True
2024-01-31 00:00:00,301129,预测中,已明说不会亏,预告,2023年度业绩预告（预减）,False,True
2024-01-31 00:00:00,301178,预测中,已明说不会亏,预告,2023年度业绩预告（预减）,False,True
2024-01-31 00:00:00,301182,预测中,已明说会亏,预告,2023年度业绩预告（首亏）,False,True
2024-01-31 00:00:00,301198,预测中,已明说不会亏,预告,2023年度业绩预告（预减）,False,True
2024-01-31 00:00:00,301216,预测中,已明说不会亏,预告,2023年度业绩预告（略减）,False,True
2024-01-31 00:00:00,301221,预测中,已明说会亏,预告,2023年度业绩预告（首亏）,False,True
2024-01-31 00:00:00,301260,预测中,已明说会亏,预告,2023年度业绩预告（首亏）,False,True
2024-01-31 00:00:00,301282,预测中,已明说不会亏,预告,2023年度业绩预告（预减）,False,True
2024-01-31 00:00:00,301306,预测中,已明说会亏,预告,2023年度业绩预告（首亏）,False,True
2024-01-31 00:00:00,301321,预测中,已明说不会亏,预告,2023年度业绩预告（扭亏）,False,True
2024-01-31 00:00:00,301327,预测中,已明说会亏,预告,2023年度业绩预告（首亏）,False,True
2024-01-31 00:00:00,301338,预测中,已明说不会亏,预告,2023年度业绩预告（预减）,False,True
2024-01-31 00:00:00,600011,预测中,已明说不会亏,预告,2023年度业绩预告（扭亏）,False,True
2024-01-31 00:00:00,600027,预测中,已明说不会亏,预告,2023年度业绩预告（预增）,False,True
2024-01-31 00:00:00,600052,预测中,已明说不会亏,预告,2023年度业绩预告（扭亏）,False,True
2024-01-31 00:00:00,600067,预测中,已明说会亏,预告,2023年度业绩预告（首亏）,False,True
2024-01-31 00:00:00,600073,预测中,已明说不会亏,预告,2023年度业绩预告（预减）,False,True
2024-01-31 00:00:00,600076,预测中,已明说会亏,预告,2023年度业绩预告（增亏）,True,True
2024-01-31 00:00:00,300998,预测中,已明说会亏,预告,2023年度业绩预告（首亏）,False,True
2024-01-31 00:00:00,300991,预测中,已明说不会亏,预告,2023年度业绩预告（预增）,True,True
2024-01-31 00:00:00,300989,预测中,已明说不会亏,预告,2023年度业绩预告（略增）,False,True
2024-01-31 00:00:00,300975,预测中,已明说不会亏,预告,2023年度业绩预告（预减）,False,True
2024-01-31 00:00:00,300666,预测中,已明说不会亏,预告,2023年度业绩预告（略减）,False,True
2024-01-31 00:00:00,300673,预测中,已明说会亏,预告,2023年度业绩预告（首亏）,False,True
2024-01-31 00:00:00,300675,预测中,已明说不会亏,预告,2023年度业绩预告（预减）,False,True
2024-01-31 00:00:00,300684,预测中,已明说不会亏,预告,2023年度业绩预告（预减）,False,True
2024-01-31 00:00:00,300687,预测中,已明说不会亏,预告,2023年度业绩预告（略增）,False,True
2024-01-31 00:00:00,300741,预测中,已明说不会亏,预告,2023年度业绩预告（预减）,False,True
2024-01-31 00:00:00,300745,预测中,已明说会亏,预告,2023年度业绩预告（增亏）,False,True
2024-01-31 00:00:00,300750,预测中,已明说不会亏,预告,2023年度业绩预告（略增）,False,True
2024-01-31 00:00:00,300761,预测中,已明说会亏,预告,2023年度业绩预告（首亏）,True,True
2024-01-31 00:00:00,300766,预测中,已明说会亏,预告,2023年度业绩预告（首亏）,False,True
2024-01-31 00:00:00,300769,预测中,已明说会亏,预告,2023年度业绩预告（首亏）,False,True
2024-01-31 00:00:00,300773,预测中,已明说不会亏,预告,2023年度业绩预告（扭亏）,False,True
2024-01-31 00:00:00,300779,预测中,已明说不会亏,预告,2023年度业绩预告（预增）,False,True
2024-01-31 00:00:00,600078,预测中,已明说会亏,预告,2023年度业绩预告（首亏）,False,True
2024-01-31 00:00:00,300785,预测中,已明说不会亏,预告,2023年度业绩预告（略减）,False,True
2024-01-31 00:00:00,300806,预测中,已明说不会亏,预告,2023年度业绩预告（预减）,False,True
2024-01-31 00:00:00,300812,预测中,已明说不会亏,预告,2023年度业绩预告（预减）,False,True
2024-01-31 00:00:00,300814,预测中,已明说不会亏,预告,2023年度业绩预告（预减）,False,True
2024-01-31 00:00:00,300842,预测中,已明说不会亏,预告,2023年度业绩预告（扭亏）,False,True
2024-01-31 00:00:00,300846,预测中,已明说会亏,预告,2023年度业绩预告（增亏）,True,True
2024-01-31 00:00:00,300853,预测中,已明说会亏,预告,2023年度业绩预告（增亏）,False,True
2024-01-31 00:00:00,300854,预测中,已明说不会亏,预告,2023年度业绩预告（预减）,False,True
2024-01-31 00:00:00,300868,预测中,已明说会亏,预告,2023年度业绩预告（减亏）,True,True
2024-01-31 00:00:00,300876,预测中,已明说不会亏,预告,2023年度业绩预告（预减）,False,True
2024-01-31 00:00:00,300879,预测中,已明说会亏,预告,2023年度业绩预告（首亏）,False,True
2024-01-31 00:00:00,300907,预测中,已明说不会亏,预告,2023年度业绩预告（预增）,False,True
2024-01-31 00:00:00,300931,预测中,已明说不会亏,预告,2023年度业绩预告（扭亏）,False,True
2024-01-31 00:00:00,300961,预测中,已明说会亏,预告,2023年度业绩预告（增亏）,True,True
2024-01-31 00:00:00,300805,预测中,已明说不会亏,预告,2023年度业绩预告（扭亏）,False,True
2024-01-31 00:00:00,600084,预测中,已明说不会亏,预告,2023年度业绩预告（扭亏）,False,True
2024-01-31 00:00:00,600085,预测中,已明说不会亏,预告,2023年度业绩预告（略增）,False,True
2024-01-31 00:00:00,600088,预测中,已明说不会亏,预告,2023年度业绩预告（扭亏）,False,True
2024-01-31 00:00:00,600266,预测中,已明说不会亏,预告,2023年度业绩预告（扭亏）,False,True
2024-01-31 00:00:00,600267,预测中,已明说会亏,预告,2023年度业绩预告（首亏）,False,True
2024-01-31 00:00:00,600269,预测中,已明说不会亏,预告,2023年度业绩预告（预增）,False,True
2024-01-31 00:00:00,600271,预测中,已明说不会亏,预告,2023年度业绩预告（预减）,False,True
2024-01-31 00:00:00,600279,预测中,已明说不会亏,预告,2023年度业绩预告（预增）,False,True
2024-01-31 00:00:00,600280,预测中,已明说会亏,预告,2023年度业绩预告（增亏）,True,True
2024-01-31 00:00:00,600281,预测中,已明说会亏,预告,2023年度业绩预告（增亏）,False,True
2024-01-31 00:00:00,600289,预测中,已明说会亏,预告,2023年度业绩预告（增亏）,True,True
2024-01-31 00:00:00,600299,预测中,已明说不会亏,预告,2023年度业绩预告（预减）,False,True
2024-01-31 00:00:00,600301,预测中,已明说不会亏,预告,2023年度业绩预告（略增）,False,True
2024-01-31 00:00:00,600302,预测中,已明说会亏,预告,2023年度业绩预告（增亏）,False,True
2024-01-31 00:00:00,600303,预测中,已明说会亏,预告,2023年度业绩预告（增亏）,True,True
2024-01-31 00:00:00,600307,预测中,已明说会亏,预告,2023年度业绩预告（减亏）,False,True
2024-01-31 00:00:00,600257,预测中,已明说会亏,预告,2023年度业绩预告（减亏）,False,True
2024-01-31 00:00:00,600322,预测中,已明说不会亏,预告,2023年度业绩预告（扭亏）,True,True
2024-01-31 00:00:00,600337,预测中,已明说会亏,预告,2023年度业绩预告（续亏）,False,True
2024-01-31 00:00:00,600340,预测中,已明说会亏,预告,2023年度业绩预告（首亏）,False,True
2024-01-31 00:00:00,600343,预测中,已明说会亏,预告,2023年度业绩预告（增亏）,False,True
2024-01-31 00:00:00,600358,预测中,已明说会亏,预告,2023年度业绩预告（首亏）,True,True
2024-01-31 00:00:00,600365,预测中,已明说会亏,预告,2023年度业绩预告（增亏）,True,True
2024-01-31 00:00:00,600366,预测中,已明说会亏,预告,2023年度业绩预告（首亏）,False,True
2024-01-31 00:00:00,600370,预测中,已明说会亏,预告,2023年度业绩预告（首亏）,False,True
2024-01-31 00:00:00,600376,预测中,已明说会亏,预告,2023年度业绩预告（增亏）,True,True
2024-01-31 00:00:00,600381,预测中,已明说会亏,预告,2023年度业绩预告（减亏）,True,True
2024-01-31 00:00:00,600383,预测中,已明说不会亏,预告,2023年度业绩预告（预减）,False,True
2024-01-31 00:00:00,600386,预测中,已明说不会亏,预告,2023年度业绩预告（预减）,False,True
2024-01-31 00:00:00,600392,预测中,已明说不会亏,预告,2023年度业绩预告（预减）,False,True
2024-01-31 00:00:00,600403,预测中,已明说会亏,预告,2023年度业绩预告（首亏）,False,True
2024-01-31 00:00:00,600336,预测中,已明说不会亏,预告,2023年度业绩预告（预减）,False,True
2024-01-31 00:00:00,600409,预测中,已明说不会亏,预告,2023年度业绩预告（略减）,False,True
2024-01-31 00:00:00,600243,预测中,已明说会亏,预告,2023年度业绩预告（减亏）,True,True
2024-01-31 00:00:00,600230,预测中,已明说不会亏,预告,2023年度业绩预告（预减）,False,True
2024-01-31 00:00:00,600100,预测中,已明说会亏,预告,2023年度业绩预告（续亏）,False,True
2024-01-31 00:00:00,600107,预测中,已明说会亏,预告,2023年度业绩预告（减亏）,True,True
2024-01-31 00:00:00,600110,预测中,已明说不会亏,预告,2023年度业绩预告（预减）,False,True
2024-01-31 00:00:00,600115,预测中,已明说会亏,预告,2023年度业绩预告（减亏）,True,True
2024-01-31 00:00:00,600117,预测中,已明说不会亏,预告,2023年度业绩预告（扭亏）,False,True
2024-01-31 00:00:00,603008,预测中,已明说不会亏,预告,2023年度业绩预告（预增）,False,True
2024-01-31 00:00:00,600135,预测中,已明说会亏,预告,2023年度业绩预告（首亏）,False,True
2024-01-31 00:00:00,600136,预测中,已明说不会亏,预告,2023年度业绩预告（扭亏）,True,True
2024-01-31 00:00:00,600138,预测中,已明说不会亏,预告,2023年度业绩预告（扭亏）,False,True
2024-01-31 00:00:00,600148,预测中,已明说不会亏,预告,2023年度业绩预告（扭亏）,True,True
2024-01-31 00:00:00,600151,预测中,已明说会亏,预告,2023年度业绩预告（增亏）,False,True
2024-01-31 00:00:00,600153,预测中,已明说不会亏,预告,2023年度业绩预告（预增）,False,True
2024-01-31 00:00:00,600156,预测中,已明说不会亏,预告,2023年度业绩预告（扭亏）,False,True
2024-01-31 00:00:00,600238,预测中,已明说会亏,预告,2023年度业绩预告（续亏）,True,True
2024-01-31 00:00:00,600159,预测中,已明说会亏,预告,2023年度业绩预告（增亏）,False,True
2024-01-31 00:00:00,600168,预测中,已明说不会亏,预告,2023年度业绩预告（预增）,True,True
2024-01-31 00:00:00,600178,预测中,已明说不会亏,预告,2023年度业绩预告（预减）,False,True
2024-01-31 00:00:00,600179,预测中,已明说不会亏,预告,2023年度业绩预告（预减）,False,True
2024-01-31 00:00:00,600182,预测中,已明说不会亏,预告,2023年度业绩预告（预增）,False,True
2024-01-31 00:00:00,600191,预测中,已明说不会亏,预告,2023年度业绩预告（扭亏）,False,True
2024-01-31 00:00:00,600192,预测中,已明说会亏,预告,2023年度业绩预告（减亏）,False,True
2024-01-31 00:00:00,600197,预测中,已明说不会亏,预告,2023年度业绩预告（预增）,False,True
2024-01-31 00:00:00,600199,预测中,已明说会亏,预告,2023年度业绩预告（减亏）,True,True
2024-01-31 00:00:00,600203,预测中,已明说会亏,预告,2023年度业绩预告（减亏）,True,True
2024-01-31 00:00:00,600207,预测中,已明说会亏,预告,2023年度业绩预告（首亏）,True,True
2024-01-31 00:00:00,600212,预测中,已明说不会亏,预告,2023年度业绩预告（扭亏）,False,True
2024-01-31 00:00:00,600221,预测中,已明说不会亏,预告,2023年度业绩预告（扭亏）,False,True
2024-01-31 00:00:00,600227,预测中,已明说会亏,预告,2023年度业绩预告（减亏）,True,True
2024-01-31 00:00:00,600162,预测中,已明说不会亏,预告,2023年度业绩预告（预减）,False,True
2024-01-31 00:00:00,603021,预测中,已明说会亏,预告,2023年度业绩预告（减亏）,True,True
2024-01-31 00:00:00,603685,预测中,已明说不会亏,预告,2023年度业绩预告（扭亏）,False,True
2024-01-31 00:00:00,603048,预测中,已明说不会亏,预告,2023年度业绩预告（预增）,False,True
2024-01-31 00:00:00,688206,预测中,已明说会亏,预告,2023年度业绩预告（首亏）,False,True
2024-01-31 00:00:00,688211,预测中,已明说不会亏,预告,2023年度业绩预告（扭亏）,False,True
2024-01-31 00:00:00,688216,预测中,已明说会亏,预告,2023年度业绩预告（增亏）,True,True
2024-01-31 00:00:00,688217,预测中,已明说不会亏,预告,2023年度业绩预告（预减）,False,True
2024-01-31 00:00:00,688220,预测中,已明说会亏,预告,2023年度业绩预告（增亏）,False,True
2024-01-31 00:00:00,688227,预测中,已明说会亏,预告,2023年度业绩预告（首亏）,False,True
2024-01-31 00:00:00,688228,预测中,已明说不会亏,预告,2023年度业绩预告（预减）,False,True
2024-01-31 00:00:00,688256,预测中,已明说会亏,预告,2023年度业绩预告（减亏）,True,True
2024-01-31 00:00:00,688260,预测中,已明说会亏,预告,2023年度业绩预告（增亏）,True,True
2024-01-31 00:00:00,688261,预测中,已明说不会亏,预告,2023年度业绩预告（预减）,False,True
2024-01-31 00:00:00,688265,预测中,已明说会亏,预告,2023年度业绩预告（增亏）,True,True
2024-01-31 00:00:00,688275,预测中,已明说会亏,预告,2023年度业绩预告（首亏）,False,True
2024-01-31 00:00:00,688282,预测中,已明说会亏,预告,2023年度业绩预告（首亏）,False,True
2024-01-31 00:00:00,688202,预测中,已明说会亏,预告,2023年度业绩预告（首亏）,False,True
2024-01-31 00:00:00,688285,预测中,已明说不会亏,预告,2023年度业绩预告（预减）,False,True
2024-01-31 00:00:00,688296,预测中,已明说会亏,预告,2023年度业绩预告（首亏）,False,True
2024-01-31 00:00:00,688298,预测中,已明说会亏,预告,2023年度业绩预告（首亏）,False,True
2024-01-31 00:00:00,688302,预测中,已明说会亏,预告,2023年度业绩预告（续亏）,True,True
2024-01-31 00:00:00,688303,预测中,已明说不会亏,预告,2023年度业绩预告（预减）,False,True
2024-01-31 00:00:00,688311,预测中,已明说会亏,预告,2023年度业绩预告（首亏）,False,True
2024-01-31 00:00:00,688316,预测中,已明说会亏,预告,2023年度业绩预告（减亏）,True,True
2024-01-31 00:00:00,688317,预测中,已明说会亏,预告,2023年度业绩预告（首亏）,False,True
2024-01-31 00:00:00,688321,预测中,已明说不会亏,预告,2023年度业绩预告（预增）,True,True
2024-01-31 00:00:00,688326,预测中,已明说会亏,预告,2023年度业绩预告（首亏）,False,True
2024-01-31 00:00:00,688329,预测中,已明说不会亏,预告,2023年度业绩预告（预减）,False,True
2024-01-31 00:00:00,688331,预测中,已明说会亏,预告,2023年度业绩预告（增亏）,True,True
2024-01-31 00:00:00,688339,预测中,已明说会亏,预告,2023年度业绩预告（增亏）,True,True
2024-01-31 00:00:00,688343,预测中,已明说会亏,预告,2023年度业绩预告（减亏）,True,True
2024-01-31 00:00:00,688288,预测中,已明说会亏,预告,2023年度业绩预告（减亏）,True,True
2024-01-31 00:00:00,688345,预测中,已明说会亏,预告,2023年度业绩预告（首亏）,False,True
2024-01-31 00:00:00,688201,预测中,已明说不会亏,预告,2023年度业绩预告（预减）,False,True
2024-01-31 00:00:00,688192,预测中,已明说会亏,预告,2023年度业绩预告（增亏）,True,True
2024-01-31 00:00:00,688077,预测中,已明说会亏,预告,2023年度业绩预告（首亏）,False,True
2024-01-31 00:00:00,688079,预测中,已明说会亏,预告,2023年度业绩预告（首亏）,False,True
2024-01-31 00:00:00,688083,预测中,已明说不会亏,预告,2023年度业绩预告（预增）,False,True
2024-01-31 00:00:00,688088,预测中,已明说不会亏,预告,2023年度业绩预告（预增）,False,True
2024-01-31 00:00:00,688095,预测中,已明说会亏,预告,2023年度业绩预告（增亏）,False,True
2024-01-31 00:00:00,688105,预测中,已明说会亏,预告,2023年度业绩预告（首亏）,False,True
2024-01-31 00:00:00,688110,预测中,已明说会亏,预告,2023年度业绩预告（首亏）,False,True
2024-01-31 00:00:00,688114,预测中,已明说会亏,预告,2023年度业绩预告（首亏）,False,True
2024-01-31 00:00:00,688118,预测中,已明说会亏,预告,2023年度业绩预告（首亏）,True,True
2024-01-31 00:00:00,688129,预测中,已明说不会亏,预告,2023年度业绩预告（预增）,False,True
2024-01-31 00:00:00,688130,预测中,已明说会亏,预告,2023年度业绩预告（首亏）,False,True
2024-01-31 00:00:00,688137,预测中,已明说不会亏,预告,2023年度业绩预告（预减）,False,True
2024-01-31 00:00:00,688141,预测中,已明说会亏,预告,2023年度业绩预告（首亏）,False,True
2024-01-31 00:00:00,688193,预测中,已明说不会亏,预告,2023年度业绩预告（预减）,False,True
2024-01-31 00:00:00,688143,预测中,已明说不会亏,预告,2023年度业绩预告（预减）,False,True
2024-01-31 00:00:00,688151,预测中,已明说不会亏,预告,2023年度业绩预告（预减）,False,True
2024-01-31 00:00:00,688161,预测中,已明说不会亏,预告,2023年度业绩预告（预减）,False,True
2024-01-31 00:00:00,688162,预测中,已明说会亏,预告,2023年度业绩预告（首亏）,False,True
2024-01-31 00:00:00,688165,预测中,已明说会亏,预告,2023年度业绩预告（减亏）,True,True
2024-01-31 00:00:00,688171,预测中,已明说不会亏,预告,2023年度业绩预告（预减）,False,True
2024-01-31 00:00:00,688173,预测中,已明说会亏,预告,2023年度业绩预告（增亏）,False,True
2024-01-31 00:00:00,688176,预测中,已明说会亏,预告,2023年度业绩预告（增亏）,True,True
2024-01-31 00:00:00,688178,预测中,已明说会亏,预告,2023年度业绩预告（首亏）,False,True
2024-01-31 00:00:00,688180,预测中,已明说会亏,预告,2023年度业绩预告（减亏）,True,True
2024-01-31 00:00:00,688184,预测中,已明说不会亏,预告,2023年度业绩预告（预减）,False,True
2024-01-31 00:00:00,688185,预测中,已明说会亏,预告,2023年度业绩预告（增亏）,True,True
2024-01-31 00:00:00,688189,预测中,已明说不会亏,预告,2023年度业绩预告（扭亏）,True,True
2024-01-31 00:00:00,688191,预测中,已明说不会亏,预告,2023年度业绩预告（预增）,False,True
2024-01-31 00:00:00,688148,预测中,已明说会亏,预告,2023年度业绩预告（首亏）,True,True
2024-01-31 00:00:00,688075,预测中,已明说不会亏,预告,2023年度业绩预告（预减）,False,True
2024-01-31 00:00:00,688350,预测中,已明说不会亏,预告,2023年度业绩预告（预减）,False,True
2024-01-31 00:00:00,688353,预测中,已明说会亏,预告,2023年度业绩预告（首亏）,False,True
2024-01-31 00:00:00,688599,预测中,已明说不会亏,预告,2023年度业绩预告（预增）,False,True
2024-01-31 00:00:00,688619,预测中,已明说会亏,预告,2023年度业绩预告（减亏）,True,True
2024-01-31 00:00:00,688622,预测中,已明说会亏,预告,2023年度业绩预告（增亏）,True,True
2024-01-31 00:00:00,688655,预测中,已明说不会亏,预告,2023年度业绩预告（预减）,False,True
2024-01-31 00:00:00,688659,预测中,已明说会亏,预告,2023年度业绩预告（首亏）,False,True
2024-01-31 00:00:00,688660,预测中,已明说会亏,预告,2023年度业绩预告（增亏）,False,True
2024-01-31 00:00:00,688670,预测中,已明说会亏,预告,2023年度业绩预告（首亏）,False,True
2024-01-31 00:00:00,688681,预测中,已明说不会亏,预告,2023年度业绩预告（扭亏）,False,True
2024-01-31 00:00:00,688690,预测中,已明说不会亏,预告,2023年度业绩预告（预减）,False,True
2024-01-31 00:00:00,688696,预测中,已明说不会亏,预告,2023年度业绩预告（预减）,False,True
2024-01-31 00:00:00,688699,预测中,已明说会亏,预告,2023年度业绩预告（首亏）,False,True
2024-01-31 00:00:00,688598,预测中,已明说不会亏,预告,2023年度业绩预告（预减）,False,True
2024-01-31 00:00:00,688701,预测中,已明说会亏,预告,2023年度业绩预告（增亏）,True,True
2024-01-31 00:00:00,688728,预测中,已明说不会亏,预告,2023年度业绩预告（预减）,False,True
2024-01-31 00:00:00,688733,预测中,已明说不会亏,预告,2023年度业绩预告（预减）,False,True
2024-01-31 00:00:00,688737,预测中,已明说不会亏,预告,2023年度业绩预告（扭亏）,False,True
2024-01-31 00:00:00,688767,预测中,已明说不会亏,预告,2023年度业绩预告（预减）,False,True
2024-01-31 00:00:00,688711,预测中,已明说不会亏,预告,2023年度业绩预告（预增）,False,True
2024-01-31 00:00:00,688351,预测中,已明说不会亏,预告,2023年度业绩预告（预增）,False,True
2024-01-31 00:00:00,688595,预测中,已明说会亏,预告,2023年度业绩预告（首亏）,False,True
2024-01-31 00:00:00,688567,预测中,已明说会亏,预告,2023年度业绩预告（增亏）,False,True
2024-01-31 00:00:00,688355,预测中,已明说不会亏,预告,2023年度业绩预告（预减）,False,True
2024-01-31 00:00:00,688365,预测中,已明说会亏,预告,2023年度业绩预告（减亏）,True,True
2024-01-31 00:00:00,688367,预测中,已明说不会亏,预告,2023年度业绩预告（预减）,False,True
2024-01-31 00:00:00,688369,预测中,已明说会亏,预告,2023年度业绩预告（首亏）,False,True
2024-01-31 00:00:00,688371,预测中,已明说会亏,预告,2023年度业绩预告（首亏）,False,True
2024-01-31 00:00:00,688379,预测中,已明说不会亏,预告,2023年度业绩预告（预增）,False,True
2024-01-31 00:00:00,688380,预测中,已明说会亏,预告,2023年度业绩预告（首亏）,False,True
2024-01-31 00:00:00,688383,预测中,已明说不会亏,预告,2023年度业绩预告（预减）,False,True
2024-01-31 00:00:00,688388,预测中,已明说不会亏,预告,2023年度业绩预告（预减）,False,True
2024-01-31 00:00:00,688398,预测中,已明说不会亏,预告,2023年度业绩预告（预增）,False,True
2024-01-31 00:00:00,688416,预测中,已明说会亏,预告,2023年度业绩预告（首亏）,False,True
2024-01-31 00:00:00,688418,预测中,已明说会亏,预告,2023年度业绩预告（减亏）,False,True
2024-01-31 00:00:00,688426,预测中,已明说会亏,预告,2023年度业绩预告（首亏）,False,True
2024-01-31 00:00:00,688590,预测中,已明说不会亏,预告,2023年度业绩预告（扭亏）,False,True
2024-01-31 00:00:00,688488,预测中,已明说会亏,预告,2023年度业绩预告（减亏）,False,True
2024-01-31 00:00:00,688496,预测中,已明说会亏,预告,2023年度业绩预告（首亏）,False,True
2024-01-31 00:00:00,688498,预测中,已明说不会亏,预告,2023年度业绩预告（预减）,False,True
2024-01-31 00:00:00,688499,预测中,已明说会亏,预告,2023年度业绩预告（首亏）,False,True
2024-01-31 00:00:00,688500,预测中,已明说会亏,预告,2023年度业绩预告（续亏）,True,True
2024-01-31 00:00:00,688509,预测中,已明说会亏,预告,2023年度业绩预告（首亏）,True,True
2024-01-31 00:00:00,688515,预测中,已明说会亏,预告,2023年度业绩预告（增亏）,False,True
2024-01-31 00:00:00,688521,预测中,已明说会亏,预告,2023年度业绩预告（首亏）,False,True
2024-01-31 00:00:00,688536,预测中,已明说会亏,预告,2023年度业绩预告（首亏）,False,True
2024-01-31 00:00:00,688553,预测中,已明说不会亏,预告,2023年度业绩预告（略减）,False,True
2024-01-31 00:00:00,688560,预测中,已明说会亏,预告,2023年度业绩预告（首亏）,False,True
2024-01-31 00:00:00,688565,预测中,已明说会亏,预告,2023年度业绩预告（增亏）,False,True
2024-01-31 00:00:00,688071,预测中,已明说不会亏,预告,2023年度业绩预告（预减）,False,True
2024-01-31 00:00:00,688070,预测中,已明说会亏,预告,2023年度业绩预告（增亏）,False,True
2024-01-31 00:00:00,688069,预测中,已明说会亏,预告,2023年度业绩预告（首亏）,False,True
2024-01-31 00:00:00,603385,预测中,已明说会亏,预告,2023年度业绩预告（首亏）,False,True
2024-01-31 00:00:00,603398,预测中,已明说不会亏,预告,2023年度业绩预告（扭亏）,False,True
2024-01-31 00:00:00,603458,预测中,已明说不会亏,预告,2023年度业绩预告（预减）,False,True
2024-01-31 00:00:00,603486,预测中,已明说不会亏,预告,2023年度业绩预告（预减）,False,True
2024-01-31 00:00:00,603520,预测中,已明说不会亏,预告,2023年度业绩预告（扭亏）,False,True
2024-01-31 00:00:00,603528,预测中,已明说会亏,预告,2023年度业绩预告（首亏）,False,True
2024-01-31 00:00:00,603536,预测中,已明说不会亏,预告,2023年度业绩预告（扭亏）,True,True
2024-01-31 00:00:00,603538,预测中,已明说不会亏,预告,2023年度业绩预告（预减）,False,True
2024-01-31 00:00:00,603559,预测中,已明说会亏,预告,2023年度业绩预告（增亏）,True,True
2024-01-31 00:00:00,603567,预测中,已明说不会亏,预告,2023年度业绩预告（预增）,False,True
2024-01-31 00:00:00,603569,预测中,已明说不会亏,预告,2023年度业绩预告（预增）,False,True
2024-01-31 00:00:00,603595,预测中,已明说会亏,预告,2023年度业绩预告（首亏）,True,True
2024-01-31 00:00:00,603601,预测中,已明说不会亏,预告,2023年度业绩预告（预减）,False,True
2024-01-31 00:00:00,603383,预测中,已明说不会亏,预告,2023年度业绩预告（预增）,False,True
2024-01-31 00:00:00,603608,预测中,已明说会亏,预告,2023年度业绩预告（减亏）,True,True
2024-01-31 00:00:00,603610,预测中,已明说不会亏,预告,2023年度业绩预告（预增）,False,True
2024-01-31 00:00:00,603616,预测中,已明说会亏,预告,2023年度业绩预告（续亏）,True,True
2024-01-31 00:00:00,603626,预测中,已明说会亏,预告,2023年度业绩预告（首亏）,True,True
2024-01-31 00:00:00,603628,预测中,已明说不会亏,预告,2023年度业绩预告（预增）,False,True
2024-01-31 00:00:00,603657,预测中,已明说不会亏,预告,2023年度业绩预告（预减）,False,True
2024-01-31 00:00:00,603669,预测中,已明说会亏,预告,2023年度业绩预告（减亏）,True,True
2024-01-31 00:00:00,603681,预测中,已明说不会亏,预告,2023年度业绩预告（预减）,False,True
2024-01-31 00:00:00,300661,预测中,已明说不会亏,预告,2023年度业绩预告（预减）,False,True
2024-01-31 00:00:00,603699,预测中,已明说不会亏,预告,2023年度业绩预告（预增）,False,True
2024-01-31 00:00:00,603701,预测中,已明说不会亏,预告,2023年度业绩预告（预增）,False,True
2024-01-31 00:00:00,603716,预测中,已明说会亏,预告,2023年度业绩预告（减亏）,True,True
2024-01-31 00:00:00,603717,预测中,已明说会亏,预告,2023年度业绩预告（增亏）,True,True
2024-01-31 00:00:00,603721,预测中,已明说会亏,预告,2023年度业绩预告（首亏）,True,True
2024-01-31 00:00:00,603609,预测中,已明说会亏,预告,2023年度业绩预告（首亏）,False,True
2024-01-31 00:00:00,603729,预测中,已明说会亏,预告,2023年度业绩预告（减亏）,True,True
2024-01-31 00:00:00,603377,预测中,已明说会亏,预告,2023年度业绩预告（增亏）,True,True
2024-01-31 00:00:00,603359,预测中,已明说会亏,预告,2023年度业绩预告（首亏）,True,True
2024-01-31 00:00:00,603055,预测中,已明说不会亏,预告,2023年度业绩预告（预增）,False,True
2024-01-31 00:00:00,603063,预测中,已明说不会亏,预告,2023年度业绩预告（预增）,False,True
2024-01-31 00:00:00,603068,预测中,已明说会亏,预告,2023年度业绩预告（减亏）,False,True
2024-01-31 00:00:00,603079,预测中,已明说会亏,预告,2023年度业绩预告（首亏）,False,True
2024-01-31 00:00:00,603085,预测中,已明说不会亏,预告,2023年度业绩预告（扭亏）,False,True
2024-01-31 00:00:00,603086,预测中,已明说会亏,预告,2023年度业绩预告（首亏）,False,True
2024-01-31 00:00:00,603095,预测中,已明说不会亏,预告,2023年度业绩预告（预减）,False,True
2024-01-31 00:00:00,603113,预测中,已明说不会亏,预告,2023年度业绩预告（预减）,False,True
2024-01-31 00:00:00,603117,预测中,已明说会亏,预告,2023年度业绩预告（减亏）,True,True
2024-01-31 00:00:00,603129,预测中,已明说不会亏,预告,2023年度业绩预告（预增）,False,True
2024-01-31 00:00:00,603139,预测中,已明说会亏,预告,2023年度业绩预告（减亏）,False,True
2024-01-31 00:00:00,603155,预测中,已明说不会亏,预告,2023年度业绩预告（预减）,False,True
2024-01-31 00:00:00,603185,预测中,已明说不会亏,预告,2023年度业绩预告（预减）,False,True
2024-01-31 00:00:00,603363,预测中,已明说会亏,预告,2023年度业绩预告（增亏）,True,True
2024-01-31 00:00:00,603221,预测中,已明说不会亏,预告,2023年度业绩预告（扭亏）,False,True
2024-01-31 00:00:00,603226,预测中,已明说会亏,预告,2023年度业绩预告（首亏）,True,True
2024-01-31 00:00:00,603268,预测中,已明说会亏,预告,2023年度业绩预告（减亏）,True,True
2024-01-31 00:00:00,603278,预测中,已明说不会亏,预告,2023年度业绩预告（扭亏）,False,True
2024-01-31 00:00:00,603300,预测中,已明说不会亏,预告,2023年度业绩预告（略增）,False,True
2024-01-31 00:00:00,603315,预测中,已明说不会亏,预告,2023年度业绩预告（预增）,False,True
2024-01-31 00:00:00,603316,预测中,已明说会亏,预告,2023年度业绩预告（增亏）,False,True
2024-01-31 00:00:00,603318,预测中,已明说不会亏,预告,2023年度业绩预告（略增）,False,True
2024-01-31 00:00:00,603321,预测中,已明说不会亏,预告,2023年度业绩预告（预增）,False,True
2024-01-31 00:00:00,603330,预测中,已明说会亏,预告,2023年度业绩预告（增亏）,False,True
2024-01-31 00:00:00,603332,预测中,已明说不会亏,预告,2023年度业绩预告（扭亏）,False,True
2024-01-31 00:00:00,603335,预测中,已明说会亏,预告,2023年度业绩预告（增亏）,True,True
2024-01-31 00:00:00,603338,预测中,已明说不会亏,预告,2023年度业绩预告（略增）,False,True
2024-01-31 00:00:00,603348,预测中,已明说不会亏,预告,2023年度业绩预告（预减）,False,True
2024-01-31 00:00:00,603223,预测中,已明说不会亏,预告,2023年度业绩预告（略增）,False,True
2024-01-31 00:00:00,603776,预测中,已明说会亏,预告,2023年度业绩预告（增亏）,False,True
2024-01-31 00:00:00,603778,预测中,已明说会亏,预告,2023年度业绩预告（减亏）,False,True
2024-01-31 00:00:00,603779,预测中,已明说会亏,预告,2023年度业绩预告（首亏）,True,True
2024-01-31 00:00:00,605122,预测中,已明说不会亏,预告,2023年度业绩预告（扭亏）,False,True
2024-01-31 00:00:00,605136,预测中,已明说不会亏,预告,2023年度业绩预告（扭亏）,False,True
2024-01-31 00:00:00,605179,预测中,已明说不会亏,预告,2023年度业绩预告（扭亏）,False,True
2024-01-31 00:00:00,605180,预测中,已明说不会亏,预告,2023年度业绩预告（预减）,False,True
2024-01-31 00:00:00,605228,预测中,已明说不会亏,预告,2023年度业绩预告（略增）,False,True
2024-01-31 00:00:00,605268,预测中,已明说不会亏,预告,2023年度业绩预告（扭亏）,False,True
2024-01-31 00:00:00,605303,预测中,已明说会亏,预告,2023年度业绩预告（减亏）,True,True
2024-01-31 00:00:00,605358,预测中,已明说不会亏,预告,2023年度业绩预告（预减）,False,True
2024-01-31 00:00:00,605366,预测中,已明说不会亏,预告,2023年度业绩预告（预减）,False,True
2024-01-31 00:00:00,688004,预测中,已明说会亏,预告,2023年度业绩预告（增亏）,False,True
2024-01-31 00:00:00,688011,预测中,已明说会亏,预告,2023年度业绩预告（增亏）,False,True
2024-01-31 00:00:00,688015,预测中,已明说不会亏,预告,2023年度业绩预告（预减）,False,True
2024-01-31 00:00:00,605069,预测中,已明说会亏,预告,2023年度业绩预告（增亏）,True,True
2024-01-31 00:00:00,688021,预测中,已明说会亏,预告,2023年度业绩预告（续亏）,False,True
2024-01-31 00:00:00,688023,预测中,已明说会亏,预告,2023年度业绩预告（增亏）,False,True
2024-01-31 00:00:00,688027,预测中,已明说会亏,预告,2023年度业绩预告（增亏）,True,True
2024-01-31 00:00:00,688030,预测中,已明说会亏,预告,2023年度业绩预告（增亏）,True,True
2024-01-31 00:00:00,688038,预测中,已明说会亏,预告,2023年度业绩预告（增亏）,False,True
2024-01-31 00:00:00,688039,预测中,已明说会亏,预告,2023年度业绩预告（增亏）,True,True
2024-01-31 00:00:00,688045,预测中,已明说会亏,预告,2023年度业绩预告（首亏）,False,True
2024-01-31 00:00:00,688048,预测中,已明说会亏,预告,2023年度业绩预告（首亏）,False,True
2024-01-31 00:00:00,688052,预测中,已明说会亏,预告,2023年度业绩预告（首亏）,False,True
2024-01-31 00:00:00,688053,预测中,已明说不会亏,预告,2023年度业绩预告（预减）,False,True
2024-01-31 00:00:00,688055,预测中,已明说会亏,预告,2023年度业绩预告（首亏）,True,True
2024-01-31 00:00:00,688060,预测中,已明说会亏,预告,2023年度业绩预告（首亏）,False,True
2024-01-31 00:00:00,688061,预测中,已明说不会亏,预告,2023年度业绩预告（预减）,False,True
2024-01-31 00:00:00,688068,预测中,已明说不会亏,预告,2023年度业绩预告（预减）,False,True
2024-01-31 00:00:00,688022,预测中,已明说会亏,预告,2023年度业绩预告（首亏）,False,True
2024-01-31 00:00:00,605006,预测中,已明说不会亏,预告,2023年度业绩预告（预减）,False,True
2024-01-31 00:00:00,605001,预测中,已明说不会亏,预告,2023年度业绩预告（扭亏）,True,True
2024-01-31 00:00:00,603997,预测中,已明说不会亏,预告,2023年度业绩预告（扭亏）,False,True
2024-01-31 00:00:00,603789,预测中,已明说会亏,预告,2023年度业绩预告（减亏）,False,True
2024-01-31 00:00:00,603803,预测中,已明说会亏,预告,2023年度业绩预告（首亏）,False,True
2024-01-31 00:00:00,603808,预测中,已明说不会亏,预告,2023年度业绩预告（预增）,False,True
2024-01-31 00:00:00,603818,预测中,已明说会亏,预告,2023年度业绩预告（首亏）,True,True
2024-01-31 00:00:00,603822,预测中,已明说不会亏,预告,2023年度业绩预告（扭亏）,False,True
2024-01-31 00:00:00,603839,预测中,已明说不会亏,预告,2023年度业绩预告（扭亏）,False,True
2024-01-31 00:00:00,603843,预测中,已明说会亏,预告,2023年度业绩预告（增亏）,True,True
2024-01-31 00:00:00,603858,预测中,已明说不会亏,预告,2023年度业绩预告（扭亏）,False,True
2024-01-31 00:00:00,603861,预测中,已明说不会亏,预告,2023年度业绩预告（预增）,False,True
2024-01-31 00:00:00,603863,预测中,已明说会亏,预告,2023年度业绩预告（减亏）,False,True
2024-01-31 00:00:00,603871,预测中,已明说不会亏,预告,2023年度业绩预告（预增）,False,True
2024-01-31 00:00:00,603876,预测中,已明说不会亏,预告,2023年度业绩预告（预减）,False,True
2024-01-31 00:00:00,603879,预测中,已明说会亏,预告,2023年度业绩预告（增亏）,False,True
2024-01-31 00:00:00,603880,预测中,已明说会亏,预告,2023年度业绩预告（增亏）,False,True
2024-01-31 00:00:00,603882,预测中,已明说不会亏,预告,2023年度业绩预告（预减）,False,True
2024-01-31 00:00:00,603887,预测中,已明说会亏,预告,2023年度业绩预告（首亏）,True,True
2024-01-31 00:00:00,603895,预测中,已明说会亏,预告,2023年度业绩预告（减亏）,False,True
2024-01-31 00:00:00,603897,预测中,已明说不会亏,预告,2023年度业绩预告（预增）,False,True
2024-01-31 00:00:00,603900,预测中,已明说会亏,预告,2023年度业绩预告（增亏）,False,True
2024-01-31 00:00:00,603906,预测中,已明说会亏,预告,2023年度业绩预告（首亏）,False,True
2024-01-31 00:00:00,603936,预测中,已明说会亏,预告,2023年度业绩预告（首亏）,False,True
2024-01-31 00:00:00,603949,预测中,已明说不会亏,预告,2023年度业绩预告（预增）,False,True
2024-01-31 00:00:00,603955,预测中,已明说会亏,预告,2023年度业绩预告（首亏）,True,True
2024-01-31 00:00:00,603958,预测中,已明说会亏,预告,2023年度业绩预告（减亏）,True,True
2024-01-31 00:00:00,603959,预测中,已明说会亏,预告,2023年度业绩预告（首亏）,False,True
2024-01-31 00:00:00,603968,预测中,已明说不会亏,预告,2023年度业绩预告（预减）,False,True
2024-01-31 00:00:00,603985,预测中,已明说会亏,预告,2023年度业绩预告（首亏）,False,True
2024-01-31 00:00:00,603990,预测中,已明说会亏,预告,2023年度业绩预告（首亏）,False,True
2024-01-31 00:00:00,603991,预测中,已明说会亏,预告,2023年度业绩预告（增亏）,False,True
2024-01-31 00:00:00,603028,预测中,已明说不会亏,预告,2023年度业绩预告（扭亏）,False,True
2024-01-31 00:00:00,300659,预测中,已明说会亏,预告,2023年度业绩预告（减亏）,True,True
2024-01-31 00:00:00,300437,预测中,已明说会亏,预告,2023年度业绩预告（增亏）,False,True
2024-01-31 00:00:00,300655,预测中,已明说不会亏,预告,2023年度业绩预告（预减）,False,True
2024-01-31 00:00:00,002104,预测中,已明说不会亏,预告,2023年度业绩预告（预增）,False,True
2024-01-31 00:00:00,002109,预测中,已明说会亏,预告,2023年度业绩预告（首亏）,False,True
2024-01-31 00:00:00,002114,预测中,已明说会亏,预告,2023年度业绩预告（减亏）,False,True
2024-01-31 00:00:00,002115,预测中,已明说不会亏,预告,2023年度业绩预告（预减）,False,True
2024-01-31 00:00:00,002121,预测中,已明说会亏,预告,2023年度业绩预告（增亏）,True,True
2024-01-31 00:00:00,002122,预测中,已明说不会亏,预告,2023年度业绩预告（预增）,False,True
2024-01-31 00:00:00,002123,预测中,已明说会亏,预告,2023年度业绩预告（增亏）,True,True
2024-01-31 00:00:00,002124,预测中,已明说会亏,预告,2023年度业绩预告（首亏）,True,True
2024-01-31 00:00:00,002131,预测中,已明说不会亏,预告,2023年度业绩预告（扭亏）,False,True
2024-01-31 00:00:00,002132,预测中,已明说不会亏,预告,2023年度业绩预告（预减）,False,True
2024-01-31 00:00:00,002133,预测中,已明说不会亏,预告,2023年度业绩预告（预减）,False,True
2024-01-31 00:00:00,002136,预测中,已明说不会亏,预告,2023年度业绩预告（预减）,False,True
2024-01-31 00:00:00,002137,预测中,已明说不会亏,预告,2023年度业绩预告（预减）,False,True
2024-01-31 00:00:00,002141,预测中,已明说会亏,预告,2023年度业绩预告（首亏）,False,True
2024-01-31 00:00:00,002150,预测中,已明说不会亏,预告,2023年度业绩预告（预减）,False,True
2024-01-31 00:00:00,002156,预测中,已明说不会亏,预告,2023年度业绩预告（预减）,False,True
2024-01-31 00:00:00,002160,预测中,已明说不会亏,预告,2023年度业绩预告（扭亏）,False,True
2024-01-31 00:00:00,002163,预测中,已明说不会亏,预告,2023年度业绩预告（扭亏）,True,True
2024-01-31 00:00:00,002167,预测中,已明说会亏,预告,2023年度业绩预告（首亏）,False,True
2024-01-31 00:00:00,002170,预测中,已明说不会亏,预告,2023年度业绩预告（预增）,False,True
2024-01-31 00:00:00,002173,预测中,已明说会亏,预告,2023年度业绩预告（减亏）,False,True
2024-01-31 00:00:00,002174,预测中,已明说不会亏,预告,2023年度业绩预告（扭亏）,True,True
2024-01-31 00:00:00,002175,预测中,已明说不会亏,预告,2023年度业绩预告（预减）,False,True
2024-01-31 00:00:00,002176,预测中,已明说会亏,预告,2023年度业绩预告（首亏）,False,True
2024-01-31 00:00:00,002178,预测中,已明说不会亏,预告,2023年度业绩预告（扭亏）,False,True
2024-01-31 00:00:00,002180,预测中,已明说会亏,预告,2023年度业绩预告（首亏）,False,True
2024-01-31 00:00:00,002188,预测中,已明说不会亏,预告,2023年度业绩预告（预减）,False,True
2024-01-31 00:00:00,002101,预测中,已明说不会亏,预告,2023年度业绩预告（略减）,False,True
2024-01-31 00:00:00,002100,预测中,已明说会亏,预告,2023年度业绩预告（首亏）,False,True
2024-01-31 00:00:00,002099,预测中,已明说会亏,预告,2023年度业绩预告（首亏）,False,True
2024-01-31 00:00:00,002098,预测中,已明说不会亏,预告,2023年度业绩预告（预增）,False,True
2024-01-31 00:00:00,001339,预测中,已明说不会亏,预告,2023年度业绩预告（预减）,False,True
2024-01-31 00:00:00,002005,预测中,已明说会亏,预告,2023年度业绩预告（减亏）,True,True
2024-01-31 00:00:00,002009,预测中,已明说会亏,预告,2023年度业绩预告（首亏）,True,True
2024-01-31 00:00:00,002017,预测中,已明说不会亏,预告,2023年度业绩预告（预增）,False,True
2024-01-31 00:00:00,002019,预测中,已明说会亏,预告,2023年度业绩预告（首亏）,False,True
2024-01-31 00:00:00,002021,预测中,已明说不会亏,预告,2023年度业绩预告（扭亏）,False,True
2024-01-31 00:00:00,002022,预测中,已明说会亏,预告,2023年度业绩预告（首亏）,False,True
2024-01-31 00:00:00,002024,预测中,已明说会亏,预告,2023年度业绩预告（减亏）,True,True
2024-01-31 00:00:00,002030,预测中,已明说不会亏,预告,2023年度业绩预告（预减）,False,True
2024-01-31 00:00:00,002031,预测中,已明说会亏,预告,2023年度业绩预告（首亏）,False,True
2024-01-31 00:00:00,002032,预测中,已明说不会亏,预告,2023年度业绩预告（略增）,False,True
2024-01-31 00:00:00,002036,预测中,已明说会亏,预告,2023年度业绩预告（首亏）,True,True
2024-01-31 00:00:00,002037,预测中,已明说会亏,预告,2023年度业绩预告（减亏）,True,True
2024-01-31 00:00:00,002189,预测中,已明说会亏,预告,2023年度业绩预告（增亏）,True,True
2024-01-31 00:00:00,002042,预测中,已明说不会亏,预告,2023年度业绩预告（扭亏）,False,True
2024-01-31 00:00:00,002047,预测中,已明说会亏,预告,2023年度业绩预告（减亏）,True,True
2024-01-31 00:00:00,002052,预测中,已明说会亏,预告,2023年度业绩预告（增亏）,False,True
2024-01-31 00:00:00,002054,预测中,已明说不会亏,预告,2023年度业绩预告（预减）,False,True
2024-01-31 00:00:00,002055,预测中,已明说会亏,预告,2023年度业绩预告（减亏）,True,True
2024-01-31 00:00:00,002056,预测中,已明说不会亏,预告,2023年度业绩预告（略增）,False,True
2024-01-31 00:00:00,002059,预测中,已明说会亏,预告,2023年度业绩预告（增亏）,True,True
2024-01-31 00:00:00,002068,预测中,已明说会亏,预告,2023年度业绩预告（首亏）,False,True
2024-01-31 00:00:00,002069,预测中,已明说不会亏,预告,2023年度业绩预告（预增）,False,True
2024-01-31 00:00:00,002076,预测中,已明说会亏,预告,2023年度业绩预告（首亏）,False,True
2024-01-31 00:00:00,002084,预测中,已明说会亏,预告,2023年度业绩预告（首亏）,True,True
2024-01-31 00:00:00,002086,预测中,已明说不会亏,预告,2023年度业绩预告（扭亏）,False,True
2024-01-31 00:00:00,002092,预测中,已明说会亏,预告,2023年度业绩预告（首亏）,False,True
2024-01-31 00:00:00,002094,预测中,已明说不会亏,预告,2023年度业绩预告（扭亏）,False,True
2024-01-31 00:00:00,002043,预测中,已明说不会亏,预告,2023年度业绩预告（预增）,False,True
2024-01-31 00:00:00,002192,预测中,已明说不会亏,预告,2023年度业绩预告（预减）,False,True
2024-01-31 00:00:00,002200,预测中,已明说不会亏,预告,2023年度业绩预告（续盈）,False,True
2024-01-31 00:00:00,002205,预测中,已明说会亏,预告,2023年度业绩预告（增亏）,True,True
2024-01-31 00:00:00,002331,预测中,已明说会亏,预告,2023年度业绩预告（减亏）,True,True
2024-01-31 00:00:00,002335,预测中,已明说不会亏,预告,2023年度业绩预告（预增）,False,True
2024-01-31 00:00:00,002342,预测中,已明说会亏,预告,2023年度业绩预告（首亏）,False,True
2024-01-31 00:00:00,002348,预测中,已明说会亏,预告,2023年度业绩预告（减亏）,True,True
2024-01-31 00:00:00,002350,预测中,已明说会亏,预告,2023年度业绩预告（首亏）,False,True
2024-01-31 00:00:00,300657,预测中,已明说会亏,预告,2023年度业绩预告（增亏）,True,True
2024-01-31 00:00:00,002355,预测中,已明说会亏,预告,2023年度业绩预告（减亏）,False,True
2024-01-31 00:00:00,002356,预测中,已明说会亏,预告,2023年度业绩预告（减亏）,False,True
2024-01-31 00:00:00,002362,预测中,已明说会亏,预告,2023年度业绩预告（续亏）,False,True
2024-01-31 00:00:00,002364,预测中,已明说不会亏,预告,2023年度业绩预告（扭亏）,False,True
2024-01-31 00:00:00,002365,预测中,已明说会亏,预告,2023年度业绩预告（首亏）,False,True
2024-01-31 00:00:00,002369,预测中,已明说会亏,预告,2023年度业绩预告（增亏）,True,True
2024-01-31 00:00:00,002374,预测中,已明说会亏,预告,2023年度业绩预告（减亏）,True,True
2024-01-31 00:00:00,002329,预测中,已明说不会亏,预告,2023年度业绩预告（预增）,False,True
2024-01-31 00:00:00,002377,预测中,已明说会亏,预告,2023年度业绩预告（减亏）,True,True
2024-01-31 00:00:00,002382,预测中,已明说会亏,预告,2023年度业绩预告（增亏）,False,True
2024-01-31 00:00:00,002385,预测中,已明说会亏,预告,2023年度业绩预告（首亏）,False,True
2024-01-31 00:00:00,002386,预测中,已明说不会亏,预告,2023年度业绩预告（预减）,False,True
2024-01-31 00:00:00,002387,预测中,已明说会亏,预告,2023年度业绩预告（增亏）,True,True
2024-01-31 00:00:00,002389,预测中,已明说不会亏,预告,2023年度业绩预告（预减）,False,True
2024-01-31 00:00:00,002391,预测中,已明说不会亏,预告,2023年度业绩预告（预减）,False,True
2024-01-31 00:00:00,002397,预测中,已明说不会亏,预告,2023年度业绩预告（扭亏）,False,True
2024-01-31 00:00:00,002399,预测中,已明说会亏,预告,2023年度业绩预告（首亏）,False,True
2024-01-31 00:00:00,002403,预测中,已明说会亏,预告,2023年度业绩预告（增亏）,True,True
2024-01-31 00:00:00,002408,预测中,已明说会亏,预告,2023年度业绩预告（首亏）,False,True
2024-01-31 00:00:00,002413,预测中,已明说会亏,预告,2023年度业绩预告（减亏）,False,True
2024-01-31 00:00:00,002414,预测中,已明说不会亏,预告,2023年度业绩预告（预减）,False,True
2024-01-31 00:00:00,002425,预测中,已明说会亏,预告,2023年度业绩预告（增亏）,True,True
2024-01-31 00:00:00,002379,预测中,已明说会亏,预告,2023年度业绩预告（首亏）,False,True
2024-01-31 00:00:00,001330,预测中,已明说会亏,预告,2023年度业绩预告（增亏）,True,True
2024-01-31 00:00:00,002323,预测中,已明说会亏,预告,2023年度业绩预告（首亏）,False,True
2024-01-31 00:00:00,002319,预测中,已明说不会亏,预告,2023年度业绩预告（扭亏）,False,True
2024-01-31 00:00:00,002208,预测中,已明说不会亏,预告,2023年度业绩预告（略减）,False,True
2024-01-31 00:00:00,002212,预测中,已明说会亏,预告,2023年度业绩预告（首亏）,False,True
2024-01-31 00:00:00,002213,预测中,已明说会亏,预告,2023年度业绩预告（首亏）,False,True
2024-01-31 00:00:00,002214,预测中,已明说会亏,预告,2023年度业绩预告（增亏）,True,True
2024-01-31 00:00:00,002217,预测中,已明说会亏,预告,2023年度业绩预告（增亏）,True,True
2024-01-31 00:00:00,002227,预测中,已明说会亏,预告,2023年度业绩预告（续亏）,True,True
2024-01-31 00:00:00,002234,预测中,已明说会亏,预告,2023年度业绩预告（减亏）,False,True
2024-01-31 00:00:00,002235,预测中,已明说会亏,预告,2023年度业绩预告（增亏）,False,True
2024-01-31 00:00:00,002239,预测中,已明说不会亏,预告,2023年度业绩预告（续盈）,False,True
2024-01-31 00:00:00,002240,预测中,已明说不会亏,预告,2023年度业绩预告（预减）,False,True
2024-01-31 00:00:00,002245,预测中,已明说不会亏,预告,2023年度业绩预告（预减）,False,True
2024-01-31 00:00:00,002248,预测中,已明说会亏,预告,2023年度业绩预告（首亏）,False,True
2024-01-31 00:00:00,002321,预测中,已明说会亏,预告,2023年度业绩预告（减亏）,False,True
2024-01-31 00:00:00,002251,预测中,已明说会亏,预告,2023年度业绩预告（减亏）,True,True
2024-01-31 00:00:00,002259,预测中,已明说会亏,预告,2023年度业绩预告（减亏）,False,True
2024-01-31 00:00:00,002261,预测中,已明说不会亏,预告,2023年度业绩预告（扭亏）,False,True
2024-01-31 00:00:00,002263,预测中,已明说不会亏,预告,2023年度业绩预告（预减）,False,True
2024-01-31 00:00:00,002272,预测中,已明说会亏,预告,2023年度业绩预告（首亏）,False,True
2024-01-31 00:00:00,002285,预测中,已明说会亏,预告,2023年度业绩预告（减亏）,True,True
2024-01-31 00:00:00,002289,预测中,已明说不会亏,预告,2023年度业绩预告（扭亏）,True,True
2024-01-31 00:00:00,002291,预测中,已明说会亏,预告,2023年度业绩预告（增亏）,True,True
2024-01-31 00:00:00,002292,预测中,已明说不会亏,预告,2023年度业绩预告（扭亏）,False,True
2024-01-31 00:00:00,002298,预测中,已明说会亏,预告,2023年度业绩预告（减亏）,True,True
2024-01-31 00:00:00,002305,预测中,已明说会亏,预告,2023年度业绩预告（增亏）,True,True
2024-01-31 00:00:00,002306,预测中,已明说会亏,预告,2023年度业绩预告（增亏）,True,True
2024-01-31 00:00:00,002313,预测中,已明说会亏,预告,2023年度业绩预告（减亏）,True,True
2024-01-31 00:00:00,002316,预测中,已明说会亏,预告,2023年度业绩预告（减亏）,False,True
2024-01-31 00:00:00,002253,预测中,已明说会亏,预告,2023年度业绩预告（增亏）,False,True
2024-01-31 00:00:00,001300,预测中,已明说会亏,预告,2023年度业绩预告（首亏）,False,True
2024-01-31 00:00:00,001255,预测中,已明说不会亏,预告,2023年度业绩预告（预减）,False,True
2024-01-31 00:00:00,001238,预测中,已明说不会亏,预告,2023年度业绩预告（预减）,False,True
2024-01-31 00:00:00,000536,预测中,已明说会亏,预告,2023年度业绩预告（增亏）,True,True
2024-01-31 00:00:00,000546,预测中,已明说会亏,预告,2023年度业绩预告（增亏）,False,True
2024-01-31 00:00:00,000547,预测中,已明说会亏,预告,2023年度业绩预告（首亏）,True,True
2024-01-31 00:00:00,000548,预测中,已明说不会亏,预告,2023年度业绩预告（预增）,False,True
2024-01-31 00:00:00,000552,预测中,已明说不会亏,预告,2023年度业绩预告（略减）,False,True
2024-01-31 00:00:00,000553,预测中,已明说会亏,预告,2023年度业绩预告（首亏）,False,True
2024-01-31 00:00:00,000560,预测中,已明说会亏,预告,2023年度业绩预告（增亏）,False,True
2024-01-31 00:00:00,000564,预测中,已明说会亏,预告,2023年度业绩预告（增亏）,True,True
2024-01-31 00:00:00,000565,预测中,已明说会亏,预告,2023年度业绩预告（首亏）,False,True
2024-01-31 00:00:00,000566,预测中,已明说会亏,预告,2023年度业绩预告（首亏）,False,True
2024-01-31 00:00:00,000571,预测中,已明说会亏,预告,2023年度业绩预告（增亏）,False,True
2024-01-31 00:00:00,000572,预测中,已明说会亏,预告,2023年度业绩预告（减亏）,True,True
2024-01-31 00:00:00,000576,预测中,已明说会亏,预告,2023年度业绩预告（首亏）,False,True
2024-01-31 00:00:00,000524,预测中,已明说不会亏,预告,2023年度业绩预告（扭亏）,False,True
2024-01-31 00:00:00,000590,预测中,已明说不会亏,预告,2023年度业绩预告（预增）,False,True
2024-01-31 00:00:00,000595,预测中,已明说会亏,预告,2023年度业绩预告（增亏）,False,True
2024-01-31 00:00:00,000599,预测中,已明说会亏,预告,2023年度业绩预告（减亏）,True,True
2024-01-31 00:00:00,000601,预测中,已明说会亏,预告,2023年度业绩预告（增亏）,True,True
2024-01-31 00:00:00,000603,预测中,已明说不会亏,预告,2023年度业绩预告（预减）,False,True
2024-01-31 00:00:00,000608,预测中,已明说会亏,预告,2023年度业绩预告（减亏）,False,True
2024-01-31 00:00:00,000610,预测中,已明说会亏,预告,2023年度业绩预告（减亏）,True,True
2024-01-31 00:00:00,000615,预测中,已明说会亏,预告,2023年度业绩预告（减亏）,False,True
2024-01-31 00:00:00,000626,预测中,已明说会亏,预告,2023年度业绩预告（首亏）,False,True
2024-01-31 00:00:00,000628,预测中,已明说不会亏,预告,2023年度业绩预告（预增）,False,True
2024-01-31 00:00:00,000632,预测中,已明说会亏,预告,2023年度业绩预告（首亏）,False,True
2024-01-31 00:00:00,000636,预测中,已明说不会亏,预告,2023年度业绩预告（预减）,False,True
2024-01-31 00:00:00,000637,预测中,已明说会亏,预告,2023年度业绩预告（续亏）,False,True
2024-01-31 00:00:00,000592,预测中,已明说会亏,预告,2023年度业绩预告（增亏）,False,True
2024-01-31 00:00:00,000639,预测中,已明说会亏,预告,2023年度业绩预告（减亏）,False,True
2024-01-31 00:00:00,000520,预测中,已明说会亏,预告,2023年度业绩预告（首亏）,False,True
2024-01-31 00:00:00,000516,预测中,已明说会亏,预告,2023年度业绩预告（减亏）,True,True
2024-01-31 00:00:00,000006,预测中,已明说会亏,预告,2023年度业绩预告（首亏）,False,True
2024-01-31 00:00:00,000008,预测中,已明说会亏,预告,2023年度业绩预告（减亏）,False,True
2024-01-31 00:00:00,000010,预测中,已明说会亏,预告,2023年度业绩预告（续亏）,True,True
2024-01-31 00:00:00,000016,预测中,已明说会亏,预告,2023年度业绩预告（增亏）,False,True
2024-01-31 00:00:00,000017,预测中,已明说不会亏,预告,2023年度业绩预告（扭亏）,False,True
2024-01-31 00:00:00,000031,预测中,已明说会亏,预告,2023年度业绩预告（减亏）,False,True
2024-01-31 00:00:00,000039,预测中,已明说不会亏,预告,2023年度业绩预告（预减）,False,True
2024-01-31 00:00:00,000042,预测中,已明说会亏,预告,2023年度业绩预告（首亏）,False,True
2024-01-31 00:00:00,000050,预测中,已明说会亏,预告,2023年度业绩预告（首亏）,True,True
2024-01-31 00:00:00,000056,预测中,已明说会亏,预告,2023年度业绩预告（续亏）,True,True
2024-01-31 00:00:00,000059,预测中,已明说不会亏,预告,2023年度业绩预告（预减）,False,True
2024-01-31 00:00:00,000061,预测中,已明说不会亏,预告,2023年度业绩预告（预增）,False,True
2024-01-31 00:00:00,000062,预测中,已明说不会亏,预告,2023年度业绩预告（预减）,False,True
2024-01-31 00:00:00,000518,预测中,已明说会亏,预告,2023年度业绩预告（增亏）,True,True
2024-01-31 00:00:00,000066,预测中,已明说会亏,预告,2023年度业绩预告（首亏）,True,True
2024-01-31 00:00:00,000078,预测中,已明说会亏,预告,2023年度业绩预告（增亏）,False,True
2024-01-31 00:00:00,000096,预测中,已明说不会亏,预告,2023年度业绩预告（预增）,False,True
2024-01-31 00:00:00,000156,预测中,已明说不会亏,预告,2023年度业绩预告（略减）,False,True
2024-01-31 00:00:00,000158,预测中,已明说会亏,预告,2023年度业绩预告（减亏）,False,True
2024-01-31 00:00:00,000159,预测中,已明说不会亏,预告,2023年度业绩预告（预减）,False,True
2024-01-31 00:00:00,000401,预测中,已明说会亏,预告,2023年度业绩预告（首亏）,False,True
2024-01-31 00:00:00,000402,预测中,已明说会亏,预告,2023年度业绩预告（首亏）,False,True
2024-01-31 00:00:00,000415,预测中,已明说不会亏,预告,2023年度业绩预告（扭亏）,False,True
2024-01-31 00:00:00,000420,预测中,已明说不会亏,预告,2023年度业绩预告（扭亏）,False,True
2024-01-31 00:00:00,000430,预测中,已明说会亏,预告,2023年度业绩预告（减亏）,True,True
2024-01-31 00:00:00,000488,预测中,已明说会亏,预告,2023年度业绩预告（首亏）,False,True
2024-01-31 00:00:00,000506,预测中,已明说不会亏,预告,2023年度业绩预告（预减）,True,True
2024-01-31 00:00:00,000509,预测中,已明说不会亏,预告,2023年度业绩预告（扭亏）,False,True
2024-01-31 00:00:00,000069,预测中,已明说会亏,预告,2023年度业绩预告（减亏）,False,True
2024-01-31 00:00:00,002426,预测中,已明说会亏,预告,2023年度业绩预告（增亏）,True,True
2024-01-31 00:00:00,000659,预测中,已明说会亏,预告,2023年度业绩预告（减亏）,False,True
2024-01-31 00:00:00,000679,预测中,已明说会亏,预告,2023年度业绩预告（减亏）,True,True
2024-01-31 00:00:00,000838,预测中,已明说会亏,预告,2023年度业绩预告（续亏）,False,True
2024-01-31 00:00:00,000839,预测中,已明说会亏,预告,2023年度业绩预告（减亏）,True,True
2024-01-31 00:00:00,000850,预测中,已明说不会亏,预告,2023年度业绩预告（扭亏）,False,True
2024-01-31 00:00:00,000856,预测中,已明说不会亏,预告,2023年度业绩预告（预增）,False,True
2024-01-31 00:00:00,000876,预测中,已明说不会亏,预告,2023年度业绩预告（扭亏）,False,True
2024-01-31 00:00:00,000881,预测中,已明说会亏,预告,2023年度业绩预告（首亏）,False,True
2024-01-31 00:00:00,000882,预测中,已明说不会亏,预告,2023年度业绩预告（扭亏）,False,True
2024-01-31 00:00:00,000886,预测中,已明说不会亏,预告,2023年度业绩预告（预减）,False,True
2024-01-31 00:00:00,000887,预测中,已明说不会亏,预告,2023年度业绩预告（略增）,False,True
2024-01-31 00:00:00,000888,预测中,已明说不会亏,预告,2023年度业绩预告（扭亏）,False,True
2024-01-31 00:00:00,000889,预测中,已明说会亏,预告,2023年度业绩预告（增亏）,True,True
2024-01-31 00:00:00,000890,预测中,已明说不会亏,预告,2023年度业绩预告（扭亏）,True,True
2024-01-31 00:00:00,000892,预测中,已明说会亏,预告,2023年度业绩预告（首亏）,True,True
2024-01-31 00:00:00,000837,预测中,已明说不会亏,预告,2023年度业绩预告（预减）,False,True
2024-01-31 00:00:00,000898,预测中,已明说会亏,预告,2023年度业绩预告（首亏）,False,True
2024-01-31 00:00:00,000909,预测中,已明说会亏,预告,2023年度业绩预告（续亏）,False,True
2024-01-31 00:00:00,000921,预测中,已明说不会亏,预告,2023年度业绩预告（预增）,False,True
2024-01-31 00:00:00,000923,预测中,已明说不会亏,预告,2023年度业绩预告（预增）,False,True
2024-01-31 00:00:00,000930,预测中,已明说会亏,预告,2023年度业绩预告（首亏）,False,True
2024-01-31 00:00:00,000935,预测中,已明说不会亏,预告,2023年度业绩预告（略增）,False,True
2024-01-31 00:00:00,000955,预测中,已明说会亏,预告,2023年度业绩预告（减亏）,False,True
2024-01-31 00:00:00,000968,预测中,已明说不会亏,预告,2023年度业绩预告（略减）,False,True
2024-01-31 00:00:00,000970,预测中,已明说不会亏,预告,2023年度业绩预告（预减）,False,True
2024-01-31 00:00:00,000981,预测中,已明说会亏,预告,2023年度业绩预告（增亏）,True,True
2024-01-31 00:00:00,000995,预测中,已明说会亏,预告,2023年度业绩预告（首亏）,False,True
2024-01-31 00:00:00,001201,预测中,已明说会亏,预告,2023年度业绩预告（首亏）,True,True
2024-01-31 00:00:00,001209,预测中,已明说不会亏,预告,2023年度业绩预告（扭亏）,False,True
2024-01-31 00:00:00,001211,预测中,已明说会亏,预告,2023年度业绩预告（减亏）,False,True
2024-01-31 00:00:00,000901,预测中,已明说会亏,预告,2023年度业绩预告（首亏）,False,True
2024-01-31 00:00:00,000676,预测中,已明说不会亏,预告,2023年度业绩预告（扭亏）,False,True
2024-01-31 00:00:00,000829,预测中,已明说不会亏,预告,2023年度业绩预告（略减）,False,True
2024-01-31 00:00:00,000825,预测中,已明说会亏,预告,2023年度业绩预告（首亏）,False,True
2024-01-31 00:00:00,000681,预测中,已明说不会亏,预告,2023年度业绩预告（预增）,False,True
2024-01-31 00:00:00,000688,预测中,已明说不会亏,预告,2023年度业绩预告（预减）,False,True
2024-01-31 00:00:00,000692,预测中,已明说不会亏,预告,2023年度业绩预告（扭亏）,False,True
2024-01-31 00:00:00,000695,预测中,已明说会亏,预告,2023年度业绩预告（增亏）,True,True
2024-01-31 00:00:00,000698,预测中,已明说会亏,预告,2023年度业绩预告（减亏）,False,True
2024-01-31 00:00:00,000701,预测中,已明说会亏,预告,2023年度业绩预告（首亏）,False,True
2024-01-31 00:00:00,000702,预测中,已明说会亏,预告,2023年度业绩预告（续亏）,False,True
2024-01-31 00:00:00,000703,预测中,已明说不会亏,预告,2023年度业绩预告（扭亏）,False,True
2024-01-31 00:00:00,000710,预测中,已明说会亏,预告,2023年度业绩预告（增亏）,True,True
2024-01-31 00:00:00,000711,预测中,已明说不会亏,预告,2023年度业绩预告（扭亏）,False,True
2024-01-31 00:00:00,000712,预测中,已明说会亏,预告,2023年度业绩预告（续亏）,False,True
2024-01-31 00:00:00,000720,预测中,已明说会亏,预告,2023年度业绩预告（减亏）,True,True
2024-01-31 00:00:00,000723,预测中,已明说不会亏,预告,2023年度业绩预告（预减）,False,True
2024-01-31 00:00:00,000826,预测中,已明说会亏,预告,2023年度业绩预告（增亏）,True,True
2024-01-31 00:00:00,000725,预测中,已明说不会亏,预告,2023年度业绩预告（预减）,False,True
2024-01-31 00:00:00,000727,预测中,已明说不会亏,预告,2023年度业绩预告（预增）,False,True
2024-01-31 00:00:00,000735,预测中,已明说会亏,预告,2023年度业绩预告（首亏）,False,True
2024-01-31 00:00:00,000752,预测中,已明说会亏,预告,2023年度业绩预告（减亏）,False,True
2024-01-31 00:00:00,000761,预测中,已明说会亏,预告,2023年度业绩预告（增亏）,False,True
2024-01-31 00:00:00,000793,预测中,已明说会亏,预告,2023年度业绩预告（增亏）,False,True
2024-01-31 00:00:00,000795,预测中,已明说不会亏,预告,2023年度业绩预告（预减）,False,True
2024-01-31 00:00:00,000796,预测中,已明说不会亏,预告,2023年度业绩预告（扭亏）,True,True
2024-01-31 00:00:00,000798,预测中,已明说会亏,预告,2023年度业绩预告（首亏）,False,True
2024-01-31 00:00:00,000802,预测中,已明说会亏,预告,2023年度业绩预告（增亏）,True,True
2024-01-31 00:00:00,000803,预测中,已明说不会亏,预告,2023年度业绩预告（预减）,False,True
2024-01-31 00:00:00,000813,预测中,已明说不会亏,预告,2023年度业绩预告（扭亏）,True,True
2024-01-31 00:00:00,000815,预测中,已明说会亏,预告,2023年度业绩预告（减亏）,False,True
2024-01-31 00:00:00,000816,预测中,已明说会亏,预告,2023年度业绩预告（增亏）,False,True
2024-01-31 00:00:00,000726,预测中,已明说不会亏,预告,2023年度业绩预告（预减）,False,True
2024-01-31 00:00:00,002427,预测中,已明说会亏,预告,2023年度业绩预告（首亏）,False,True
2024-01-31 00:00:00,002354,预测中,已明说会亏,预告,2023年度业绩预告（增亏）,False,True
2024-01-31 00:00:00,003026,预测中,已明说会亏,预告,2023年度业绩预告（首亏）,False,True
2024-01-31 00:00:00,003027,预测中,已明说不会亏,预告,2023年度业绩预告（预减）,False,True
2024-01-31 00:00:00,003029,预测中,已明说会亏,预告,2023年度业绩预告（增亏）,False,True
2024-01-31 00:00:00,003042,预测中,已明说会亏,预告,2023年度业绩预告（首亏）,False,True
2024-01-31 00:00:00,003011,预测中,已明说不会亏,预告,2023年度业绩预告（预减）,False,True
2024-01-31 00:00:00,300004,预测中,已明说会亏,预告,2023年度业绩预告（首亏）,False,True
2024-01-31 00:00:00,300009,预测中,已明说不会亏,预告,2023年度业绩预告（略增）,False,True
2024-01-31 00:00:00,300021,预测中,已明说不会亏,预告,2023年度业绩预告（预减）,False,True
2024-01-31 00:00:00,300032,预测中,已明说会亏,预告,2023年度业绩预告（首亏）,False,True
2024-01-31 00:00:00,300035,预测中,已明说不会亏,预告,2023年度业绩预告（预减）,True,True
2024-01-31 00:00:00,300037,预测中,已明说不会亏,预告,2023年度业绩预告（略减）,False,True
2024-01-31 00:00:00,300051,预测中,已明说会亏,预告,2023年度业绩预告（增亏）,False,True
2024-01-31 00:00:00,300055,预测中,已明说会亏,预告,2023年度业绩预告（首亏）,False,True
2024-01-31 00:00:00,300056,预测中,已明说会亏,预告,2023年度业绩预告（增亏）,True,True
2024-01-31 00:00:00,300057,预测中,已明说会亏,预告,2023年度业绩预告（首亏）,False,True
2024-01-31 00:00:00,300068,预测中,已明说不会亏,预告,2023年度业绩预告（预减）,False,True
2024-01-31 00:00:00,300072,预测中,已明说会亏,预告,2023年度业绩预告（减亏）,True,True
2024-01-31 00:00:00,300084,预测中,已明说不会亏,预告,2023年度业绩预告（预增）,True,True
2024-01-31 00:00:00,300006,预测中,已明说会亏,预告,2023年度业绩预告（减亏）,True,True
2024-01-31 00:00:00,300120,预测中,已明说会亏,预告,2023年度业绩预告（首亏）,False,True
2024-01-31 00:00:00,002997,预测中,已明说不会亏,预告,2023年度业绩预告（预增）,False,True
2024-01-31 00:00:00,002992,预测中,已明说会亏,预告,2023年度业绩预告（减亏）,True,True
2024-01-31 00:00:00,002855,预测中,已明说会亏,预告,2023年度业绩预告（减亏）,True,True
2024-01-31 00:00:00,002856,预测中,已明说会亏,预告,2023年度业绩预告（续亏）,True,True
2024-01-31 00:00:00,002857,预测中,已明说不会亏,预告,2023年度业绩预告（预减）,False,True
2024-01-31 00:00:00,002862,预测中,已明说会亏,预告,2023年度业绩预告（增亏）,True,True
2024-01-31 00:00:00,002866,预测中,已明说不会亏,预告,2023年度业绩预告（预减）,False,True
2024-01-31 00:00:00,002871,预测中,已明说不会亏,预告,2023年度业绩预告（略减）,False,True
2024-01-31 00:00:00,002872,预测中,已明说会亏,预告,2023年度业绩预告（续亏）,True,True
2024-01-31 00:00:00,002875,预测中,已明说会亏,预告,2023年度业绩预告（减亏）,True,True
2024-01-31 00:00:00,002876,预测中,已明说不会亏,预告,2023年度业绩预告（预减）,False,True
2024-01-31 00:00:00,002878,预测中,已明说不会亏,预告,2023年度业绩预告（预减）,False,True
2024-01-31 00:00:00,002885,预测中,已明说不会亏,预告,2023年度业绩预告（预减）,False,True
2024-01-31 00:00:00,002886,预测中,已明说不会亏,预告,2023年度业绩预告（预减）,False,True
2024-01-31 00:00:00,002891,预测中,已明说不会亏,预告,2023年度业绩预告（预增）,False,True
2024-01-31 00:00:00,002995,预测中,已明说会亏,预告,2023年度业绩预告（首亏）,True,True
2024-01-31 00:00:00,002893,预测中,已明说不会亏,预告,2023年度业绩预告（预增）,False,True
2024-01-31 00:00:00,002907,预测中,已明说不会亏,预告,2023年度业绩预告（预减）,False,True
2024-01-31 00:00:00,002910,预测中,已明说会亏,预告,2023年度业绩预告（首亏）,False,True
2024-01-31 00:00:00,002913,预测中,已明说不会亏,预告,2023年度业绩预告（预增）,False,True
2024-01-31 00:00:00,002915,预测中,已明说会亏,预告,2023年度业绩预告（首亏）,False,True
2024-01-31 00:00:00,002923,预测中,已明说不会亏,预告,2023年度业绩预告（预减）,False,True
2024-01-31 00:00:00,002928,预测中,已明说会亏,预告,2023年度业绩预告（减亏）,True,True
2024-01-31 00:00:00,002931,预测中,已明说会亏,预告,2023年度业绩预告（首亏）,False,True
2024-01-31 00:00:00,002932,预测中,已明说不会亏,预告,2023年度业绩预告（预减）,False,True
2024-01-31 00:00:00,002428,预测中,已明说不会亏,预告,2023年度业绩预告（扭亏）,False,True
2024-01-31 00:00:00,002968,预测中,已明说不会亏,预告,2023年度业绩预告（略减）,False,True
2024-01-31 00:00:00,002975,预测中,已明说会亏,预告,2023年度业绩预告（首亏）,False,True
2024-01-31 00:00:00,002989,预测中,已明说不会亏,预告,2023年度业绩预告（预减）,False,True
2024-01-31 00:00:00,002990,预测中,已明说不会亏,预告,2023年度业绩预告（预增）,False,True
2024-01-31 00:00:00,002905,预测中,已明说不会亏,预告,2023年度业绩预告（扭亏）,False,True
2024-01-31 00:00:00,002846,预测中,已明说不会亏,预告,2023年度业绩预告（扭亏）,False,True
2024-01-31 00:00:00,300128,预测中,已明说会亏,预告,2023年度业绩预告（续亏）,True,True
2024-01-31 00:00:00,300152,预测中,已明说会亏,预告,2023年度业绩预告（减亏）,False,True
2024-01-31 00:00:00,300459,预测中,已明说会亏,预告,2023年度业绩预告（首亏）,False,True
2024-01-31 00:00:00,300464,预测中,已明说会亏,预告,2023年度业绩预告（减亏）,False,True
2024-01-31 00:00:00,300466,预测中,已明说会亏,预告,2023年度业绩预告（首亏）,False,True
2024-01-31 00:00:00,300473,预测中,已明说不会亏,预告,2023年度业绩预告（扭亏）,True,True
2024-01-31 00:00:00,300483,预测中,已明说会亏,预告,2023年度业绩预告（首亏）,False,True
2024-01-31 00:00:00,300484,预测中,已明说不会亏,预告,2023年度业绩预告（预减）,False,True
2024-01-31 00:00:00,300492,预测中,已明说会亏,预告,2023年度业绩预告（首亏）,False,True
2024-01-31 00:00:00,300498,预测中,已明说会亏,预告,2023年度业绩预告（首亏）,True,True
2024-01-31 00:00:00,300500,预测中,已明说会亏,预告,2023年度业绩预告（首亏）,False,True
2024-01-31 00:00:00,300503,预测中,已明说会亏,预告,2023年度业绩预告（首亏）,True,True
2024-01-31 00:00:00,300512,预测中,已明说不会亏,预告,2023年度业绩预告（预减）,False,True
2024-01-31 00:00:00,300517,预测中,已明说不会亏,预告,2023年度业绩预告（预减）,False,True
2024-01-31 00:00:00,300520,预测中,已明说会亏,预告,2023年度业绩预告（增亏）,False,True
2024-01-31 00:00:00,300445,预测中,已明说不会亏,预告,2023年度业绩预告（略增）,False,True
2024-01-31 00:00:00,300528,预测中,已明说会亏,预告,2023年度业绩预告（减亏）,True,True
2024-01-31 00:00:00,300550,预测中,已明说不会亏,预告,2023年度业绩预告（扭亏）,False,True
2024-01-31 00:00:00,300556,预测中,已明说不会亏,预告,2023年度业绩预告（预减）,False,True
2024-01-31 00:00:00,300576,预测中,已明说不会亏,预告,2023年度业绩预告（预增）,False,True
2024-01-31 00:00:00,300578,预测中,已明说会亏,预告,2023年度业绩预告（首亏）,False,True
2024-01-31 00:00:00,300597,预测中,已明说不会亏,预告,2023年度业绩预告（预减）,False,True
2024-01-31 00:00:00,300600,预测中,已明说会亏,预告,2023年度业绩预告（增亏）,False,True
2024-01-31 00:00:00,300605,预测中,已明说不会亏,预告,2023年度业绩预告（预减）,False,True
2024-01-31 00:00:00,300612,预测中,已明说会亏,预告,2023年度业绩预告（首亏）,False,True
2024-01-31 00:00:00,300626,预测中,已明说会亏,预告,2023年度业绩预告（首亏）,False,True
2024-01-31 00:00:00,300634,预测中,已明说不会亏,预告,2023年度业绩预告（预增）,False,True
2024-01-31 00:00:00,300637,预测中,已明说会亏,预告,2023年度业绩预告（首亏）,True,True
2024-01-31 00:00:00,300641,预测中,已明说不会亏,预告,2023年度业绩预告（预减）,False,True
2024-01-31 00:00:00,300648,预测中,已明说会亏,预告,2023年度业绩预告（首亏）,True,True
2024-01-31 00:00:00,300537,预测中,已明说不会亏,预告,2023年度业绩预告（扭亏）,False,True
2024-01-31 00:00:00,300151,预测中,已明说不会亏,预告,2023年度业绩预告（预减）,False,True
2024-01-31 00:00:00,300444,预测中,已明说不会亏,预告,2023年度业绩预告（扭亏）,False,True
2024-01-31 00:00:00,300175,预测中,已明说会亏,预告,2023年度业绩预告（增亏）,False,True
2024-01-31 00:00:00,300177,预测中,已明说会亏,预告,2023年度业绩预告（增亏）,True,True
2024-01-31 00:00:00,300184,预测中,已明说不会亏,预告,2023年度业绩预告（预减）,False,True
2024-01-31 00:00:00,300188,预测中,已明说会亏,预告,2023年度业绩预告（首亏）,False,True
2024-01-31 00:00:00,300190,预测中,已明说会亏,预告,2023年度业绩预告（减亏）,False,True
2024-01-31 00:00:00,300197,预测中,已明说会亏,预告,2023年度业绩预告（增亏）,False,True
2024-01-31 00:00:00,300199,预测中,已明说会亏,预告,2023年度业绩预告（增亏）,False,True
2024-01-31 00:00:00,300220,预测中,已明说会亏,预告,2023年度业绩预告（减亏）,True,True
2024-01-31 00:00:00,300244,预测中,已明说不会亏,预告,2023年度业绩预告（预减）,False,True
2024-01-31 00:00:00,300249,预测中,已明说会亏,预告,2023年度业绩预告（增亏）,True,True
2024-01-31 00:00:00,300255,预测中,已明说会亏,预告,2023年度业绩预告（首亏）,True,True
2024-01-31 00:00:00,300264,预测中,已明说会亏,预告,2023年度业绩预告（减亏）,True,True
2024-01-31 00:00:00,300265,预测中,已明说不会亏,预告,2023年度业绩预告（预增）,False,True
2024-01-31 00:00:00,300433,预测中,已明说不会亏,预告,2023年度业绩预告（略增）,False,True
2024-01-31 00:00:00,300266,预测中,已明说会亏,预告,2023年度业绩预告（增亏）,True,True
2024-01-31 00:00:00,300287,预测中,已明说会亏,预告,2023年度业绩预告（减亏）,True,True
2024-01-31 00:00:00,300291,预测中,已明说会亏,预告,2023年度业绩预告（首亏）,True,True
2024-01-31 00:00:00,300295,预测中,已明说会亏,预告,2023年度业绩预告（首亏）,False,True
2024-01-31 00:00:00,300299,预测中,已明说不会亏,预告,2023年度业绩预告（预减）,False,True
2024-01-31 00:00:00,300301,预测中,已明说会亏,预告,2023年度业绩预告（减亏）,True,True
2024-01-31 00:00:00,300313,预测中,已明说会亏,预告,2023年度业绩预告（减亏）,True,True
2024-01-31 00:00:00,300318,预测中,已明说会亏,预告,2023年度业绩预告（减亏）,False,True
2024-01-31 00:00:00,300323,预测中,已明说会亏,预告,2023年度业绩预告（增亏）,True,True
2024-01-31 00:00:00,300343,预测中,已明说不会亏,预告,2023年度业绩预告（预减）,False,True
2024-01-31 00:00:00,300345,预测中,已明说会亏,预告,2023年度业绩预告（增亏）,False,True
2024-01-31 00:00:00,300350,预测中,已明说不会亏,预告,2023年度业绩预告（扭亏）,True,True
2024-01-31 00:00:00,300385,预测中,已明说会亏,预告,2023年度业绩预告（减亏）,False,True
2024-01-31 00:00:00,300390,预测中,已明说不会亏,预告,2023年度业绩预告（预减）,False,True
2024-01-31 00:00:00,300276,预测中,已明说不会亏,预告,2023年度业绩预告（扭亏）,False,True
2024-01-31 00:00:00,002842,预测中,已明说会亏,预告,2023年度业绩预告（增亏）,False,True
2024-01-31 00:00:00,002950,预测中,已明说不会亏,预告,2023年度业绩预告（预减）,False,True
2024-01-31 00:00:00,002829,预测中,已明说不会亏,预告,2023年度业绩预告（预减）,False,True
2024-01-31 00:00:00,002556,预测中,已明说不会亏,预告,2023年度业绩预告（预减）,False,True
2024-01-31 00:00:00,002562,预测中,已明说会亏,预告,2023年度业绩预告（首亏）,False,True
2024-01-31 00:00:00,002564,预测中,已明说不会亏,预告,2023年度业绩预告（扭亏）,True,True
2024-01-31 00:00:00,002565,预测中,已明说不会亏,预告,2023年度业绩预告（扭亏）,False,True
2024-01-31 00:00:00,002840,预测中,已明说会亏,预告,2023年度业绩预告（首亏）,False,True
2024-01-31 00:00:00,002569,预测中,已明说会亏,预告,2023年度业绩预告（续亏）,False,True
2024-01-31 00:00:00,002570,预测中,已明说不会亏,预告,2023年度业绩预告（扭亏）,False,True
2024-01-31 00:00:00,002571,预测中,已明说会亏,预告,2023年度业绩预告（续亏）,True,True
2024-01-31 00:00:00,002578,预测中,已明说不会亏,预告,2023年度业绩预告（预减）,False,True
2024-01-31 00:00:00,002581,预测中,已明说会亏,预告,2023年度业绩预告（增亏）,True,True
2024-01-31 00:00:00,002582,预测中,已明说会亏,预告,2023年度业绩预告（减亏）,False,True
2024-01-31 00:00:00,002584,预测中,已明说不会亏,预告,2023年度业绩预告（预减）,False,True
2024-01-31 00:00:00,002552,预测中,已明说不会亏,预告,2023年度业绩预告（预增）,False,True
2024-01-31 00:00:00,002585,预测中,已明说会亏,预告,2023年度业绩预告（首亏）,False,True
2024-01-31 00:00:00,002591,预测中,已明说会亏,预告,2023年度业绩预告（减亏）,False,True
2024-01-31 00:00:00,002596,预测中,已明说会亏,预告,2023年度业绩预告（续亏）,True,True
2024-01-31 00:00:00,002602,预测中,已明说不会亏,预告,2023年度业绩预告（扭亏）,False,True
2024-01-31 00:00:00,002607,预测中,已明说会亏,预告,2023年度业绩预告（减亏）,False,True
2024-01-31 00:00:00,002617,预测中,已明说不会亏,预告,2023年度业绩预告（扭亏）,False,True
2024-01-31 00:00:00,002620,预测中,已明说会亏,预告,2023年度业绩预告（首亏）,True,True
2024-01-31 00:00:00,002622,预测中,已明说会亏,预告,2023年度业绩预告（减亏）,False,True
2024-01-31 00:00:00,002631,预测中,已明说不会亏,预告,2023年度业绩预告（扭亏）,False,True
2024-01-31 00:00:00,002634,预测中,已明说会亏,预告,2023年度业绩预告（首亏）,False,True
2024-01-31 00:00:00,002635,预测中,已明说不会亏,预告,2023年度业绩预告（预增）,False,True
2024-01-31 00:00:00,002636,预测中,已明说会亏,预告,2023年度业绩预告（首亏）,False,True
2024-01-31 00:00:00,002637,预测中,已明说不会亏,预告,2023年度业绩预告（扭亏）,False,True
2024-01-31 00:00:00,002638,预测中,已明说会亏,预告,2023年度业绩预告（首亏）,False,True
2024-01-31 00:00:00,002589,预测中,已明说不会亏,预告,2023年度业绩预告（扭亏）,False,True
2024-01-31 00:00:00,002640,预测中,已明说会亏,预告,2023年度业绩预告（首亏）,True,True
2024-01-31 00:00:00,002548,预测中,已明说会亏,预告,2023年度业绩预告（首亏）,True,True
2024-01-31 00:00:00,002542,预测中,已明说会亏,预告,2023年度业绩预告（续亏）,True,True
2024-01-31 00:00:00,002440,预测中,已明说不会亏,预告,2023年度业绩预告（预减）,False,True
2024-01-31 00:00:00,002455,预测中,已明说会亏,预告,2023年度业绩预告（首亏）,False,True
2024-01-31 00:00:00,002457,预测中,已明说不会亏,预告,2023年度业绩预告（预减）,False,True
2024-01-31 00:00:00,002460,预测中,已明说不会亏,预告,2023年度业绩预告（预减）,False,True
2024-01-31 00:00:00,002466,预测中,已明说不会亏,预告,2023年度业绩预告（预减）,False,True
2024-01-31 00:00:00,002467,预测中,已明说会亏,预告,2023年度业绩预告（首亏）,False,True
2024-01-31 00:00:00,002470,预测中,已明说会亏,预告,2023年度业绩预告（续亏）,True,True
2024-01-31 00:00:00,002474,预测中,已明说会亏,预告,2023年度业绩预告（首亏）,True,True
2024-01-31 00:00:00,002476,预测中,已明说不会亏,预告,2023年度业绩预告（预减）,False,True
2024-01-31 00:00:00,002480,预测中,已明说会亏,预告,2023年度业绩预告（减亏）,True,True
2024-01-31 00:00:00,002481,预测中,已明说不会亏,预告,2023年度业绩预告（扭亏）,True,True
2024-01-31 00:00:00,002482,预测中,已明说不会亏,预告,2023年度业绩预告（扭亏）,True,True
2024-01-31 00:00:00,002485,预测中,已明说会亏,预告,2023年度业绩预告（减亏）,False,True
2024-01-31 00:00:00,002547,预测中,已明说会亏,预告,2023年度业绩预告（增亏）,True,True
2024-01-31 00:00:00,002489,预测中,已明说不会亏,预告,2023年度业绩预告（预减）,False,True
2024-01-31 00:00:00,002491,预测中,已明说不会亏,预告,2023年度业绩预告（预增）,False,True
2024-01-31 00:00:00,002494,预测中,已明说会亏,预告,2023年度业绩预告（减亏）,True,True
2024-01-31 00:00:00,002495,预测中,已明说会亏,预告,2023年度业绩预告（减亏）,False,True
2024-01-31 00:00:00,002497,预测中,已明说不会亏,预告,2023年度业绩预告（预减）,False,True
2024-01-31 00:00:00,002501,预测中,已明说会亏,预告,2023年度业绩预告（减亏）,True,True
2024-01-31 00:00:00,002506,预测中,已明说不会亏,预告,2023年度业绩预告（预增）,False,True
2024-01-31 00:00:00,002512,预测中,已明说会亏,预告,2023年度业绩预告（减亏）,False,True
2024-01-31 00:00:00,002513,预测中,已明说会亏,预告,2023年度业绩预告（续亏）,True,True
2024-01-31 00:00:00,002527,预测中,已明说会亏,预告,2023年度业绩预告（减亏）,False,True
2024-01-31 00:00:00,002528,预测中,已明说会亏,预告,2023年度业绩预告（减亏）,True,True
2024-01-31 00:00:00,002530,预测中,已明说会亏,预告,2023年度业绩预告（减亏）,False,True
2024-01-31 00:00:00,002534,预测中,已明说不会亏,预告,2023年度业绩预告（预减）,False,True
2024-01-31 00:00:00,002490,预测中,已明说会亏,预告,2023年度业绩预告（续亏）,True,True
2024-01-31 00:00:00,002642,预测中,已明说会亏,预告,2023年度业绩预告（首亏）,False,True
2024-01-31 00:00:00,002567,预测中,已明说会亏,预告,2023年度业绩预告（首亏）,False,True
2024-01-31 00:00:00,002647,预测中,已明说会亏,预告,2023年度业绩预告（增亏）,True,True
2024-01-31 00:00:00,002746,预测中,已明说不会亏,预告,2023年度业绩预告（预增）,False,True
2024-01-31 00:00:00,002748,预测中,已明说不会亏,预告,2023年度业绩预告（预减）,False,True
2024-01-31 00:00:00,002753,预测中,已明说不会亏,预告,2023年度业绩预告（预增）,False,True
2024-01-31 00:00:00,002755,预测中,已明说会亏,预告,2023年度业绩预告（减亏）,True,True
2024-01-31 00:00:00,002759,预测中,已明说不会亏,预告,2023年度业绩预告（预减）,False,True
2024-01-31 00:00:00,002761,预测中,已明说不会亏,预告,2023年度业绩预告（预减）,False,True
2024-01-31 00:00:00,002769,预测中,已明说会亏,预告,2023年度业绩预告（续亏）,True,True
2024-01-31 00:00:00,002771,预测中,已明说会亏,预告,2023年度业绩预告（首亏）,False,True
2024-01-31 00:00:00,002775,预测中,已明说会亏,预告,2023年度业绩预告（减亏）,True,True
2024-01-31 00:00:00,002778,预测中,已明说会亏,预告,2023年度业绩预告（增亏）,False,True
2024-01-31 00:00:00,002779,预测中,已明说不会亏,预告,2023年度业绩预告（预增）,False,True
2024-01-31 00:00:00,002780,预测中,已明说不会亏,预告,2023年度业绩预告（扭亏）,False,True
2024-01-31 00:00:00,002785,预测中,已明说会亏,预告,2023年度业绩预告（增亏）,True,True
2024-01-31 00:00:00,002742,预测中,已明说会亏,预告,2023年度业绩预告（增亏）,True,True
2024-01-31 00:00:00,002786,预测中,已明说不会亏,预告,2023年度业绩预告（扭亏）,True,True
2024-01-31 00:00:00,002793,预测中,已明说会亏,预告,2023年度业绩预告（减亏）,True,True
2024-01-31 00:00:00,002795,预测中,已明说会亏,预告,2023年度业绩预告（增亏）,False,True
2024-01-31 00:00:00,002796,预测中,已明说会亏,预告,2023年度业绩预告（减亏）,False,True
2024-01-31 00:00:00,002798,预测中,已明说会亏,预告,2023年度业绩预告（减亏）,True,True
2024-01-31 00:00:00,002799,预测中,已明说会亏,预告,2023年度业绩预告（首亏）,False,True
2024-01-31 00:00:00,002800,预测中,已明说会亏,预告,2023年度业绩预告（首亏）,False,True
2024-01-31 00:00:00,002805,预测中,已明说会亏,预告,2023年度业绩预告（首亏）,False,True
2024-01-31 00:00:00,002645,预测中,已明说会亏,预告,2023年度业绩预告（首亏）,False,True
2024-01-31 00:00:00,002816,预测中,已明说会亏,预告,2023年度业绩预告（减亏）,True,True
2024-01-31 00:00:00,002822,预测中,已明说会亏,预告,2023年度业绩预告（首亏）,True,True
2024-01-31 00:00:00,002823,预测中,已明说不会亏,预告,2023年度业绩预告（预增）,False,True
2024-01-31 00:00:00,002828,预测中,已明说不会亏,预告,2023年度业绩预告（扭亏）,False,True
2024-01-31 00:00:00,002789,预测中,已明说会亏,预告,2023年度业绩预告（首亏）,False,True
2024-01-31 00:00:00,002741,预测中,已明说会亏,预告,2023年度业绩预告（首亏）,False,True
2024-01-31 00:00:00,002811,预测中,已明说会亏,预告,2023年度业绩预告（减亏）,False,True
2024-01-31 00:00:00,002734,预测中,已明说不会亏,预告,2023年度业绩预告（预减）,False,True
2024-01-31 00:00:00,002739,预测中,已明说不会亏,预告,2023年度业绩预告（扭亏）,False,True
2024-01-31 00:00:00,002650,预测中,已明说会亏,预告,2023年度业绩预告（增亏）,False,True
2024-01-31 00:00:00,002654,预测中,已明说不会亏,预告,2023年度业绩预告（扭亏）,True,True
2024-01-31 00:00:00,002656,预测中,已明说会亏,预告,2023年度业绩预告（增亏）,True,True
2024-01-31 00:00:00,002659,预测中,已明说会亏,预告,2023年度业绩预告（减亏）,True,True
2024-01-31 00:00:00,002670,预测中,已明说会亏,预告,2023年度业绩预告（减亏）,False,True
2024-01-31 00:00:00,002678,预测中,已明说不会亏,预告,2023年度业绩预告（预减）,False,True
2024-01-31 00:00:00,002682,预测中,已明说会亏,预告,2023年度业绩预告（增亏）,True,True
2024-01-31 00:00:00,002685,预测中,已明说会亏,预告,2023年度业绩预告（增亏）,False,True
2024-01-31 00:00:00,002691,预测中,已明说会亏,预告,2023年度业绩预告（首亏）,False,True
2024-01-31 00:00:00,002693,预测中,已明说会亏,预告,2023年度业绩预告（首亏）,False,True
2024-01-31 00:00:00,002694,预测中,已明说不会亏,预告,2023年度业绩预告（扭亏）,True,True
2024-01-31 00:00:00,002698,预测中,已明说不会亏,预告,2023年度业绩预告（略增）,False,True
2024-01-31 00:00:00,002707,预测中,已明说不会亏,预告,2023年度业绩预告（扭亏）,True,True
2024-01-31 00:00:00,002702,预测中,已明说不会亏,预告,2023年度业绩预告（预减）,False,True
2024-01-31 00:00:00,002731,预测中,已明说不会亏,预告,2023年度业绩预告（预增）,False,True
2024-01-31 00:00:00,002726,预测中,已明说会亏,预告,2023年度业绩预告（首亏）,False,True
2024-01-31 00:00:00,002725,预测中,已明说会亏,预告,2023年度业绩预告（首亏）,True,True
2024-01-31 00:00:00,002724,预测中,已明说不会亏,预告,2023年度业绩预告（预减）,False,True
2024-01-31 00:00:00,002721,预测中,已明说不会亏,预告,2023年度业绩预告（扭亏）,False,True
2024-01-31 00:00:00,002729,预测中,已明说不会亏,预告,2023年度业绩预告（预减）,False,True
2024-01-31 00:00:00,002717,预测中,已明说会亏,预告,2023年度业绩预告（减亏）,True,True
2024-01-31 00:00:00,002716,预测中,已明说会亏,预告,2023年度业绩预告（减亏）,False,True
2024-01-31 00:00:00,002714,预测中,已明说会亏,预告,2023年度业绩预告（首亏）,False,True
2024-01-31 00:00:00,002712,预测中,已明说会亏,预告,2023年度业绩预告（减亏）,True,True
2024-01-31 00:00:00,002709,预测中,已明说不会亏,预告,2023年度业绩预告（预减）,False,True
2024-01-31 00:00:00,002708,预测中,已明说会亏,预告,2023年度业绩预告（减亏）,True,True
2024-01-31 00:00:00,002719,预测中,已明说会亏,预告,2023年度业绩预告（减亏）,True,True
2024-02-01 00:00:00,600876,预测中,已明说不会亏,预告,2023年度业绩预告（略减）,False,True
2024-02-01 00:00:00,002943,预测中,已明说不会亏,预告,2023年度业绩预告（略增）,False,True
2024-02-01 00:00:00,002388,预测中,已明说会亏,预告,2023年度业绩预告（首亏）,False,True
2024-02-01 00:00:00,002310,预测中,已明说会亏,预告,2023年度业绩预告（减亏）,True,True
2024-02-01 00:00:00,000963,预测中,已明说不会亏,预告,2023年度业绩预告（略增）,False,True
2024-02-01 00:00:00,000656,预测中,已明说会亏,预告,2023年度业绩预告（减亏）,False,True
2024-02-01 00:00:00,002438,预测中,已明说不会亏,预告,2023年度业绩预告（略增）,False,True
2024-02-02 00:00:00,000155,预测中,已明说不会亏,预告,2023年度业绩预告（续盈）,False,True
2024-02-02 00:00:00,300793,预测中,已明说不会亏,预告,2023年度业绩预告（略减）,False,True
2024-02-05 00:00:00,300800,预测中,已明说不会亏,预告,2023年度业绩预告（略减）,False,True
2024-02-05 00:00:00,300014,预测中,已明说不会亏,预告,2023年度业绩预告（略增）,False,True
2024-02-06 00:00:00,300430,预测中,已明说不会亏,预告,2023年度业绩预告（略增）,False,True
2024-02-21 00:00:00,300105,预测中,已明说不会亏,预告,2023年度业绩预告（预增）,False,True
2024-02-24 00:00:00,002493,预测中,已修订·不变,修正,2023年度业绩预告修正公告,False,True
2024-02-24 00:00:00,688136,预测中,已明说会亏,预告,2023年度业绩预告（增亏）,False,True
2024-02-24 00:00:00,688485,预测中,已明说不会亏,预告,2023年度业绩预告（预减）,False,True
2024-02-24 00:00:00,002190,预测中,已修订·不变,修正,2023年度业绩预告修正公告,False,True
2024-02-26 00:00:00,688237,预测中,已明说会亏,预告,2023年度业绩预告（首亏）,False,True
2024-02-29 00:00:00,301022,预测中,已明说不会亏,预告,2023年度业绩预告（预减）,False,True
2024-03-04 00:00:00,600060,预测中,已明说不会亏,预告,2023年度业绩预告（略增）,False,True
2024-03-08 17:53:13,301051,预测中,已修订,修正,2023年度业绩预告修正公告,True,True
2024-03-09 00:00:00,600234,预测中,已明说会亏,预告,2023年度业绩预告（增亏）,True,True
2024-03-15 00:00:00,603680,预测中,已明说不会亏,预告,2023年度业绩预告（略增）,False,True
2024-03-15 00:00:00,002431,预测中,已修订·好→更好,修正,2023年度业绩预告修正公告,True,True
2024-03-16 00:00:00,600868,预测中,已明说会亏,预告,2023年度业绩预告（首亏）,False,True
2024-03-18 21:04:28,300479,预测中,已修订,修正,2023年度业绩预告修正公告,False,True
2024-03-19 00:00:00,300398,预测中,已明说不会亏,预告,2023年度业绩预告（预减）,False,True
2024-03-19 00:00:00,002945,预测中,已修订·不变,修正,2023年度业绩预告修正公告,False,True
2024-03-19 00:00:00,600615,预测中,已明说不会亏,预告,2023年度业绩预告（扭亏）,True,True
2024-03-20 00:00:00,600533,预测中,已明说会亏,预告,2023年度业绩预告（首亏）,False,True
2024-03-20 00:00:00,300354,预测中,已修订,修正,2023年度业绩预告修正公告,False,True
2024-03-22 19:06:24,300010,预测中,已修订,修正,关于2023年度业绩预告修正公告,False,True
2024-03-25 19:56:27,300096,预测中,已修订,修正,2023年度业绩预告修正公告,True,True
2024-03-26 00:00:00,301079,预测中,已修订,修正,2023年度业绩预告修正公告,False,True
2024-03-26 00:00:00,600165,预测中,已明说会亏,预告,2023年度业绩预告（增亏）,True,True
2024-03-27 18:40:28,300571,预测中,已修订,修正,2023年度业绩预告修正公告,False,True
2024-03-28 00:00:00,600080,预测中,已明说会亏,预告,2023年度业绩预告（首亏）,False,True
2024-03-29 17:18:32,300656,预测中,已修订,修正,2023年度业绩预告修正公告,False,True
2024-03-30 00:00:00,002161,预测中,已修订·不变,修正,2024-008远望谷-2023年度业绩预告修正公告,False,True
2024-04-01 18:08:21,301357,预测中,已修订,修正,2023年度业绩预告修正公告,False,True
2024-04-02 00:00:00,600228,预测中,已明说不会亏,预告,2023年度业绩预告（预减）,False,True
2024-04-03 00:00:00,002168,预测中,已修订·不变,修正,2023年度业绩预告修正公告,True,True
2024-04-03 20:06:24,300689,预测中,已修订,修正,2023年度业绩预告修正公告,False,True
2024-04-08 19:22:20,300582,预测中,已修订,修正,2023年度业绩预告修正公告,False,True
2024-04-09 00:00:00,002181,预测中,已修订,修正,2023年度业绩预告修正公告,False,True
2024-04-09 18:39:18,300166,预测中,已修订,修正,2023年度业绩预告修正公告,False,True
2024-04-10 00:00:00,300871,预测中,已明说不会亏,预告,2023年度业绩预告（预减）,False,True
2024-04-10 00:00:00,301040,预测中,已修订,修正,2023年度业绩预告修正公告,False,True
2024-04-10 00:00:00,600545,预测中,已明说不会亏,预告,2023年度业绩预告（扭亏）,True,True
2024-04-10 21:48:22,300125,预测中,已修订,修正,2023年度业绩预告修正公告,False,True
2024-04-11 00:00:00,000809,预测中,已修订·不变,修正,2024-010-2023年度业绩预告修正公告,True,True
2024-04-12 00:00:00,002663,预测中,已修订·不变,修正,2023年度业绩预告修正公告,False,True
2024-04-13 00:00:00,002229,预测中,已修订·不变,修正,2023年度业绩预告修正公告,False,True
2024-04-13 00:00:00,002437,预测中,已修订,修正,2023年度业绩快报暨2023年度业绩预告修正公告,False,True
2024-04-13 00:00:00,603665,预测中,已明说会亏,预告,2023年度业绩预告（首亏）,False,True
2024-04-16 00:00:00,301168,预测中,已修订·不变,修正,2023年度业绩预告修正公告,False,True
2024-04-16 00:00:00,002309,预测中,已修订·好→更好,修正,2023年度业绩预告修正公告,True,True
2024-04-16 19:53:17,300506,预测中,已修订,修正,2023年度业绩预告修正公告,True,True
2024-04-17 16:52:30,300155,预测中,已修订,修正,2023年度业绩预告修正公告,False,True
2024-04-18 00:00:00,002573,预测中,已明说不会亏,预告,2023年度业绩预告（预减）,False,True
2024-04-18 17:32:26,300438,预测中,已修订,修正,2023年度业绩预告修正公告,False,True
2024-04-19 00:00:00,688031,预测中,已明说会亏,预告,2023年度业绩预告（增亏）,False,True
2024-04-19 00:00:00,301123,预测中,已明说不会亏,预告,2023年度业绩预告（预减）,False,True
2024-04-19 15:59:12,300094,预测中,已修订,修正,2023年度业绩预告修正公告,False,True
2024-04-19 17:38:20,300730,预测中,已修订,修正,2023年度业绩预告修正公告,False,True
2024-04-19 20:23:15,300409,预测中,已修订,修正,2023年度业绩预告修正公告,False,True
2024-04-19 21:27:15,301100,预测中,已修订,修正,营口风光新材料股份有限公司2023年度业绩预告修正公告,False,True
2024-04-20 00:00:00,000717,预测中,已修订,修正,2023年度业绩预告修正公告,False,True
2024-04-20 00:00:00,002169,预测中,已明说会亏,预告,2023年度业绩预告（首亏）,False,True
2024-04-20 00:00:00,002269,预测中,已修订·不变,修正,2023年度业绩预告修正公告,True,True
2024-04-22 00:00:00,603580,预测中,已明说不会亏,预告,2023年度业绩预告（扭亏）,False,True
2024-04-22 16:44:30,300614,预测中,已修订,修正,2023年度业绩预告修正公告,False,True
2024-04-22 18:33:14,300513,预测中,已修订,修正,2023年度业绩预告修正公告,False,True
2024-04-22 18:49:16,300594,预测中,已修订,修正,山东朗进科技股份有限公司2023年度业绩预告修正公告,False,True
2024-04-22 19:39:08,300490,预测中,已修订,修正,2023年度业绩预告修正公告,False,True
2024-04-23 00:00:00,300071,预测中,已修订·不变,修正,2023年度业绩预告修正及致歉公告,True,True
2024-04-23 00:00:00,002330,预测中,已修订·坏→更坏,修正,2023年度业绩预告修正公告,False,True
2024-04-23 00:00:00,002689,预测中,已修订·不变,修正,2023年度业绩预告修正公告,False,True
2024-04-23 00:00:00,603272,预测中,已明说会亏,预告,2023年度业绩预告（首亏）,False,True
2024-04-23 00:00:00,300167,预测中,已修订·不变,修正,2023年度业绩预告修正公告,True,True
2024-04-23 00:00:00,000668,预测中,已修订·不变,修正,荣丰控股集团2023年度业绩预告修正公告,False,True
2024-04-23 17:07:04,300209,预测中,已修订,修正,2023年度业绩预告修正公告,True,True
2024-04-23 18:41:20,300635,预测中,已修订,修正,2023年度业绩预告修正公告,False,True
2024-04-24 00:00:00,002529,预测中,已修订·不变,修正,2023年度业绩预告修正公告,True,True
2024-04-24 00:00:00,603557,预测中,已明说会亏,预告,2023年度业绩预告（增亏）,True,True
2024-04-24 16:49:11,300163,预测中,已修订,修正,2023年度业绩预告修正公告,False,True
2024-04-25 00:00:00,002514,预测中,已修订,修正,2023年度业绩预告修正公告,False,True
2024-04-25 00:00:00,600706,预测中,已明说会亏,预告,2023年度业绩预告（减亏）,False,True
2024-04-25 19:15:26,301169,预测中,已修订,修正,2023年度业绩快报暨业绩预告修正公告,False,True
2024-04-26 00:00:00,002630,预测中,已修订·不变,修正,2023年度业绩预告修正公告,True,True
2024-04-26 00:00:00,688085,预测中,已明说不会亏,预告,2023年度业绩预告（略减）,False,True
2024-04-26 19:17:26,300572,预测中,已修订,修正,2023年度业绩预告修正公告,False,True
2024-04-27 00:00:00,002193,预测中,已明说会亏,预告,2023年度业绩预告（增亏）,True,True
2024-04-27 00:00:00,603188,预测中,已明说会亏,预告,2023年度业绩预告（减亏）,False,True
2024-04-27 00:00:00,002583,预测中,已修订,修正,2023年度业绩快报暨业绩预告修正公告,False,True
2024-04-27 00:00:00,002197,预测中,已修订,修正,2023年度业绩预告修正公告,False,True
2024-04-27 00:00:00,002520,预测中,已修订,修正,2023年度业绩预告修正公告,False,True
2024-04-27 00:00:00,000525,预测中,已修订,修正,2023年度业绩预告修正公告,True,True
2024-04-29 00:00:00,603666,预测中,已明说会亏,预告,2023年度业绩预告（减亏）,True,True
2024-04-29 00:00:00,603828,预测中,已明说会亏,预告,2023年度业绩预告（减亏）,True,True
2024-04-29 00:00:00,002196,预测中,已修订,修正,2023年度业绩预告修正公告,False,True
2024-04-30 00:00:00,600172,预测中,已明说会亏,预告,2023年度业绩预告（首亏）,True,True
2024-04-30 00:00:00,300560,预测中,已修订,修正,2023年度业绩预告修正公告,False,True
2024-04-30 00:00:00,300419,预测中,已修订,修正,2023年度业绩预告修正公告,False,True
2024-04-30 00:00:00,600338,预测中,已明说会亏,预告,2023年度业绩预告（首亏）,False,True
