date,code,from,to,kind,title,公告日,在名单,score,首次确认
2024-04-16 00:00:00,601101,预测中,已明说不会亏,预告,2024年度业绩预告（略减）,2024-04-16 00:00:00,False,0.004206,True
2024-10-26 00:00:00,002475,预测中,已明说不会亏,预告,2024年度业绩预告（略增）,2024-10-26 00:00:00,False,0.00461,True
2024-12-21 00:00:00,002444,预测中,已明说不会亏,预告,2024年度业绩预告（略增）,2024-12-21 00:00:00,False,0.015746,True
2024-12-25 00:00:00,301078,预测中,已明说不会亏,预告,2024年度业绩预告（预增）,2024-12-25 00:00:00,False,0.051175,True
2024-12-25 00:00:00,603617,预测中,已明说不会亏,预告,2024年度业绩预告（预增）,2024-12-25 00:00:00,False,0.059677,True
2025-01-03 00:00:00,002204,预测中,已明说不会亏,预告,2024年度业绩预告（略增）,2025-01-03 00:00:00,False,0.022861,True
2025-01-03 00:00:00,600519,预测中,已明说不会亏,预告,2024年度业绩预告（略增）,2025-01-03 00:00:00,False,0.001985,True
2025-01-03 00:00:00,603320,预测中,已明说不会亏,预告,2024年度业绩预告（预增）,2025-01-03 00:00:00,False,0.017447,True
2025-01-04 00:00:00,300498,预测中,已明说不会亏,预告,2024年度业绩预告（扭亏）,2025-01-04 00:00:00,False,0.266636,True
2025-01-04 00:00:00,600983,预测中,已明说不会亏,预告,2024年度业绩预告（预增）,2025-01-04 00:00:00,False,0.110301,True
2025-01-06 00:00:00,000619,预测中,已明说会亏,预告,2024年度业绩预告（增亏）,2025-01-06 00:00:00,False,0.406723,True
2025-01-06 00:00:00,688208,预测中,已明说不会亏,预告,2024年度业绩预告（预增）,2025-01-06 00:00:00,False,0.036018,True
2025-01-07 00:00:00,002643,预测中,已明说不会亏,预告,2024年度业绩预告（预减）,2025-01-07 00:00:00,False,0.010052,True
2025-01-07 00:00:00,002843,预测中,已明说不会亏,预告,2024年度业绩预告（预减）,2025-01-07 00:00:00,False,0.009859,True
2025-01-07 00:00:00,300962,预测中,已明说不会亏,预告,2024年度业绩预告（续盈）,2025-01-07 00:00:00,False,0.008663,True
2025-01-07 00:00:00,601198,预测中,已明说不会亏,预告,2024年度业绩预告（预增）,2025-01-07 00:00:00,False,0.012631,True
2025-01-08 00:00:00,002124,预测中,已明说不会亏,预告,2024年度业绩预告（扭亏）,2025-01-08 00:00:00,False,0.438621,True
2025-01-08 00:00:00,002709,预测中,已明说不会亏,预告,2024年度业绩预告（预减）,2025-01-08 00:00:00,False,0.081815,True
2025-01-08 00:00:00,300389,预测中,已明说不会亏,预告,2024年度业绩预告（预减）,2025-01-08 00:00:00,False,0.014878,True
2025-01-08 00:00:00,300708,预测中,已明说不会亏,预告,2024年度业绩预告（预增）,2025-01-08 00:00:00,False,0.055535,True
2025-01-08 00:00:00,600096,预测中,已明说不会亏,预告,2024年度业绩预告（略增）,2025-01-08 00:00:00,False,0.00682,True
2025-01-08 00:00:00,600435,预测中,已明说不会亏,预告,2024年度业绩预告（预减）,2025-01-08 00:00:00,False,0.068578,True
2025-01-09 00:00:00,002258,预测中,已明说不会亏,预告,2024年度业绩预告（预减）,2025-01-09 00:00:00,False,0.049669,True
2025-01-09 00:00:00,002714,预测中,已明说不会亏,预告,2024年度业绩预告（扭亏）,2025-01-09 00:00:00,False,0.512322,True
2025-01-09 00:00:00,300684,预测中,已明说不会亏,预告,2024年度业绩预告（预增）,2025-01-09 00:00:00,False,0.02985,True
2025-01-09 00:00:00,300711,预测中,已明说不会亏,预告,2024年度业绩预告（略增）,2025-01-09 00:00:00,False,0.018663,True
2025-01-09 00:00:00,688362,预测中,已明说不会亏,预告,2024年度业绩预告（扭亏）,2025-01-09 00:00:00,False,0.399589,True
2025-01-09 00:00:00,688768,预测中,已明说不会亏,预告,2024年度业绩预告（预增）,2025-01-09 00:00:00,False,0.357622,True
2025-01-10 00:00:00,001288,预测中,已明说不会亏,预告,2024年度业绩预告（预增）,2025-01-10 00:00:00,False,0.090393,True
2025-01-10 00:00:00,002273,预测中,已明说不会亏,预告,2024年度业绩预告（预增）,2025-01-10 00:00:00,False,0.013435,True
2025-01-10 00:00:00,002311,预测中,已明说不会亏,预告,2024年度业绩预告（预增）,2025-01-10 00:00:00,False,0.014469,True
2025-01-10 00:00:00,002437,预测中,已明说不会亏,预告,2024年度业绩预告（预增）,2025-01-10 00:00:00,False,0.05112,True
2025-01-10 00:00:00,002534,预测中,已明说不会亏,预告,2024年度业绩预告（预增）,2025-01-10 00:00:00,False,0.115586,True
2025-01-10 00:00:00,300415,预测中,已明说不会亏,预告,2024年度业绩预告（略增）,2025-01-10 00:00:00,False,0.007168,True
2025-01-10 00:00:00,300627,预测中,已明说不会亏,预告,2024年度业绩预告（略增）,2025-01-10 00:00:00,False,0.011529,True
2025-01-10 00:00:00,600026,预测中,已明说不会亏,预告,2024年度业绩预告（略增）,2025-01-10 00:00:00,False,0.004025,True
2025-01-10 00:00:00,600135,预测中,已明说会亏,预告,2024年度业绩预告（增亏）,2025-01-10 00:00:00,False,0.417562,True
2025-01-10 00:00:00,601798,预测中,已明说会亏,预告,2024年度业绩预告（减亏）,2025-01-10 00:00:00,False,0.382698,True
2025-01-11 00:00:00,000591,预测中,已明说不会亏,预告,2024年度业绩预告（略减）,2025-01-11 00:00:00,False,0.123373,True
2025-01-11 00:00:00,000633,预测中,已明说不会亏,预告,2024年度业绩预告（预增）,2025-01-11 00:00:00,False,0.108457,True
2025-01-11 00:00:00,000950,预测中,已明说不会亏,预告,2024年度业绩预告（预减）,2025-01-11 00:00:00,False,0.094411,True
2025-01-11 00:00:00,002641,预测中,已明说不会亏,预告,2024年度业绩预告（预减）,2025-01-11 00:00:00,False,0.036819,True
2025-01-11 00:00:00,002659,预测中,已明说会亏,预告,2024年度业绩预告（减亏）,2025-01-11 00:00:00,True,0.672853,True
2025-01-11 00:00:00,002901,预测中,已明说不会亏,预告,2024年度业绩预告（预增）,2025-01-11 00:00:00,False,0.059609,True
2025-01-11 00:00:00,300503,预测中,已明说不会亏,预告,2024年度业绩预告（扭亏）,2025-01-11 00:00:00,False,0.093444,True
2025-01-11 00:00:00,600195,预测中,已明说不会亏,预告,2024年度业绩预告（预减）,2025-01-11 00:00:00,False,0.038771,True
2025-01-11 00:00:00,600501,预测中,已明说会亏,预告,2024年度业绩预告（首亏）,2025-01-11 00:00:00,False,0.641974,True
2025-01-11 00:00:00,600664,预测中,已明说不会亏,预告,2024年度业绩预告（预增）,2025-01-11 00:00:00,False,0.009715,True
2025-01-11 00:00:00,600857,预测中,已明说会亏,预告,2024年度业绩预告（首亏）,2025-01-11 00:00:00,False,0.156335,True
2025-01-11 00:00:00,601238,预测中,已明说不会亏,预告,2024年度业绩预告（预减）,2025-01-11 00:00:00,False,0.042576,True
2025-01-11 00:00:00,601919,预测中,已明说不会亏,预告,2024年度业绩预告（预增）,2025-01-11 00:00:00,False,0.002961,True
2025-01-11 00:00:00,688709,预测中,已明说不会亏,预告,2024年度业绩预告（预减）,2025-01-11 00:00:00,False,0.009913,True
2025-01-13 00:00:00,300292,预测中,已明说不会亏,预告,2024年度业绩预告（预增）,2025-01-13 00:00:00,False,0.152717,True
2025-01-13 00:00:00,300401,预测中,已明说不会亏,预告,2024年度业绩预告（预增）,2025-01-13 00:00:00,False,0.039827,True
2025-01-13 00:00:00,300641,预测中,已明说不会亏,预告,2024年度业绩预告（预增）,2025-01-13 00:00:00,False,0.051849,True
2025-01-13 00:00:00,300729,预测中,已明说不会亏,预告,2024年度业绩预告（预减）,2025-01-13 00:00:00,False,0.024722,True
2025-01-13 00:00:00,300871,预测中,已明说会亏,预告,2024年度业绩预告（首亏）,2025-01-13 00:00:00,False,0.657502,True
2025-01-13 00:00:00,300893,预测中,已明说不会亏,预告,2024年度业绩预告（预增）,2025-01-13 00:00:00,False,0.008781,True
2025-01-13 00:00:00,300950,预测中,已明说不会亏,预告,2024年度业绩预告（预增）,2025-01-13 00:00:00,False,0.018099,True
2025-01-14 00:00:00,002171,预测中,已明说不会亏,预告,2024年度业绩预告（预减）,2025-01-14 00:00:00,False,0.019251,True
2025-01-14 00:00:00,002176,预测中,已明说会亏,预告,2024年度业绩预告（减亏）,2025-01-14 00:00:00,False,0.56738,True
2025-01-14 00:00:00,002207,预测中,已明说会亏,预告,2024年度业绩预告（减亏）,2025-01-14 00:00:00,True,0.664058,True
2025-01-14 00:00:00,002299,预测中,已明说不会亏,预告,2024年度业绩预告（略增）,2025-01-14 00:00:00,False,0.073959,True
2025-01-14 00:00:00,002371,预测中,已明说不会亏,预告,2024年度业绩预告（预增）,2025-01-14 00:00:00,False,0.00224,True
2025-01-14 00:00:00,002468,预测中,已明说不会亏,预告,2024年度业绩预告（预增）,2025-01-14 00:00:00,False,0.016011,True
2025-01-14 00:00:00,002657,预测中,已明说会亏,预告,2024年度业绩预告（减亏）,2025-01-14 00:00:00,False,0.646841,True
2025-01-14 00:00:00,002918,预测中,已明说不会亏,预告,2024年度业绩预告（预减）,2025-01-14 00:00:00,False,0.103276,True
2025-01-14 00:00:00,002969,预测中,已明说不会亏,预告,2024年度业绩预告（略增）,2025-01-14 00:00:00,False,0.012139,True
2025-01-14 00:00:00,300001,预测中,已明说不会亏,预告,2024年度业绩预告（预增）,2025-01-14 00:00:00,False,0.033803,True
2025-01-14 00:00:00,300100,预测中,已明说不会亏,预告,2024年度业绩预告（预增）,2025-01-14 00:00:00,False,0.066641,True
2025-01-14 00:00:00,300342,预测中,已明说不会亏,预告,2024年度业绩预告（预增）,2025-01-14 00:00:00,False,0.156992,True
2025-01-14 00:00:00,300563,预测中,已明说不会亏,预告,2024年度业绩预告（预增）,2025-01-14 00:00:00,False,0.013416,True
2025-01-14 00:00:00,300736,预测中,已明说会亏,预告,2024年度业绩预告（减亏）,2025-01-14 00:00:00,True,0.686951,True
2025-01-14 00:00:00,301100,预测中,已明说会亏,预告,2024年度业绩预告（首亏）,2025-01-14 00:00:00,False,0.633105,True
2025-01-14 00:00:00,301103,预测中,已明说会亏,预告,2024年度业绩预告（首亏）,2025-01-14 00:00:00,False,0.359451,True
2025-01-14 00:00:00,301187,预测中,已明说不会亏,预告,2024年度业绩预告（预增）,2025-01-14 00:00:00,False,0.022228,True
2025-01-14 00:00:00,301459,预测中,已明说不会亏,预告,2024年度业绩预告（略增）,2025-01-14 00:00:00,False,0.002292,True
2025-01-14 00:00:00,600446,预测中,已明说会亏,预告,2024年度业绩预告（首亏）,2025-01-14 00:00:00,False,0.114131,True
2025-01-14 00:00:00,600589,预测中,已明说会亏,预告,2024年度业绩预告（首亏）,2025-01-14 00:00:00,False,0.213965,True
2025-01-14 00:00:00,603530,预测中,已明说不会亏,预告,2024年度业绩预告（预增）,2025-01-14 00:00:00,False,0.005442,True
2025-01-14 00:00:00,603918,预测中,已明说会亏,预告,2024年度业绩预告（首亏）,2025-01-14 00:00:00,False,0.539862,True
2025-01-14 00:00:00,603978,预测中,已明说会亏,预告,2024年度业绩预告（增亏）,2025-01-14 00:00:00,True,0.724917,True
2025-01-14 00:00:00,605003,预测中,已明说不会亏,预告,2024年度业绩预告（预减）,2025-01-14 00:00:00,False,0.005349,True
2025-01-14 00:00:00,605222,预测中,已明说不会亏,预告,2024年度业绩预告（预减）,2025-01-14 00:00:00,False,0.061941,True
2025-01-14 00:00:00,688041,预测中,已明说不会亏,预告,2024年度业绩预告（预增）,2025-01-14 00:00:00,False,0.010497,True
2025-01-14 00:00:00,688596,预测中,已明说不会亏,预告,2024年度业绩预告（略增）,2025-01-14 00:00:00,False,0.026981,True
2025-01-14 00:00:00,688662,预测中,已明说不会亏,预告,2024年度业绩预告（扭亏）,2025-01-14 00:00:00,False,0.025106,True
2025-01-15 00:00:00,000707,预测中,已明说不会亏,预告,2024年度业绩预告（预减）,2025-01-15 00:00:00,False,0.007505,True
2025-01-15 00:00:00,000791,预测中,已明说不会亏,预告,2024年度业绩预告（略增）,2025-01-15 00:00:00,False,0.021459,True
2025-01-15 00:00:00,001206,预测中,已明说不会亏,预告,2024年度业绩预告（预增）,2025-01-15 00:00:00,False,0.010195,True
2025-01-15 00:00:00,002009,预测中,已明说会亏,预告,2024年度业绩预告（减亏）,2025-01-15 00:00:00,False,0.230432,True
2025-01-15 00:00:00,002053,预测中,已明说不会亏,预告,2024年度业绩预告（略增）,2025-01-15 00:00:00,False,0.025745,True
2025-01-15 00:00:00,002215,预测中,已明说不会亏,预告,2024年度业绩预告（预增）,2025-01-15 00:00:00,False,0.009777,True
2025-01-15 00:00:00,002221,预测中,已明说不会亏,预告,2024年度业绩预告（预增）,2025-01-15 00:00:00,False,0.072398,True
2025-01-15 00:00:00,002515,预测中,已明说不会亏,预告,2024年度业绩预告（预增）,2025-01-15 00:00:00,False,0.029878,True
2025-01-15 00:00:00,002528,预测中,已明说会亏,预告,2024年度业绩预告（减亏）,2025-01-15 00:00:00,True,0.743591,True
2025-01-15 00:00:00,002556,预测中,已明说不会亏,预告,2024年度业绩预告（预增）,2025-01-15 00:00:00,False,0.097509,True
2025-01-15 00:00:00,002718,预测中,已明说会亏,预告,2024年度业绩预告（首亏）,2025-01-15 00:00:00,False,0.20423,True
2025-01-15 00:00:00,002942,预测中,已明说不会亏,预告,2024年度业绩预告（扭亏）,2025-01-15 00:00:00,False,0.123545,True
2025-01-15 00:00:00,002967,预测中,已明说不会亏,预告,2024年度业绩预告（预增）,2025-01-15 00:00:00,False,0.053407,True
2025-01-15 00:00:00,002970,预测中,已明说不会亏,预告,2024年度业绩预告（预增）,2025-01-15 00:00:00,False,0.015172,True
2025-01-15 00:00:00,003008,预测中,已明说不会亏,预告,2024年度业绩预告（略增）,2025-01-15 00:00:00,False,0.006802,True
2025-01-15 00:00:00,003025,预测中,已明说不会亏,预告,2024年度业绩预告（预增）,2025-01-15 00:00:00,False,0.002659,True
2025-01-15 00:00:00,300054,预测中,已明说不会亏,预告,2024年度业绩预告（预增）,2025-01-15 00:00:00,False,0.025151,True
2025-01-15 00:00:00,300078,预测中,已明说会亏,预告,2024年度业绩预告（减亏）,2025-01-15 00:00:00,True,0.803847,True
2025-01-15 00:00:00,300147,预测中,已明说会亏,预告,2024年度业绩预告（增亏）,2025-01-15 00:00:00,True,0.833521,True
2025-01-15 00:00:00,300204,预测中,已明说会亏,预告,2024年度业绩预告（减亏）,2025-01-15 00:00:00,True,0.738655,True
2025-01-15 00:00:00,300317,预测中,已明说会亏,预告,2024年度业绩预告（首亏）,2025-01-15 00:00:00,True,0.80186,True
2025-01-15 00:00:00,300446,预测中,已明说不会亏,预告,2024年度业绩预告（预增）,2025-01-15 00:00:00,False,0.008443,True
2025-01-15 00:00:00,300505,预测中,已明说不会亏,预告,2024年度业绩预告（扭亏）,2025-01-15 00:00:00,False,0.053905,True
2025-01-15 00:00:00,300533,预测中,已明说会亏,预告,2024年度业绩预告（首亏）,2025-01-15 00:00:00,False,0.533671,True
2025-01-15 00:00:00,300628,预测中,已明说不会亏,预告,2024年度业绩预告（略增）,2025-01-15 00:00:00,False,0.002266,True
2025-01-15 00:00:00,300790,预测中,已明说不会亏,预告,2024年度业绩预告（预增）,2025-01-15 00:00:00,False,0.088213,True
2025-01-15 00:00:00,300836,预测中,已明说不会亏,预告,2024年度业绩预告（扭亏）,2025-01-15 00:00:00,False,0.155643,True
2025-01-15 00:00:00,300905,预测中,已明说不会亏,预告,2024年度业绩预告（略增）,2025-01-15 00:00:00,False,0.032722,True
2025-01-15 00:00:00,301000,预测中,已明说不会亏,预告,2024年度业绩预告（略增）,2025-01-15 00:00:00,False,0.004289,True
2025-01-15 00:00:00,301023,预测中,已明说不会亏,预告,2024年度业绩预告（预增）,2025-01-15 00:00:00,False,0.015889,True
2025-01-15 00:00:00,301051,预测中,已明说会亏,预告,2024年度业绩预告（首亏）,2025-01-15 00:00:00,True,0.824918,True
2025-01-15 00:00:00,301302,预测中,已明说会亏,预告,2024年度业绩预告（增亏）,2025-01-15 00:00:00,True,0.736708,True
2025-01-15 00:00:00,600059,预测中,已明说不会亏,预告,2024年度业绩预告（预减）,2025-01-15 00:00:00,False,0.018989,True
2025-01-15 00:00:00,600126,预测中,已明说会亏,预告,2024年度业绩预告（首亏）,2025-01-15 00:00:00,False,0.108933,True
2025-01-15 00:00:00,600313,预测中,已明说不会亏,预告,2024年度业绩预告（预减）,2025-01-15 00:00:00,False,0.025765,True
2025-01-15 00:00:00,600390,预测中,已明说不会亏,预告,2024年度业绩预告（预减）,2025-01-15 00:00:00,False,0.130823,True
2025-01-15 00:00:00,600397,预测中,已明说会亏,预告,2024年度业绩预告（增亏）,2025-01-15 00:00:00,True,0.832529,True
2025-01-15 00:00:00,600419,预测中,已明说不会亏,预告,2024年度业绩预告（预减）,2025-01-15 00:00:00,False,0.105047,True
2025-01-15 00:00:00,600423,预测中,已明说不会亏,预告,2024年度业绩预告（预减）,2025-01-15 00:00:00,False,0.036389,True
2025-01-15 00:00:00,600537,预测中,已明说会亏,预告,2024年度业绩预告（首亏）,2025-01-15 00:00:00,True,0.793434,True
2025-01-15 00:00:00,600740,预测中,已明说不会亏,预告,2024年度业绩预告（预减）,2025-01-15 00:00:00,False,0.115277,True
2025-01-15 00:00:00,600929,预测中,已明说不会亏,预告,2024年度业绩预告（预减）,2025-01-15 00:00:00,False,0.006003,True
2025-01-15 00:00:00,600962,预测中,已明说不会亏,预告,2024年度业绩预告（预减）,2025-01-15 00:00:00,False,0.167261,True
2025-01-15 00:00:00,601519,预测中,已明说会亏,预告,2024年度业绩预告（首亏）,2025-01-15 00:00:00,False,0.262435,True
2025-01-15 00:00:00,601633,预测中,已明说不会亏,预告,2024年度业绩预告（预增）,2025-01-15 00:00:00,False,0.006748,True
2025-01-15 00:00:00,601933,预测中,已明说会亏,预告,2024年度业绩预告（增亏）,2025-01-15 00:00:00,False,0.343548,True
2025-01-15 00:00:00,603031,预测中,已明说不会亏,预告,2024年度业绩预告（预增）,2025-01-15 00:00:00,False,0.006357,True
2025-01-15 00:00:00,603268,预测中,已明说会亏,预告,2024年度业绩预告（减亏）,2025-01-15 00:00:00,True,0.78769,True
2025-01-15 00:00:00,603688,预测中,已明说不会亏,预告,2024年度业绩预告（预减）,2025-01-15 00:00:00,False,0.005096,True
2025-01-15 00:00:00,603712,预测中,已明说会亏,预告,2024年度业绩预告（首亏）,2025-01-15 00:00:00,False,0.140903,True
2025-01-15 00:00:00,688012,预测中,已明说不会亏,预告,2024年度业绩预告（略减）,2025-01-15 00:00:00,False,0.010099,True
2025-01-15 00:00:00,688068,预测中,已明说会亏,预告,2024年度业绩预告（首亏）,2025-01-15 00:00:00,False,0.370015,True
2025-01-15 00:00:00,688256,预测中,已明说会亏,预告,2024年度业绩预告（减亏）,2025-01-15 00:00:00,True,0.859169,True
2025-01-15 00:00:00,688636,预测中,已明说不会亏,预告,2024年度业绩预告（预减）,2025-01-15 00:00:00,False,0.451406,True
2025-01-16 00:00:00,000066,预测中,已明说会亏,预告,2024年度业绩预告（增亏）,2025-01-16 00:00:00,False,0.452957,True
2025-01-16 00:00:00,000156,预测中,已明说不会亏,预告,2024年度业绩预告（略减）,2025-01-16 00:00:00,False,0.023889,True
2025-01-16 00:00:00,000713,预测中,已明说不会亏,预告,2024年度业绩预告（预增）,2025-01-16 00:00:00,False,0.245538,True
2025-01-16 00:00:00,000729,预测中,已明说不会亏,预告,2024年度业绩预告（预增）,2025-01-16 00:00:00,False,0.020883,True
2025-01-16 00:00:00,000930,预测中,已明说不会亏,预告,2024年度业绩预告（扭亏）,2025-01-16 00:00:00,False,0.2629,True
2025-01-16 00:00:00,000969,预测中,已明说不会亏,预告,2024年度业绩预告（预增）,2025-01-16 00:00:00,False,0.011067,True
2025-01-16 00:00:00,000975,预测中,已明说不会亏,预告,2024年度业绩预告（预增）,2025-01-16 00:00:00,False,0.004787,True
2025-01-16 00:00:00,001225,预测中,已明说不会亏,预告,2024年度业绩预告（预减）,2025-01-16 00:00:00,False,0.008023,True
2025-01-16 00:00:00,001332,预测中,已明说不会亏,预告,2024年度业绩预告（预增）,2025-01-16 00:00:00,False,0.011568,True
2025-01-16 00:00:00,001338,预测中,已明说不会亏,预告,2024年度业绩预告（预增）,2025-01-16 00:00:00,False,0.022549,True
2025-01-16 00:00:00,002080,预测中,已明说不会亏,预告,2024年度业绩预告（预减）,2025-01-16 00:00:00,False,0.00842,True
2025-01-16 00:00:00,002082,预测中,已明说不会亏,预告,2024年度业绩预告（预增）,2025-01-16 00:00:00,False,0.281261,True
2025-01-16 00:00:00,002110,预测中,已明说会亏,预告,2024年度业绩预告（增亏）,2025-01-16 00:00:00,False,0.310399,True
2025-01-16 00:00:00,002151,预测中,已明说会亏,预告,2024年度业绩预告（首亏）,2025-01-16 00:00:00,False,0.621308,True
2025-01-16 00:00:00,002165,预测中,已明说不会亏,预告,2024年度业绩预告（预增）,2025-01-16 00:00:00,False,0.102735,True
2025-01-16 00:00:00,002212,预测中,已明说不会亏,预告,2024年度业绩预告（扭亏）,2025-01-16 00:00:00,False,0.53157,True
2025-01-16 00:00:00,002238,预测中,已明说会亏,预告,2024年度业绩预告（首亏）,2025-01-16 00:00:00,False,0.055838,True
2025-01-16 00:00:00,002286,预测中,已明说不会亏,预告,2024年度业绩预告（预增）,2025-01-16 00:00:00,False,0.175583,True
2025-01-16 00:00:00,002474,预测中,已明说会亏,预告,2024年度业绩预告（减亏）,2025-01-16 00:00:00,False,0.592485,True
2025-01-16 00:00:00,002719,预测中,已明说会亏,预告,2024年度业绩预告（增亏）,2025-01-16 00:00:00,True,0.912691,True
2025-01-16 00:00:00,002767,预测中,已明说不会亏,预告,2024年度业绩预告（预增）,2025-01-16 00:00:00,False,0.08721,True
2025-01-16 00:00:00,003027,预测中,已明说不会亏,预告,2024年度业绩预告（预增）,2025-01-16 00:00:00,False,0.310023,True
2025-01-16 00:00:00,300035,预测中,已明说不会亏,预告,2024年度业绩预告（预增）,2025-01-16 00:00:00,False,0.192641,True
2025-01-16 00:00:00,300073,预测中,已明说不会亏,预告,2024年度业绩预告（预减）,2025-01-16 00:00:00,False,0.050275,True
2025-01-16 00:00:00,300515,预测中,已明说不会亏,预告,2024年度业绩预告（预增）,2025-01-16 00:00:00,False,0.01256,True
2025-01-16 00:00:00,300607,预测中,已明说会亏,预告,2024年度业绩预告（首亏）,2025-01-16 00:00:00,False,0.125693,True
2025-01-16 00:00:00,300911,预测中,已明说不会亏,预告,2024年度业绩预告（预减）,2025-01-16 00:00:00,False,0.016903,True
2025-01-16 00:00:00,300926,预测中,已明说不会亏,预告,2024年度业绩预告（预增）,2025-01-16 00:00:00,False,0.013272,True
2025-01-16 00:00:00,300966,预测中,已明说会亏,预告,2024年度业绩预告（首亏）,2025-01-16 00:00:00,False,0.285258,True
2025-01-16 00:00:00,301060,预测中,已明说会亏,预告,2024年度业绩预告（续亏）,2025-01-16 00:00:00,True,0.722173,True
2025-01-16 00:00:00,301080,预测中,已明说不会亏,预告,2024年度业绩预告（略减）,2025-01-16 00:00:00,False,0.037816,True
2025-01-16 00:00:00,301085,预测中,已明说不会亏,预告,2024年度业绩预告（预减）,2025-01-16 00:00:00,False,0.068417,True
2025-01-16 00:00:00,301201,预测中,已明说会亏,预告,2024年度业绩预告（首亏）,2025-01-16 00:00:00,False,0.096034,True
2025-01-16 00:00:00,600076,预测中,已明说会亏,预告,2024年度业绩预告（减亏）,2025-01-16 00:00:00,False,0.513287,True
2025-01-16 00:00:00,600303,预测中,已明说会亏,预告,2024年度业绩预告（减亏）,2025-01-16 00:00:00,True,0.830611,True
2025-01-16 00:00:00,600333,预测中,已明说会亏,预告,2024年度业绩预告（减亏）,2025-01-16 00:00:00,False,0.618204,True
2025-01-16 00:00:00,600358,预测中,已明说会亏,预告,2024年度业绩预告（增亏）,2025-01-16 00:00:00,True,0.693567,True
2025-01-16 00:00:00,600493,预测中,已明说不会亏,预告,2024年度业绩预告（预减）,2025-01-16 00:00:00,False,0.122382,True
2025-01-16 00:00:00,600581,预测中,已明说会亏,预告,2024年度业绩预告（增亏）,2025-01-16 00:00:00,True,0.659004,True
2025-01-16 00:00:00,600620,预测中,已明说不会亏,预告,2024年度业绩预告（预增）,2025-01-16 00:00:00,False,0.351084,True
2025-01-16 00:00:00,600744,预测中,已明说会亏,预告,2024年度业绩预告（减亏）,2025-01-16 00:00:00,False,0.237674,True
2025-01-16 00:00:00,600756,预测中,已明说不会亏,预告,2024年度业绩预告（预减）,2025-01-16 00:00:00,False,0.275012,True
2025-01-16 00:00:00,600768,预测中,已明说不会亏,预告,2024年度业绩预告（预减）,2025-01-16 00:00:00,False,0.121026,True
2025-01-16 00:00:00,600798,预测中,已明说不会亏,预告,2024年度业绩预告（预减）,2025-01-16 00:00:00,False,0.097984,True
2025-01-16 00:00:00,600802,预测中,已明说会亏,预告,2024年度业绩预告（减亏）,2025-01-16 00:00:00,False,0.478492,True
2025-01-16 00:00:00,600889,预测中,已明说会亏,预告,2024年度业绩预告（增亏）,2025-01-16 00:00:00,False,0.638104,True
2025-01-16 00:00:00,601086,预测中,已明说不会亏,预告,2024年度业绩预告（预减）,2025-01-16 00:00:00,False,0.023551,True
2025-01-16 00:00:00,603012,预测中,已明说不会亏,预告,2024年度业绩预告（预减）,2025-01-16 00:00:00,False,0.025434,True
2025-01-16 00:00:00,603196,预测中,已明说会亏,预告,2024年度业绩预告（首亏）,2025-01-16 00:00:00,True,0.770405,True
2025-01-16 00:00:00,603206,预测中,已明说不会亏,预告,2024年度业绩预告（预减）,2025-01-16 00:00:00,False,0.076612,True
2025-01-16 00:00:00,603356,预测中,已明说会亏,预告,2024年度业绩预告（续亏）,2025-01-16 00:00:00,False,0.540919,True
2025-01-16 00:00:00,603392,预测中,已明说不会亏,预告,2024年度业绩预告（预减）,2025-01-16 00:00:00,False,0.114664,True
2025-01-16 00:00:00,603421,预测中,已明说会亏,预告,2024年度业绩预告（首亏）,2025-01-16 00:00:00,False,0.175971,True
2025-01-16 00:00:00,603722,预测中,已明说会亏,预告,2024年度业绩预告（首亏）,2025-01-16 00:00:00,False,0.119236,True
2025-01-16 00:00:00,605336,预测中,已明说不会亏,预告,2024年度业绩预告（预减）,2025-01-16 00:00:00,False,0.011298,True
2025-01-16 00:00:00,688018,预测中,已明说不会亏,预告,2024年度业绩预告（预增）,2025-01-16 00:00:00,False,0.008304,True
2025-01-16 00:00:00,688038,预测中,已明说会亏,预告,2024年度业绩预告（减亏）,2025-01-16 00:00:00,True,0.698932,True
2025-01-16 00:00:00,688087,预测中,已明说不会亏,预告,2024年度业绩预告（预增）,2025-01-16 00:00:00,False,0.025672,True
2025-01-16 00:00:00,688088,预测中,已明说不会亏,预告,2024年度业绩预告（预增）,2025-01-16 00:00:00,False,0.074218,True
2025-01-16 00:00:00,688172,预测中,已明说会亏,预告,2024年度业绩预告（首亏）,2025-01-16 00:00:00,False,0.125001,True
2025-01-16 00:00:00,688196,预测中,已明说不会亏,预告,2024年度业绩预告（预增）,2025-01-16 00:00:00,False,0.166266,True
2025-01-16 00:00:00,688278,预测中,已明说不会亏,预告,2024年度业绩预告（预增）,2025-01-16 00:00:00,False,0.016299,True
2025-01-16 00:00:00,688368,预测中,已明说会亏,预告,2024年度业绩预告（减亏）,2025-01-16 00:00:00,False,0.341909,True
2025-01-16 00:00:00,688426,预测中,已明说会亏,预告,2024年度业绩预告（增亏）,2025-01-16 00:00:00,True,0.896413,True
2025-01-16 00:00:00,688469,预测中,已明说会亏,预告,2024年度业绩预告（减亏）,2025-01-16 00:00:00,False,0.294989,True
2025-01-17 00:00:00,000530,预测中,已明说不会亏,预告,2024年度业绩预告（预增）,2025-01-17 00:00:00,False,0.220428,True
2025-01-17 00:00:00,000657,预测中,已明说不会亏,预告,2024年度业绩预告（略增）,2025-01-17 00:00:00,False,0.012288,True
2025-01-17 00:00:00,000782,预测中,已明说会亏,预告,2024年度业绩预告（减亏）,2025-01-17 00:00:00,False,0.419761,True
2025-01-17 00:00:00,000877,预测中,已明说会亏,预告,2024年度业绩预告（首亏）,2025-01-17 00:00:00,False,0.165335,True
2025-01-17 00:00:00,001322,预测中,已明说不会亏,预告,2024年度业绩预告（预减）,2025-01-17 00:00:00,False,0.212087,True
2025-01-17 00:00:00,002093,预测中,已明说不会亏,预告,2024年度业绩预告（预增）,2025-01-17 00:00:00,False,0.097132,True
2025-01-17 00:00:00,002250,预测中,已明说不会亏,预告,2024年度业绩预告（扭亏）,2025-01-17 00:00:00,False,0.449731,True
2025-01-17 00:00:00,002370,预测中,已明说不会亏,预告,2024年度业绩预告（扭亏）,2025-01-17 00:00:00,True,0.751856,True
2025-01-17 00:00:00,002455,预测中,已明说不会亏,预告,2024年度业绩预告（扭亏）,2025-01-17 00:00:00,False,0.13232,True
2025-01-17 00:00:00,002538,预测中,已明说不会亏,预告,2024年度业绩预告（预增）,2025-01-17 00:00:00,False,0.203975,True
2025-01-17 00:00:00,002579,预测中,已明说会亏,预告,2024年度业绩预告（减亏）,2025-01-17 00:00:00,True,0.677394,True
2025-01-17 00:00:00,002676,预测中,已明说不会亏,预告,2024年度业绩预告（预增）,2025-01-17 00:00:00,False,0.074148,True
2025-01-17 00:00:00,002729,预测中,已明说不会亏,预告,2024年度业绩预告（预增）,2025-01-17 00:00:00,False,0.025654,True
2025-01-17 00:00:00,002787,预测中,已明说不会亏,预告,2024年度业绩预告（预增）,2025-01-17 00:00:00,False,0.07766,True
2025-01-17 00:00:00,002791,预测中,已明说不会亏,预告,2024年度业绩预告（预减）,2025-01-17 00:00:00,False,0.07773,True
2025-01-17 00:00:00,002820,预测中,已明说不会亏,预告,2024年度业绩预告（预减）,2025-01-17 00:00:00,False,0.040033,True
2025-01-17 00:00:00,002869,预测中,已明说不会亏,预告,2024年度业绩预告（预增）,2025-01-17 00:00:00,False,0.379035,True
2025-01-17 00:00:00,002877,预测中,已明说不会亏,预告,2024年度业绩预告（预减）,2025-01-17 00:00:00,False,0.053107,True
2025-01-17 00:00:00,002891,预测中,已明说不会亏,预告,2024年度业绩预告（预增）,2025-01-17 00:00:00,False,0.047441,True
2025-01-17 00:00:00,002947,预测中,已明说不会亏,预告,2024年度业绩预告（预增）,2025-01-17 00:00:00,False,0.008093,True
2025-01-17 00:00:00,002992,预测中,已明说会亏,预告,2024年度业绩预告（减亏）,2025-01-17 00:00:00,False,0.476987,True
2025-01-17 00:00:00,002997,预测中,已明说不会亏,预告,2024年度业绩预告（预增）,2025-01-17 00:00:00,False,0.00889,True
2025-01-17 00:00:00,003010,预测中,已明说不会亏,预告,2024年度业绩预告（预增）,2025-01-17 00:00:00,False,0.096557,True
2025-01-17 00:00:00,300030,预测中,已明说会亏,预告,2024年度业绩预告（增亏）,2025-01-17 00:00:00,False,0.492128,True
2025-01-17 00:00:00,300040,预测中,已明说会亏,预告,2024年度业绩预告（首亏）,2025-01-17 00:00:00,False,0.264593,True
2025-01-17 00:00:00,300061,预测中,已明说会亏,预告,2024年度业绩预告（减亏）,2025-01-17 00:00:00,True,0.710803,True
2025-01-17 00:00:00,300076,预测中,已明说会亏,预告,2024年度业绩预告（增亏）,2025-01-17 00:00:00,False,0.493453,True
2025-01-17 00:00:00,300080,预测中,已明说会亏,预告,2024年度业绩预告（首亏）,2025-01-17 00:00:00,False,0.637708,True
2025-01-17 00:00:00,300082,预测中,已明说会亏,预告,2024年度业绩预告（减亏）,2025-01-17 00:00:00,True,0.792839,True
2025-01-17 00:00:00,300112,预测中,已明说会亏,预告,2024年度业绩预告（首亏）,2025-01-17 00:00:00,False,0.1681,True
2025-01-17 00:00:00,300118,预测中,已明说会亏,预告,2024年度业绩预告（首亏）,2025-01-17 00:00:00,False,0.202987,True
2025-01-17 00:00:00,300134,预测中,已明说会亏,预告,2024年度业绩预告（增亏）,2025-01-17 00:00:00,True,0.751172,True
2025-01-17 00:00:00,300141,预测中,已明说会亏,预告,2024年度业绩预告（首亏）,2025-01-17 00:00:00,False,0.207551,True
2025-01-17 00:00:00,300158,预测中,已明说会亏,预告,2024年度业绩预告（增亏）,2025-01-17 00:00:00,False,0.307098,True
2025-01-17 00:00:00,300168,预测中,已明说会亏,预告,2024年度业绩预告（减亏）,2025-01-17 00:00:00,True,0.760217,True
2025-01-17 00:00:00,300188,预测中,已明说会亏,预告,2024年度业绩预告（增亏）,2025-01-17 00:00:00,False,0.299264,True
2025-01-17 00:00:00,300191,预测中,已明说会亏,预告,2024年度业绩预告（减亏）,2025-01-17 00:00:00,False,0.398964,True
2025-01-17 00:00:00,300214,预测中,已明说会亏,预告,2024年度业绩预告（首亏）,2025-01-17 00:00:00,False,0.467845,True
2025-01-17 00:00:00,300221,预测中,已明说不会亏,预告,2024年度业绩预告（预增）,2025-01-17 00:00:00,False,0.303883,True
2025-01-17 00:00:00,300246,预测中,已明说会亏,预告,2024年度业绩预告（续亏）,2025-01-17 00:00:00,False,0.36915,True
2025-01-17 00:00:00,300311,预测中,已明说会亏,预告,2024年度业绩预告（减亏）,2025-01-17 00:00:00,True,0.68848,True
2025-01-17 00:00:00,300394,预测中,已明说不会亏,预告,2024年度业绩预告（预增）,2025-01-17 00:00:00,False,0.003346,True
2025-01-17 00:00:00,300397,预测中,已明说会亏,预告,2024年度业绩预告（减亏）,2025-01-17 00:00:00,False,0.373522,True
2025-01-17 00:00:00,300399,预测中,已明说不会亏,预告,2024年度业绩预告（不确定）,2025-01-17 00:00:00,False,0.214407,True
2025-01-17 00:00:00,300414,预测中,已明说不会亏,预告,2024年度业绩预告（预减）,2025-01-17 00:00:00,False,0.04705,True
2025-01-17 00:00:00,300426,预测中,已明说会亏,预告,2024年度业绩预告（首亏）,2025-01-17 00:00:00,False,0.297896,True
2025-01-17 00:00:00,300429,预测中,已明说会亏,预告,2024年度业绩预告（增亏）,2025-01-17 00:00:00,False,0.116192,True
2025-01-17 00:00:00,300447,预测中,已明说不会亏,预告,2024年度业绩预告（预减）,2025-01-17 00:00:00,False,0.128134,True
2025-01-17 00:00:00,300459,预测中,已明说会亏,预告,2024年度业绩预告（减亏）,2025-01-17 00:00:00,False,0.476954,True
2025-01-17 00:00:00,300461,预测中,已明说会亏,预告,2024年度业绩预告（首亏）,2025-01-17 00:00:00,True,0.795869,True
2025-01-17 00:00:00,300474,预测中,已明说会亏,预告,2024年度业绩预告（首亏）,2025-01-17 00:00:00,False,0.269716,True
2025-01-17 00:00:00,300478,预测中,已明说会亏,预告,2024年度业绩预告（首亏）,2025-01-17 00:00:00,True,0.67581,True
2025-01-17 00:00:00,300491,预测中,已明说不会亏,预告,2024年度业绩预告（预减）,2025-01-17 00:00:00,False,0.113694,True
2025-01-17 00:00:00,300531,预测中,已明说会亏,预告,2024年度业绩预告（减亏）,2025-01-17 00:00:00,False,0.390133,True
2025-01-17 00:00:00,300559,预测中,已明说不会亏,预告,2024年度业绩预告（预减）,2025-01-17 00:00:00,False,0.014073,True
2025-01-17 00:00:00,300593,预测中,已明说会亏,预告,2024年度业绩预告（首亏）,2025-01-17 00:00:00,False,0.601677,True
2025-01-17 00:00:00,300625,预测中,已明说不会亏,预告,2024年度业绩预告（预减）,2025-01-17 00:00:00,False,0.039919,True
2025-01-17 00:00:00,300633,预测中,已明说不会亏,预告,2024年度业绩预告（预减）,2025-01-17 00:00:00,False,0.008571,True
2025-01-17 00:00:00,300659,预测中,已明说会亏,预告,2024年度业绩预告（减亏）,2025-01-17 00:00:00,True,0.724574,True
2025-01-17 00:00:00,300671,预测中,已明说会亏,预告,2024年度业绩预告（减亏）,2025-01-17 00:00:00,False,0.398185,True
2025-01-17 00:00:00,300721,预测中,已明说不会亏,预告,2024年度业绩预告（扭亏）,2025-01-17 00:00:00,False,0.173462,True
2025-01-17 00:00:00,300761,预测中,已明说不会亏,预告,2024年度业绩预告（扭亏）,2025-01-17 00:00:00,False,0.105348,True
2025-01-17 00:00:00,300765,预测中,已明说不会亏,预告,2024年度业绩预告（预减）,2025-01-17 00:00:00,False,0.033082,True
2025-01-17 00:00:00,300781,预测中,已明说会亏,预告,2024年度业绩预告（首亏）,2025-01-17 00:00:00,False,0.051467,True
2025-01-17 00:00:00,300782,预测中,已明说不会亏,预告,2024年度业绩预告（预减）,2025-01-17 00:00:00,False,0.007281,True
2025-01-17 00:00:00,300869,预测中,已明说会亏,预告,2024年度业绩预告（首亏）,2025-01-17 00:00:00,False,0.190969,True
2025-01-17 00:00:00,300878,预测中,已明说会亏,预告,2024年度业绩预告（增亏）,2025-01-17 00:00:00,False,0.165186,True
2025-01-17 00:00:00,300881,预测中,已明说不会亏,预告,2024年度业绩预告（预增）,2025-01-17 00:00:00,False,0.009226,True
2025-01-17 00:00:00,300887,预测中,已明说会亏,预告,2024年度业绩预告（首亏）,2025-01-17 00:00:00,False,0.383519,True
2025-01-17 00:00:00,300989,预测中,已明说会亏,预告,2024年度业绩预告（首亏）,2025-01-17 00:00:00,False,0.094455,True
2025-01-17 00:00:00,301110,预测中,已明说不会亏,预告,2024年度业绩预告（预增）,2025-01-17 00:00:00,False,0.095193,True
2025-01-17 00:00:00,301111,预测中,已明说不会亏,预告,2024年度业绩预告（预减）,2025-01-17 00:00:00,False,0.062703,True
2025-01-17 00:00:00,301136,预测中,已明说会亏,预告,2024年度业绩预告（首亏）,2025-01-17 00:00:00,False,0.159499,True
2025-01-17 00:00:00,301153,预测中,已明说不会亏,预告,2024年度业绩预告（预减）,2025-01-17 00:00:00,False,0.057443,True
2025-01-17 00:00:00,301163,预测中,已明说不会亏,预告,2024年度业绩预告（预减）,2025-01-17 00:00:00,False,0.029457,True
2025-01-17 00:00:00,301207,预测中,已明说不会亏,预告,2024年度业绩预告（预减）,2025-01-17 00:00:00,False,0.146454,True
2025-01-17 00:00:00,301239,预测中,已明说会亏,预告,2024年度业绩预告（首亏）,2025-01-17 00:00:00,False,0.203452,True
2025-01-17 00:00:00,301248,预测中,已明说会亏,预告,2024年度业绩预告（首亏）,2025-01-17 00:00:00,False,0.547108,True
2025-01-17 00:00:00,301258,预测中,已明说不会亏,预告,2024年度业绩预告（预减）,2025-01-17 00:00:00,False,0.100492,True
2025-01-17 00:00:00,301311,预测中,已明说不会亏,预告,2024年度业绩预告（预减）,2025-01-17 00:00:00,False,0.05319,True
2025-01-17 00:00:00,301331,预测中,已明说不会亏,预告,2024年度业绩预告（预减）,2025-01-17 00:00:00,False,0.036113,True
2025-01-17 00:00:00,301345,预测中,已明说不会亏,预告,2024年度业绩预告（预增）,2025-01-17 00:00:00,False,0.002486,True
2025-01-17 00:00:00,301383,预测中,已明说不会亏,预告,2024年度业绩预告（预增）,2025-01-17 00:00:00,False,0.011597,True
2025-01-17 00:00:00,301587,预测中,已明说不会亏,预告,2024年度业绩预告（预减）,2025-01-17 00:00:00,False,0.003265,True
2025-01-17 00:00:00,600037,预测中,已明说会亏,预告,2024年度业绩预告（减亏）,2025-01-17 00:00:00,False,0.089151,True
2025-01-17 00:00:00,600088,预测中,已明说不会亏,预告,2024年度业绩预告（预减）,2025-01-17 00:00:00,False,0.165721,True
2025-01-17 00:00:00,600097,预测中,已明说不会亏,预告,2024年度业绩预告（预减）,2025-01-17 00:00:00,False,0.053032,True
2025-01-17 00:00:00,600119,预测中,已明说会亏,预告,2024年度业绩预告（首亏）,2025-01-17 00:00:00,False,0.404511,True
2025-01-17 00:00:00,600133,预测中,已明说不会亏,预告,2024年度业绩预告（预减）,2025-01-17 00:00:00,False,0.137046,True
2025-01-17 00:00:00,600152,预测中,已明说会亏,预告,2024年度业绩预告（减亏）,2025-01-17 00:00:00,False,0.204849,True
2025-01-17 00:00:00,600173,预测中,已明说不会亏,预告,2024年度业绩预告（预减）,2025-01-17 00:00:00,False,0.054422,True
2025-01-17 00:00:00,600192,预测中,已明说会亏,预告,2024年度业绩预告（增亏）,2025-01-17 00:00:00,False,0.585453,True
2025-01-17 00:00:00,600199,预测中,已明说会亏,预告,2024年度业绩预告（增亏）,2025-01-17 00:00:00,False,0.310998,True
2025-01-17 00:00:00,600202,预测中,已明说不会亏,预告,2024年度业绩预告（预减）,2025-01-17 00:00:00,False,0.460141,True
2025-01-17 00:00:00,600203,预测中,已明说会亏,预告,2024年度业绩预告（增亏）,2025-01-17 00:00:00,False,0.627758,True
2025-01-17 00:00:00,600231,预测中,已明说会亏,预告,2024年度业绩预告（增亏）,2025-01-17 00:00:00,False,0.60817,True
2025-01-17 00:00:00,600239,预测中,已明说会亏,预告,2024年度业绩预告（减亏）,2025-01-17 00:00:00,False,0.47725,True
2025-01-17 00:00:00,600241,预测中,已明说不会亏,预告,2024年度业绩预告（预减）,2025-01-17 00:00:00,False,0.351327,True
2025-01-17 00:00:00,600257,预测中,已明说会亏,预告,2024年度业绩预告（增亏）,2025-01-17 00:00:00,False,0.427496,True
2025-01-17 00:00:00,600281,预测中,已明说会亏,预告,2024年度业绩预告（减亏）,2025-01-17 00:00:00,True,0.705834,True
2025-01-17 00:00:00,600288,预测中,已明说会亏,预告,2024年度业绩预告（首亏）,2025-01-17 00:00:00,False,0.504508,True
2025-01-17 00:00:00,600319,预测中,已明说会亏,预告,2024年度业绩预告（首亏）,2025-01-17 00:00:00,True,0.879285,True
2025-01-17 00:00:00,600328,预测中,已明说不会亏,预告,2024年度业绩预告（预减）,2025-01-17 00:00:00,False,0.03732,True
2025-01-17 00:00:00,600343,预测中,已明说会亏,预告,2024年度业绩预告（续亏）,2025-01-17 00:00:00,False,0.632311,True
2025-01-17 00:00:00,600375,预测中,已明说不会亏,预告,2024年度业绩预告（扭亏）,2025-01-17 00:00:00,False,0.272291,True
2025-01-17 00:00:00,600395,预测中,已明说不会亏,预告,2024年度业绩预告（预减）,2025-01-17 00:00:00,False,0.220515,True
2025-01-17 00:00:00,600400,预测中,已明说会亏,预告,2024年度业绩预告（首亏）,2025-01-17 00:00:00,False,0.366915,True
2025-01-17 00:00:00,600409,预测中,已明说不会亏,预告,2024年度业绩预告（略减）,2025-01-17 00:00:00,False,0.025154,True
2025-01-17 00:00:00,600503,预测中,已明说会亏,预告,2024年度业绩预告（首亏）,2025-01-17 00:00:00,False,0.243118,True
2025-01-17 00:00:00,600538,预测中,已明说会亏,预告,2024年度业绩预告（增亏）,2025-01-17 00:00:00,True,0.737326,True
2025-01-17 00:00:00,600539,预测中,已明说会亏,预告,2024年度业绩预告（减亏）,2025-01-17 00:00:00,True,0.691751,True
2025-01-17 00:00:00,600568,预测中,已明说会亏,预告,2024年度业绩预告（增亏）,2025-01-17 00:00:00,True,0.785798,True
2025-01-17 00:00:00,600616,预测中,已明说不会亏,预告,2024年度业绩预告（预减）,2025-01-17 00:00:00,False,0.455061,True
2025-01-17 00:00:00,600628,预测中,已明说不会亏,预告,2024年度业绩预告（预增）,2025-01-17 00:00:00,False,0.141237,True
2025-01-17 00:00:00,600675,预测中,已明说会亏,预告,2024年度业绩预告（首亏）,2025-01-17 00:00:00,False,0.181874,True
2025-01-17 00:00:00,600676,预测中,已明说会亏,预告,2024年度业绩预告（首亏）,2025-01-17 00:00:00,False,0.330978,True
2025-01-17 00:00:00,600719,预测中,已明说会亏,预告,2024年度业绩预告（首亏）,2025-01-17 00:00:00,False,0.095897,True
2025-01-17 00:00:00,600728,预测中,已明说会亏,预告,2024年度业绩预告（首亏）,2025-01-17 00:00:00,False,0.336027,True
2025-01-17 00:00:00,600812,预测中,已明说不会亏,预告,2024年度业绩预告（预增）,2025-01-17 00:00:00,False,0.260864,True
2025-01-17 00:00:00,600844,预测中,已明说会亏,预告,2024年度业绩预告（减亏）,2025-01-17 00:00:00,True,0.780692,True
2025-01-17 00:00:00,600855,预测中,已明说会亏,预告,2024年度业绩预告（续亏）,2025-01-17 00:00:00,False,0.502045,True
2025-01-17 00:00:00,600858,预测中,已明说不会亏,预告,2024年度业绩预告（预减）,2025-01-17 00:00:00,False,0.06455,True
2025-01-17 00:00:00,600868,预测中,已明说会亏,预告,2024年度业绩预告（减亏）,2025-01-17 00:00:00,True,0.683015,True
2025-01-17 00:00:00,600877,预测中,已明说不会亏,预告,2024年度业绩预告（预减）,2025-01-17 00:00:00,False,0.013051,True
2025-01-17 00:00:00,600969,预测中,已明说会亏,预告,2024年度业绩预告（减亏）,2025-01-17 00:00:00,False,0.447384,True
2025-01-17 00:00:00,600990,预测中,已明说会亏,预告,2024年度业绩预告（减亏）,2025-01-17 00:00:00,False,0.6236,True
2025-01-17 00:00:00,600992,预测中,已明说会亏,预告,2024年度业绩预告（首亏）,2025-01-17 00:00:00,False,0.141787,True
2025-01-17 00:00:00,601003,预测中,已明说会亏,预告,2024年度业绩预告（减亏）,2025-01-17 00:00:00,False,0.175635,True
2025-01-17 00:00:00,601012,预测中,已明说会亏,预告,2024年度业绩预告（首亏）,2025-01-17 00:00:00,False,0.168657,True
2025-01-17 00:00:00,601636,预测中,已明说不会亏,预告,2024年度业绩预告（预减）,2025-01-17 00:00:00,False,0.00671,True
2025-01-17 00:00:00,601929,预测中,已明说会亏,预告,2024年度业绩预告（减亏）,2025-01-17 00:00:00,False,0.65008,True
2025-01-17 00:00:00,603023,预测中,已明说不会亏,预告,2024年度业绩预告（扭亏）,2025-01-17 00:00:00,False,0.054547,True
2025-01-17 00:00:00,603042,预测中,已明说不会亏,预告,2024年度业绩预告（扭亏）,2025-01-17 00:00:00,False,0.357272,True
2025-01-17 00:00:00,603113,预测中,已明说会亏,预告,2024年度业绩预告（首亏）,2025-01-17 00:00:00,False,0.18395,True
2025-01-17 00:00:00,603138,预测中,已明说会亏,预告,2024年度业绩预告（减亏）,2025-01-17 00:00:00,False,0.620455,True
2025-01-17 00:00:00,603186,预测中,已明说会亏,预告,2024年度业绩预告（减亏）,2025-01-17 00:00:00,False,0.336341,True
2025-01-17 00:00:00,603191,预测中,已明说不会亏,预告,2024年度业绩预告（预减）,2025-01-17 00:00:00,False,0.024281,True
2025-01-17 00:00:00,603212,预测中,已明说会亏,预告,2024年度业绩预告（首亏）,2025-01-17 00:00:00,False,0.217006,True
2025-01-17 00:00:00,603255,预测中,已明说会亏,预告,2024年度业绩预告（首亏）,2025-01-17 00:00:00,False,0.098062,True
2025-01-17 00:00:00,603278,预测中,已明说会亏,预告,2024年度业绩预告（首亏）,2025-01-17 00:00:00,False,0.148332,True
2025-01-17 00:00:00,603330,预测中,已明说会亏,预告,2024年度业绩预告（增亏）,2025-01-17 00:00:00,False,0.161311,True
2025-01-17 00:00:00,603375,预测中,已明说不会亏,预告,2024年度业绩预告（预减）,2025-01-17 00:00:00,False,0.261894,True
2025-01-17 00:00:00,603506,预测中,已明说不会亏,预告,2024年度业绩预告（预减）,2025-01-17 00:00:00,False,0.018675,True
2025-01-17 00:00:00,603660,预测中,已明说会亏,预告,2024年度业绩预告（减亏）,2025-01-17 00:00:00,True,0.755345,True
2025-01-17 00:00:00,603669,预测中,已明说会亏,预告,2024年度业绩预告（减亏）,2025-01-17 00:00:00,True,0.818873,True
2025-01-17 00:00:00,603700,预测中,已明说不会亏,预告,2024年度业绩预告（预减）,2025-01-17 00:00:00,False,0.025593,True
2025-01-17 00:00:00,603719,预测中,已明说会亏,预告,2024年度业绩预告（首亏）,2025-01-17 00:00:00,False,0.068901,True
2025-01-17 00:00:00,603776,预测中,已明说会亏,预告,2024年度业绩预告（减亏）,2025-01-17 00:00:00,False,0.488097,True
2025-01-17 00:00:00,603777,预测中,已明说会亏,预告,2024年度业绩预告（首亏）,2025-01-17 00:00:00,False,0.078273,True
2025-01-17 00:00:00,603803,预测中,已明说会亏,预告,2024年度业绩预告（减亏）,2025-01-17 00:00:00,False,0.053989,True
2025-01-17 00:00:00,603819,预测中,已明说会亏,预告,2024年度业绩预告（首亏）,2025-01-17 00:00:00,False,0.036367,True
2025-01-17 00:00:00,603822,预测中,已明说会亏,预告,2024年度业绩预告（首亏）,2025-01-17 00:00:00,False,0.596631,True
2025-01-17 00:00:00,603843,预测中,已明说会亏,预告,2024年度业绩预告（减亏）,2025-01-17 00:00:00,True,0.716993,True
2025-01-17 00:00:00,603868,预测中,已明说不会亏,预告,2024年度业绩预告（预减）,2025-01-17 00:00:00,False,0.008802,True
2025-01-17 00:00:00,603878,预测中,已明说不会亏,预告,2024年度业绩预告（预减）,2025-01-17 00:00:00,False,0.012357,True
2025-01-17 00:00:00,603927,预测中,已明说不会亏,预告,2024年度业绩预告（预减）,2025-01-17 00:00:00,False,0.026785,True
2025-01-17 00:00:00,603969,预测中,已明说不会亏,预告,2024年度业绩预告（略增）,2025-01-17 00:00:00,False,0.017118,True
2025-01-17 00:00:00,605006,预测中,已明说会亏,预告,2024年度业绩预告（首亏）,2025-01-17 00:00:00,False,0.404129,True
2025-01-17 00:00:00,605108,预测中,已明说不会亏,预告,2024年度业绩预告（预减）,2025-01-17 00:00:00,False,0.025024,True
2025-01-17 00:00:00,605122,预测中,已明说会亏,预告,2024年度业绩预告（首亏）,2025-01-17 00:00:00,False,0.225794,True
2025-01-17 00:00:00,605136,预测中,已明说会亏,预告,2024年度业绩预告（首亏）,2025-01-17 00:00:00,False,0.542432,True
2025-01-17 00:00:00,605177,预测中,已明说会亏,预告,2024年度业绩预告（首亏）,2025-01-17 00:00:00,False,0.028096,True
2025-01-17 00:00:00,605218,预测中,已明说不会亏,预告,2024年度业绩预告（预减）,2025-01-17 00:00:00,False,0.034222,True
2025-01-17 00:00:00,605289,预测中,已明说会亏,预告,2024年度业绩预告（首亏）,2025-01-17 00:00:00,False,0.140868,True
2025-01-17 00:00:00,605358,预测中,已明说会亏,预告,2024年度业绩预告（首亏）,2025-01-17 00:00:00,False,0.494593,True
2025-01-17 00:00:00,605366,预测中,已明说会亏,预告,2024年度业绩预告（首亏）,2025-01-17 00:00:00,False,0.140237,True
2025-01-17 00:00:00,605398,预测中,已明说不会亏,预告,2024年度业绩预告（预减）,2025-01-17 00:00:00,False,0.067811,True
2025-01-17 00:00:00,605399,预测中,已明说不会亏,预告,2024年度业绩预告（预减）,2025-01-17 00:00:00,False,0.019996,True
2025-01-17 00:00:00,688105,预测中,已明说会亏,预告,2024年度业绩预告（减亏）,2025-01-17 00:00:00,False,0.310214,True
2025-01-17 00:00:00,688114,预测中,已明说会亏,预告,2024年度业绩预告（续亏）,2025-01-17 00:00:00,True,0.693337,True
2025-01-17 00:00:00,688162,预测中,已明说不会亏,预告,2024年度业绩预告（扭亏）,2025-01-17 00:00:00,False,0.137824,True
2025-01-17 00:00:00,688192,预测中,已明说会亏,预告,2024年度业绩预告（减亏）,2025-01-17 00:00:00,True,0.897343,True
2025-01-17 00:00:00,688195,预测中,已明说不会亏,预告,2024年度业绩预告（预增）,2025-01-17 00:00:00,False,0.043012,True
2025-01-17 00:00:00,688211,预测中,已明说会亏,预告,2024年度业绩预告（首亏）,2025-01-17 00:00:00,True,0.67317,True
2025-01-17 00:00:00,688227,预测中,已明说会亏,预告,2024年度业绩预告（增亏）,2025-01-17 00:00:00,True,0.7276,True
2025-01-17 00:00:00,688238,预测中,已明说会亏,预告,2024年度业绩预告（增亏）,2025-01-17 00:00:00,True,0.898447,True
2025-01-17 00:00:00,688282,预测中,已明说会亏,预告,2024年度业绩预告（减亏）,2025-01-17 00:00:00,True,0.81107,True
2025-01-17 00:00:00,688288,预测中,已明说会亏,预告,2024年度业绩预告（减亏）,2025-01-17 00:00:00,False,0.483431,True
2025-01-17 00:00:00,688298,预测中,已明说会亏,预告,2024年度业绩预告（增亏）,2025-01-17 00:00:00,True,0.854563,True
2025-01-17 00:00:00,688329,预测中,已明说会亏,预告,2024年度业绩预告（首亏）,2025-01-17 00:00:00,False,0.656676,True
2025-01-17 00:00:00,688331,预测中,已明说会亏,预告,2024年度业绩预告（减亏）,2025-01-17 00:00:00,True,0.827535,True
2025-01-17 00:00:00,688336,预测中,已明说不会亏,预告,2024年度业绩预告（预增）,2025-01-17 00:00:00,False,0.015183,True
2025-01-17 00:00:00,688359,预测中,已明说会亏,预告,2024年度业绩预告（减亏）,2025-01-17 00:00:00,False,0.244904,True
2025-01-17 00:00:00,688373,预测中,已明说会亏,预告,2024年度业绩预告（增亏）,2025-01-17 00:00:00,True,0.909949,True
2025-01-17 00:00:00,688428,预测中,已明说会亏,预告,2024年度业绩预告（减亏）,2025-01-17 00:00:00,True,0.86972,True
2025-01-17 00:00:00,688433,预测中,已明说不会亏,预告,2024年度业绩预告（预减）,2025-01-17 00:00:00,False,0.013173,True
2025-01-17 00:00:00,688500,预测中,已明说会亏,预告,2024年度业绩预告（减亏）,2025-01-17 00:00:00,True,0.723322,True
2025-01-17 00:00:00,688508,预测中,已明说不会亏,预告,2024年度业绩预告（预增）,2025-01-17 00:00:00,False,0.061898,True
2025-01-17 00:00:00,688509,预测中,已明说会亏,预告,2024年度业绩预告（增亏）,2025-01-17 00:00:00,True,0.76873,True
2025-01-17 00:00:00,688552,预测中,已明说会亏,预告,2024年度业绩预告（首亏）,2025-01-17 00:00:00,False,0.199707,True
2025-01-17 00:00:00,688565,预测中,已明说不会亏,预告,2024年度业绩预告（扭亏）,2025-01-17 00:00:00,False,0.389433,True
2025-01-17 00:00:00,688593,预测中,已明说不会亏,预告,2024年度业绩预告（预减）,2025-01-17 00:00:00,False,0.338557,True
2025-01-17 00:00:00,688619,预测中,已明说会亏,预告,2024年度业绩预告（增亏）,2025-01-17 00:00:00,True,0.769882,True
2025-01-18 00:00:00,000008,预测中,已明说会亏,预告,2024年度业绩预告（减亏）,2025-01-18 00:00:00,True,0.769704,True
2025-01-18 00:00:00,000012,预测中,已明说不会亏,预告,2024年度业绩预告（预减）,2025-01-18 00:00:00,False,0.008713,True
2025-01-18 00:00:00,000020,预测中,已明说不会亏,预告,2024年度业绩预告（预增）,2025-01-18 00:00:00,False,0.092445,True
2025-01-18 00:00:00,000028,预测中,已明说不会亏,预告,2024年度业绩预告（预减）,2025-01-18 00:00:00,False,0.006612,True
2025-01-18 00:00:00,000056,预测中,已明说会亏,预告,2024年度业绩预告（减亏）,2025-01-18 00:00:00,True,0.760537,True
2025-01-18 00:00:00,000058,预测中,已明说不会亏,预告,2024年度业绩预告（预减）,2025-01-18 00:00:00,False,0.071011,True
2025-01-18 00:00:00,000068,预测中,已明说不会亏,预告,2024年度业绩预告（预减）,2025-01-18 00:00:00,False,0.500071,True
2025-01-18 00:00:00,000089,预测中,已明说不会亏,预告,2024年度业绩预告（略增）,2025-01-18 00:00:00,False,0.353203,True
2025-01-18 00:00:00,000421,预测中,已明说不会亏,预告,2024年度业绩预告（扭亏）,2025-01-18 00:00:00,False,0.161335,True
2025-01-18 00:00:00,000423,预测中,已明说不会亏,预告,2024年度业绩预告（略增）,2025-01-18 00:00:00,False,0.002736,True
2025-01-18 00:00:00,000537,预测中,已明说不会亏,预告,2024年度业绩预告（略增）,2025-01-18 00:00:00,False,0.044427,True
2025-01-18 00:00:00,000551,预测中,已明说不会亏,预告,2024年度业绩预告（预增）,2025-01-18 00:00:00,False,0.00945,True
2025-01-18 00:00:00,000555,预测中,已明说会亏,预告,2024年度业绩预告（首亏）,2025-01-18 00:00:00,False,0.275592,True
2025-01-18 00:00:00,000629,预测中,已明说不会亏,预告,2024年度业绩预告（预减）,2025-01-18 00:00:00,False,0.074977,True
2025-01-18 00:00:00,000635,预测中,已明说会亏,预告,2024年度业绩预告（减亏）,2025-01-18 00:00:00,False,0.654164,True
2025-01-18 00:00:00,000637,预测中,已明说会亏,预告,2024年度业绩预告（减亏）,2025-01-18 00:00:00,False,0.514383,True
2025-01-18 00:00:00,000670,预测中,已明说会亏,预告,2024年度业绩预告（续亏）,2025-01-18 00:00:00,False,0.597907,True
2025-01-18 00:00:00,000691,预测中,已明说会亏,预告,2024年度业绩预告（续亏）,2025-01-18 00:00:00,True,0.717454,True
2025-01-18 00:00:00,000705,预测中,已明说不会亏,预告,2024年度业绩预告（预减）,2025-01-18 00:00:00,False,0.030797,True
2025-01-18 00:00:00,000712,预测中,已明说会亏,预告,2024年度业绩预告（减亏）,2025-01-18 00:00:00,True,0.688,True
2025-01-18 00:00:00,000721,预测中,已明说会亏,预告,2024年度业绩预告（续亏）,2025-01-18 00:00:00,False,0.622624,True
2025-01-18 00:00:00,000757,预测中,已明说会亏,预告,2024年度业绩预告（减亏）,2025-01-18 00:00:00,False,0.375724,True
2025-01-18 00:00:00,000759,预测中,已明说会亏,预告,2024年度业绩预告（增亏）,2025-01-18 00:00:00,True,0.767389,True
2025-01-18 00:00:00,000796,预测中,已明说会亏,预告,2024年度业绩预告（首亏）,2025-01-18 00:00:00,True,0.666389,True
2025-01-18 00:00:00,000810,预测中,已明说不会亏,预告,2024年度业绩预告（预减）,2025-01-18 00:00:00,False,0.007786,True
2025-01-18 00:00:00,000815,预测中,已明说会亏,预告,2024年度业绩预告（增亏）,2025-01-18 00:00:00,False,0.452634,True
2025-01-18 00:00:00,000831,预测中,已明说会亏,预告,2024年度业绩预告（首亏）,2025-01-18 00:00:00,False,0.249072,True
2025-01-18 00:00:00,000859,预测中,已明说会亏,预告,2024年度业绩预告（增亏）,2025-01-18 00:00:00,False,0.548992,True
2025-01-18 00:00:00,000881,预测中,已明说会亏,预告,2024年度业绩预告（减亏）,2025-01-18 00:00:00,False,0.4854,True
2025-01-18 00:00:00,000892,预测中,已明说会亏,预告,2024年度业绩预告（减亏）,2025-01-18 00:00:00,False,0.430545,True
2025-01-18 00:00:00,000912,预测中,已明说不会亏,预告,2024年度业绩预告（预减）,2025-01-18 00:00:00,False,0.284071,True
2025-01-18 00:00:00,000929,预测中,已明说会亏,预告,2024年度业绩预告（增亏）,2025-01-18 00:00:00,False,0.545758,True
2025-01-18 00:00:00,000952,预测中,已明说会亏,预告,2024年度业绩预告（增亏）,2025-01-18 00:00:00,True,0.785012,True
2025-01-18 00:00:00,001212,预测中,已明说不会亏,预告,2024年度业绩预告（预减）,2025-01-18 00:00:00,False,0.044148,True
2025-01-18 00:00:00,001300,预测中,已明说不会亏,预告,2024年度业绩预告（扭亏）,2025-01-18 00:00:00,False,0.300332,True
2025-01-18 00:00:00,001309,预测中,已明说不会亏,预告,2024年度业绩预告（预增）,2025-01-18 00:00:00,False,0.035787,True
2025-01-18 00:00:00,001331,预测中,已明说会亏,预告,2024年度业绩预告（减亏）,2025-01-18 00:00:00,False,0.082549,True
2025-01-18 00:00:00,001389,预测中,已明说不会亏,预告,2024年度业绩预告（预增）,2025-01-18 00:00:00,False,0.002134,True
2025-01-18 00:00:00,002004,预测中,已明说会亏,预告,2024年度业绩预告（首亏）,2025-01-18 00:00:00,False,0.096997,True
2025-01-18 00:00:00,002072,预测中,已明说会亏,预告,2024年度业绩预告（首亏）,2025-01-18 00:00:00,False,0.215393,True
2025-01-18 00:00:00,002095,预测中,已明说会亏,预告,2024年度业绩预告（首亏）,2025-01-18 00:00:00,False,0.184578,True
2025-01-18 00:00:00,002109,预测中,已明说会亏,预告,2024年度业绩预告（减亏）,2025-01-18 00:00:00,True,0.687366,True
2025-01-18 00:00:00,002127,预测中,已明说会亏,预告,2024年度业绩预告（首亏）,2025-01-18 00:00:00,False,0.166842,True
2025-01-18 00:00:00,002131,预测中,已明说会亏,预告,2024年度业绩预告（首亏）,2025-01-18 00:00:00,False,0.186075,True
2025-01-18 00:00:00,002163,预测中,已明说会亏,预告,2024年度业绩预告（首亏）,2025-01-18 00:00:00,False,0.510539,True
2025-01-18 00:00:00,002168,预测中,已明说会亏,预告,2024年度业绩预告（首亏）,2025-01-18 00:00:00,False,0.386592,True
2025-01-18 00:00:00,002169,预测中,已明说会亏,预告,2024年度业绩预告（增亏）,2025-01-18 00:00:00,True,0.660678,True
2025-01-18 00:00:00,002184,预测中,已明说会亏,预告,2024年度业绩预告（首亏）,2025-01-18 00:00:00,False,0.099595,True
2025-01-18 00:00:00,002189,预测中,已明说会亏,预告,2024年度业绩预告（增亏）,2025-01-18 00:00:00,False,0.496479,True
2025-01-18 00:00:00,002195,预测中,已明说不会亏,预告,2024年度业绩预告（预减）,2025-01-18 00:00:00,False,0.096326,True
2025-01-18 00:00:00,002199,预测中,已明说会亏,预告,2024年度业绩预告（续亏）,2025-01-18 00:00:00,True,0.678425,True
2025-01-18 00:00:00,002209,预测中,已明说不会亏,预告,2024年度业绩预告（预增）,2025-01-18 00:00:00,False,0.021694,True
2025-01-18 00:00:00,002211,预测中,已明说会亏,预告,2024年度业绩预告（增亏）,2025-01-18 00:00:00,False,0.434787,True
2025-01-18 00:00:00,002232,预测中,已明说不会亏,预告,2024年度业绩预告（预减）,2025-01-18 00:00:00,False,0.425782,True
2025-01-18 00:00:00,002234,预测中,已明说会亏,预告,2024年度业绩预告（减亏）,2025-01-18 00:00:00,False,0.635001,True
2025-01-18 00:00:00,002246,预测中,已明说会亏,预告,2024年度业绩预告（首亏）,2025-01-18 00:00:00,False,0.454263,True
2025-01-18 00:00:00,002261,预测中,已明说会亏,预告,2024年度业绩预告（首亏）,2025-01-18 00:00:00,False,0.6226,True
2025-01-18 00:00:00,002268,预测中,已明说不会亏,预告,2024年度业绩预告（预减）,2025-01-18 00:00:00,False,0.47914,True
2025-01-18 00:00:00,002271,预测中,已明说不会亏,预告,2024年度业绩预告（预减）,2025-01-18 00:00:00,False,0.114973,True
2025-01-18 00:00:00,002272,预测中,已明说会亏,预告,2024年度业绩预告（增亏）,2025-01-18 00:00:00,False,0.531945,True
2025-01-18 00:00:00,002279,预测中,已明说会亏,预告,2024年度业绩预告（续亏）,2025-01-18 00:00:00,False,0.48477,True
2025-01-18 00:00:00,002284,预测中,已明说不会亏,预告,2024年度业绩预告（预增）,2025-01-18 00:00:00,False,0.031346,True
2025-01-18 00:00:00,002285,预测中,已明说会亏,预告,2024年度业绩预告（减亏）,2025-01-18 00:00:00,False,0.651136,True
2025-01-18 00:00:00,002292,预测中,已明说会亏,预告,2024年度业绩预告（首亏）,2025-01-18 00:00:00,False,0.287126,True
2025-01-18 00:00:00,002319,预测中,已明说会亏,预告,2024年度业绩预告（首亏）,2025-01-18 00:00:00,True,0.803816,True
2025-01-18 00:00:00,002324,预测中,已明说不会亏,预告,2024年度业绩预告（预减）,2025-01-18 00:00:00,False,0.032941,True
2025-01-18 00:00:00,002362,预测中,已明说会亏,预告,2024年度业绩预告（减亏）,2025-01-18 00:00:00,False,0.498904,True
2025-01-18 00:00:00,002379,预测中,已明说会亏,预告,2024年度业绩预告（减亏）,2025-01-18 00:00:00,False,0.166319,True
2025-01-18 00:00:00,002383,预测中,已明说会亏,预告,2024年度业绩预告（首亏）,2025-01-18 00:00:00,False,0.416321,True
2025-01-18 00:00:00,002391,预测中,已明说会亏,预告,2024年度业绩预告（首亏）,2025-01-18 00:00:00,False,0.535951,True
2025-01-18 00:00:00,002427,预测中,已明说会亏,预告,2024年度业绩预告（减亏）,2025-01-18 00:00:00,True,0.667927,True
2025-01-18 00:00:00,002445,预测中,已明说不会亏,预告,2024年度业绩预告（预减）,2025-01-18 00:00:00,False,0.309557,True
2025-01-18 00:00:00,002446,预测中,已明说会亏,预告,2024年度业绩预告（首亏）,2025-01-18 00:00:00,False,0.587932,True
2025-01-18 00:00:00,002453,预测中,已明说会亏,预告,2024年度业绩预告（增亏）,2025-01-18 00:00:00,False,0.648574,True
2025-01-18 00:00:00,002465,预测中,已明说不会亏,预告,2024年度业绩预告（预减）,2025-01-18 00:00:00,False,0.030346,True
2025-01-18 00:00:00,002480,预测中,已明说会亏,预告,2024年度业绩预告（增亏）,2025-01-18 00:00:00,True,0.714454,True
2025-01-18 00:00:00,002482,预测中,已明说会亏,预告,2024年度业绩预告（首亏）,2025-01-18 00:00:00,True,0.885899,True
2025-01-18 00:00:00,002485,预测中,已明说会亏,预告,2024年度业绩预告（增亏）,2025-01-18 00:00:00,True,0.84937,True
2025-01-18 00:00:00,002527,预测中,已明说会亏,预告,2024年度业绩预告（减亏）,2025-01-18 00:00:00,False,0.438208,True
2025-01-18 00:00:00,002530,预测中,已明说会亏,预告,2024年度业绩预告（减亏）,2025-01-18 00:00:00,False,0.367223,True
2025-01-18 00:00:00,002547,预测中,已明说会亏,预告,2024年度业绩预告（减亏）,2025-01-18 00:00:00,True,0.796392,True
2025-01-18 00:00:00,002560,预测中,已明说不会亏,预告,2024年度业绩预告（预减）,2025-01-18 00:00:00,False,0.255423,True
2025-01-18 00:00:00,002571,预测中,已明说会亏,预告,2024年度业绩预告（增亏）,2025-01-18 00:00:00,False,0.449545,True
2025-01-18 00:00:00,002584,预测中,已明说不会亏,预告,2024年度业绩预告（预增）,2025-01-18 00:00:00,False,0.229584,True
2025-01-18 00:00:00,002587,预测中,已明说会亏,预告,2024年度业绩预告（首亏）,2025-01-18 00:00:00,False,0.567235,True
2025-01-18 00:00:00,002615,预测中,已明说不会亏,预告,2024年度业绩预告（略增）,2025-01-18 00:00:00,False,0.014188,True
2025-01-18 00:00:00,002624,预测中,已明说会亏,预告,2024年度业绩预告（首亏）,2025-01-18 00:00:00,False,0.243252,True
2025-01-18 00:00:00,002639,预测中,已明说不会亏,预告,2024年度业绩预告（扭亏）,2025-01-18 00:00:00,False,0.400184,True
2025-01-18 00:00:00,002650,预测中,已明说会亏,预告,2024年度业绩预告（续亏）,2025-01-18 00:00:00,False,0.470209,True
2025-01-18 00:00:00,002669,预测中,已明说会亏,预告,2024年度业绩预告（首亏）,2025-01-18 00:00:00,False,0.468447,True
2025-01-18 00:00:00,002670,预测中,已明说不会亏,预告,2024年度业绩预告（扭亏）,2025-01-18 00:00:00,False,0.380299,True
2025-01-18 00:00:00,002693,预测中,已明说会亏,预告,2024年度业绩预告（增亏）,2025-01-18 00:00:00,True,0.670664,True
2025-01-18 00:00:00,002702,预测中,已明说会亏,预告,2024年度业绩预告（首亏）,2025-01-18 00:00:00,False,0.291627,True
2025-01-18 00:00:00,002727,预测中,已明说不会亏,预告,2024年度业绩预告（预减）,2025-01-18 00:00:00,False,0.009948,True
2025-01-18 00:00:00,002735,预测中,已明说会亏,预告,2024年度业绩预告（首亏）,2025-01-18 00:00:00,False,0.112075,True
2025-01-18 00:00:00,002737,预测中,已明说不会亏,预告,2024年度业绩预告（预减）,2025-01-18 00:00:00,False,0.00993,True
2025-01-18 00:00:00,002739,预测中,已明说会亏,预告,2024年度业绩预告（首亏）,2025-01-18 00:00:00,False,0.324185,True
2025-01-18 00:00:00,002756,预测中,已明说不会亏,预告,2024年度业绩预告（预减）,2025-01-18 00:00:00,False,0.007108,True
2025-01-18 00:00:00,002757,预测中,已明说会亏,预告,2024年度业绩预告（首亏）,2025-01-18 00:00:00,False,0.016962,True
2025-01-18 00:00:00,002813,预测中,已明说会亏,预告,2024年度业绩预告（增亏）,2025-01-18 00:00:00,True,0.861278,True
2025-01-18 00:00:00,002823,预测中,已明说不会亏,预告,2024年度业绩预告（预增）,2025-01-18 00:00:00,False,0.043245,True
2025-01-18 00:00:00,002853,预测中,已明说会亏,预告,2024年度业绩预告（首亏）,2025-01-18 00:00:00,False,0.274631,True
2025-01-18 00:00:00,002883,预测中,已明说不会亏,预告,2024年度业绩预告（预减）,2025-01-18 00:00:00,False,0.132145,True
2025-01-18 00:00:00,002902,预测中,已明说会亏,预告,2024年度业绩预告（续亏）,2025-01-18 00:00:00,True,0.695354,True
2025-01-18 00:00:00,002909,预测中,已明说不会亏,预告,2024年度业绩预告（预增）,2025-01-18 00:00:00,False,0.520993,True
2025-01-18 00:00:00,002915,预测中,已明说会亏,预告,2024年度业绩预告（续亏）,2025-01-18 00:00:00,False,0.407563,True
2025-01-18 00:00:00,002925,预测中,已明说不会亏,预告,2024年度业绩预告（略减）,2025-01-18 00:00:00,False,0.055401,True
2025-01-18 00:00:00,003007,预测中,已明说不会亏,预告,2024年度业绩预告（预减）,2025-01-18 00:00:00,False,0.15995,True
2025-01-18 00:00:00,003030,预测中,已明说会亏,预告,2024年度业绩预告（首亏）,2025-01-18 00:00:00,False,0.148022,True
2025-01-18 00:00:00,003035,预测中,已明说会亏,预告,2024年度业绩预告（首亏）,2025-01-18 00:00:00,False,0.05429,True
2025-01-18 00:00:00,003042,预测中,已明说会亏,预告,2024年度业绩预告（减亏）,2025-01-18 00:00:00,False,0.657307,True
2025-01-18 00:00:00,300006,预测中,已明说会亏,预告,2024年度业绩预告（增亏）,2025-01-18 00:00:00,False,0.581852,True
2025-01-18 00:00:00,300062,预测中,已明说会亏,预告,2024年度业绩预告（首亏）,2025-01-18 00:00:00,False,0.052043,True
2025-01-18 00:00:00,300077,预测中,已明说会亏,预告,2024年度业绩预告（减亏）,2025-01-18 00:00:00,False,0.506706,True
2025-01-18 00:00:00,300199,预测中,已明说会亏,预告,2024年度业绩预告（减亏）,2025-01-18 00:00:00,True,0.813459,True
2025-01-18 00:00:00,300217,预测中,已明说不会亏,预告,2024年度业绩预告（预减）,2025-01-18 00:00:00,False,0.009485,True
2025-01-18 00:00:00,300295,预测中,已明说会亏,预告,2024年度业绩预告（续亏）,2025-01-18 00:00:00,False,0.07187,True
2025-01-18 00:00:00,300358,预测中,已明说会亏,预告,2024年度业绩预告（首亏）,2025-01-18 00:00:00,False,0.216087,True
2025-01-18 00:00:00,300381,预测中,已明说不会亏,预告,2024年度业绩预告（扭亏）,2025-01-18 00:00:00,False,0.206206,True
2025-01-18 00:00:00,300413,预测中,已明说不会亏,预告,2024年度业绩预告（预减）,2025-01-18 00:00:00,False,0.003602,True
2025-01-18 00:00:00,300528,预测中,已明说会亏,预告,2024年度业绩预告（增亏）,2025-01-18 00:00:00,True,0.687446,True
2025-01-18 00:00:00,300610,预测中,已明说不会亏,预告,2024年度业绩预告（略增）,2025-01-18 00:00:00,False,0.022271,True
2025-01-18 00:00:00,300647,预测中,已明说会亏,预告,2024年度业绩预告（增亏）,2025-01-18 00:00:00,True,0.682578,True
2025-01-18 00:00:00,300749,预测中,已明说会亏,预告,2024年度业绩预告（首亏）,2025-01-18 00:00:00,False,0.47585,True
2025-01-18 00:00:00,300755,预测中,已明说不会亏,预告,2024年度业绩预告（预减）,2025-01-18 00:00:00,False,0.019158,True
2025-01-18 00:00:00,300886,预测中,已明说不会亏,预告,2024年度业绩预告（扭亏）,2025-01-18 00:00:00,False,0.049787,True
2025-01-18 00:00:00,300935,预测中,已明说会亏,预告,2024年度业绩预告（增亏）,2025-01-18 00:00:00,True,0.793461,True
2025-01-18 00:00:00,301011,预测中,已明说不会亏,预告,2024年度业绩预告（预增）,2025-01-18 00:00:00,False,0.023532,True
2025-01-18 00:00:00,301069,预测中,已明说不会亏,预告,2024年度业绩预告（预减）,2025-01-18 00:00:00,False,0.03081,True
2025-01-18 00:00:00,301093,预测中,已明说不会亏,预告,2024年度业绩预告（预减）,2025-01-18 00:00:00,False,0.023402,True
2025-01-18 00:00:00,301218,预测中,已明说不会亏,预告,2024年度业绩预告（预减）,2025-01-18 00:00:00,False,0.082645,True
2025-01-18 00:00:00,301301,预测中,已明说不会亏,预告,2024年度业绩预告（预增）,2025-01-18 00:00:00,False,0.005937,True
2025-01-18 00:00:00,301367,预测中,已明说不会亏,预告,2024年度业绩预告（预减）,2025-01-18 00:00:00,False,0.018188,True
2025-01-18 00:00:00,301503,预测中,已明说不会亏,预告,2024年度业绩预告（预增）,2025-01-18 00:00:00,False,0.004805,True
2025-01-18 00:00:00,600021,预测中,已明说不会亏,预告,2024年度业绩预告（略增）,2025-01-18 00:00:00,False,0.067679,True
2025-01-18 00:00:00,600022,预测中,已明说会亏,预告,2024年度业绩预告（增亏）,2025-01-18 00:00:00,True,0.721736,True
2025-01-18 00:00:00,600048,预测中,已明说不会亏,预告,2024年度业绩预告（预减）,2025-01-18 00:00:00,False,0.047325,True
2025-01-18 00:00:00,600078,预测中,已明说会亏,预告,2024年度业绩预告（增亏）,2025-01-18 00:00:00,False,0.438502,True
2025-01-18 00:00:00,600080,预测中,已明说不会亏,预告,2024年度业绩预告（扭亏）,2025-01-18 00:00:00,False,0.133476,True
2025-01-18 00:00:00,600089,预测中,已明说不会亏,预告,2024年度业绩预告（预减）,2025-01-18 00:00:00,False,0.012924,True
2025-01-18 00:00:00,600094,预测中,已明说会亏,预告,2024年度业绩预告（首亏）,2025-01-18 00:00:00,False,0.476399,True
2025-01-18 00:00:00,600107,预测中,已明说会亏,预告,2024年度业绩预告（续亏）,2025-01-18 00:00:00,False,0.621012,True
2025-01-18 00:00:00,600117,预测中,已明说会亏,预告,2024年度业绩预告（首亏）,2025-01-18 00:00:00,True,0.705579,True
2025-01-18 00:00:00,600118,预测中,已明说不会亏,预告,2024年度业绩预告（预减）,2025-01-18 00:00:00,False,0.145557,True
2025-01-18 00:00:00,600123,预测中,已明说不会亏,预告,2024年度业绩预告（预减）,2025-01-18 00:00:00,False,0.017178,True
2025-01-18 00:00:00,600130,预测中,已明说不会亏,预告,2024年度业绩预告（预减）,2025-01-18 00:00:00,False,0.215758,True
2025-01-18 00:00:00,600136,预测中,已明说会亏,预告,2024年度业绩预告（首亏）,2025-01-18 00:00:00,False,0.155865,True
2025-01-18 00:00:00,600148,预测中,已明说会亏,预告,2024年度业绩预告（首亏）,2025-01-18 00:00:00,False,0.299949,True
2025-01-18 00:00:00,600151,预测中,已明说会亏,预告,2024年度业绩预告（减亏）,2025-01-18 00:00:00,False,0.3316,True
2025-01-18 00:00:00,600159,预测中,已明说会亏,预告,2024年度业绩预告（减亏）,2025-01-18 00:00:00,False,0.446282,True
2025-01-18 00:00:00,600165,预测中,已明说会亏,预告,2024年度业绩预告（增亏）,2025-01-18 00:00:00,True,0.856997,True
2025-01-18 00:00:00,600180,预测中,已明说不会亏,预告,2024年度业绩预告（预减）,2025-01-18 00:00:00,False,0.314022,True
2025-01-18 00:00:00,600184,预测中,已明说会亏,预告,2024年度业绩预告（首亏）,2025-01-18 00:00:00,False,0.253394,True
2025-01-18 00:00:00,600185,预测中,已明说会亏,预告,2024年度业绩预告（增亏）,2025-01-18 00:00:00,False,0.52063,True
2025-01-18 00:00:00,600186,预测中,已明说不会亏,预告,2024年度业绩预告（预增）,2025-01-18 00:00:00,False,0.010234,True
2025-01-18 00:00:00,600201,预测中,已明说不会亏,预告,2024年度业绩预告（预减）,2025-01-18 00:00:00,False,0.027962,True
2025-01-18 00:00:00,600206,预测中,已明说不会亏,预告,2024年度业绩预告（略减）,2025-01-18 00:00:00,False,0.130653,True
2025-01-18 00:00:00,600207,预测中,已明说会亏,预告,2024年度业绩预告（增亏）,2025-01-18 00:00:00,True,0.748878,True
2025-01-18 00:00:00,600227,预测中,已明说会亏,预告,2024年度业绩预告（减亏）,2025-01-18 00:00:00,True,0.696073,True
2025-01-18 00:00:00,600228,预测中,已明说会亏,预告,2024年度业绩预告（首亏）,2025-01-18 00:00:00,False,0.222735,True
2025-01-18 00:00:00,600230,预测中,已明说不会亏,预告,2024年度业绩预告（预减）,2025-01-18 00:00:00,False,0.126824,True
2025-01-18 00:00:00,600238,预测中,已明说会亏,预告,2024年度业绩预告（减亏）,2025-01-18 00:00:00,True,0.803385,True
2025-01-18 00:00:00,600243,预测中,已明说会亏,预告,2024年度业绩预告（减亏）,2025-01-18 00:00:00,False,0.522458,True
2025-01-18 00:00:00,600246,预测中,已明说会亏,预告,2024年度业绩预告（续亏）,2025-01-18 00:00:00,False,0.43592,True
2025-01-18 00:00:00,600251,预测中,已明说不会亏,预告,2024年度业绩预告（预减）,2025-01-18 00:00:00,False,0.02932,True
2025-01-18 00:00:00,600259,预测中,已明说会亏,预告,2024年度业绩预告（首亏）,2025-01-18 00:00:00,False,0.34309,True
2025-01-18 00:00:00,600266,预测中,已明说会亏,预告,2024年度业绩预告（首亏）,2025-01-18 00:00:00,True,0.730032,True
2025-01-18 00:00:00,600271,预测中,已明说不会亏,预告,2024年度业绩预告（预减）,2025-01-18 00:00:00,False,0.531769,True
2025-01-18 00:00:00,600289,预测中,已明说会亏,预告,2024年度业绩预告（减亏）,2025-01-18 00:00:00,True,0.841721,True
2025-01-18 00:00:00,600302,预测中,已明说会亏,预告,2024年度业绩预告（减亏）,2025-01-18 00:00:00,True,0.721954,True
2025-01-18 00:00:00,600308,预测中,已明说不会亏,预告,2024年度业绩预告（预减）,2025-01-18 00:00:00,False,0.028429,True
2025-01-18 00:00:00,600326,预测中,已明说会亏,预告,2024年度业绩预告（减亏）,2025-01-18 00:00:00,False,0.444349,True
2025-01-18 00:00:00,600337,预测中,已明说会亏,预告,2024年度业绩预告（增亏）,2025-01-18 00:00:00,True,0.808577,True
2025-01-18 00:00:00,600340,预测中,已明说会亏,预告,2024年度业绩预告（减亏）,2025-01-18 00:00:00,True,0.843433,True
2025-01-18 00:00:00,600348,预测中,已明说不会亏,预告,2024年度业绩预告（预减）,2025-01-18 00:00:00,False,0.00621,True
2025-01-18 00:00:00,600370,预测中,已明说会亏,预告,2024年度业绩预告（增亏）,2025-01-18 00:00:00,False,0.587741,True
2025-01-18 00:00:00,600376,预测中,已明说会亏,预告,2024年度业绩预告（增亏）,2025-01-18 00:00:00,True,0.761532,True
2025-01-18 00:00:00,600399,预测中,已明说不会亏,预告,2024年度业绩预告（预减）,2025-01-18 00:00:00,False,0.038643,True
2025-01-18 00:00:00,600403,预测中,已明说会亏,预告,2024年度业绩预告（增亏）,2025-01-18 00:00:00,True,0.917947,True
2025-01-18 00:00:00,600405,预测中,已明说会亏,预告,2024年度业绩预告（增亏）,2025-01-18 00:00:00,True,0.869463,True
2025-01-18 00:00:00,600408,预测中,已明说会亏,预告,2024年度业绩预告（减亏）,2025-01-18 00:00:00,True,0.756812,True
2025-01-18 00:00:00,600429,预测中,已明说不会亏,预告,2024年度业绩预告（预减）,2025-01-18 00:00:00,False,0.068764,True
2025-01-18 00:00:00,600438,预测中,已明说会亏,预告,2024年度业绩预告（首亏）,2025-01-18 00:00:00,False,0.120551,True
2025-01-18 00:00:00,600463,预测中,已明说会亏,预告,2024年度业绩预告（续亏）,2025-01-18 00:00:00,False,0.500462,True
2025-01-18 00:00:00,600481,预测中,已明说会亏,预告,2024年度业绩预告（首亏）,2025-01-18 00:00:00,False,0.506605,True
2025-01-18 00:00:00,600482,预测中,已明说不会亏,预告,2024年度业绩预告（预增）,2025-01-18 00:00:00,False,0.037417,True
2025-01-18 00:00:00,600491,预测中,已明说会亏,预告,2024年度业绩预告（减亏）,2025-01-18 00:00:00,False,0.551086,True
2025-01-18 00:00:00,600499,预测中,已明说不会亏,预告,2024年度业绩预告（预减）,2025-01-18 00:00:00,False,0.022543,True
2025-01-18 00:00:00,600500,预测中,已明说会亏,预告,2024年度业绩预告（增亏）,2025-01-18 00:00:00,False,0.550001,True
2025-01-18 00:00:00,600507,预测中,已明说不会亏,预告,2024年度业绩预告（预减）,2025-01-18 00:00:00,False,0.024669,True
2025-01-18 00:00:00,600510,预测中,已明说不会亏,预告,2024年度业绩预告（预减）,2025-01-18 00:00:00,False,0.140528,True
2025-01-18 00:00:00,600515,预测中,已明说不会亏,预告,2024年度业绩预告（预减）,2025-01-18 00:00:00,False,0.193104,True
2025-01-18 00:00:00,600525,预测中,已明说会亏,预告,2024年度业绩预告（首亏）,2025-01-18 00:00:00,False,0.158195,True
2025-01-18 00:00:00,600536,预测中,已明说会亏,预告,2024年度业绩预告（增亏）,2025-01-18 00:00:00,False,0.570972,True
2025-01-18 00:00:00,600540,预测中,已明说会亏,预告,2024年度业绩预告（首亏）,2025-01-18 00:00:00,False,0.147377,True
2025-01-18 00:00:00,600543,预测中,已明说会亏,预告,2024年度业绩预告（增亏）,2025-01-18 00:00:00,True,0.670007,True
2025-01-18 00:00:00,600545,预测中,已明说会亏,预告,2024年度业绩预告（首亏）,2025-01-18 00:00:00,False,0.571401,True
2025-01-18 00:00:00,600567,预测中,已明说会亏,预告,2024年度业绩预告（首亏）,2025-01-18 00:00:00,False,0.169837,True
2025-01-18 00:00:00,600579,预测中,已明说会亏,预告,2024年度业绩预告（减亏）,2025-01-18 00:00:00,False,0.458487,True
2025-01-18 00:00:00,600586,预测中,已明说不会亏,预告,2024年度业绩预告（预减）,2025-01-18 00:00:00,False,0.006662,True
2025-01-18 00:00:00,600590,预测中,已明说会亏,预告,2024年度业绩预告（首亏）,2025-01-18 00:00:00,True,0.753011,True
2025-01-18 00:00:00,600593,预测中,已明说会亏,预告,2024年度业绩预告（首亏）,2025-01-18 00:00:00,False,0.096854,True
2025-01-18 00:00:00,600594,预测中,已明说会亏,预告,2024年度业绩预告（首亏）,2025-01-18 00:00:00,False,0.598454,True
2025-01-18 00:00:00,600617,预测中,已明说会亏,预告,2024年度业绩预告（首亏）,2025-01-18 00:00:00,False,0.078132,True
2025-01-18 00:00:00,600622,预测中,已明说会亏,预告,2024年度业绩预告（减亏）,2025-01-18 00:00:00,False,0.561405,True
2025-01-18 00:00:00,600657,预测中,已明说会亏,预告,2024年度业绩预告（首亏）,2025-01-18 00:00:00,False,0.441686,True
2025-01-18 00:00:00,600658,预测中,已明说会亏,预告,2024年度业绩预告（增亏）,2025-01-18 00:00:00,False,0.215398,True
2025-01-18 00:00:00,600661,预测中,已明说会亏,预告,2024年度业绩预告（减亏）,2025-01-18 00:00:00,False,0.222222,True
2025-01-18 00:00:00,600666,预测中,已明说会亏,预告,2024年度业绩预告（减亏）,2025-01-18 00:00:00,True,0.756741,True
2025-01-18 00:00:00,600683,预测中,已明说会亏,预告,2024年度业绩预告（增亏）,2025-01-18 00:00:00,False,0.436782,True
2025-01-18 00:00:00,600691,预测中,已明说会亏,预告,2024年度业绩预告（减亏）,2025-01-18 00:00:00,False,0.511728,True
2025-01-18 00:00:00,600708,预测中,已明说会亏,预告,2024年度业绩预告（首亏）,2025-01-18 00:00:00,False,0.300875,True
2025-01-18 00:00:00,600712,预测中,已明说会亏,预告,2024年度业绩预告（首亏）,2025-01-18 00:00:00,False,0.521247,True
2025-01-18 00:00:00,600715,预测中,已明说会亏,预告,2024年度业绩预告（减亏）,2025-01-18 00:00:00,False,0.479844,True
2025-01-18 00:00:00,600716,预测中,已明说会亏,预告,2024年度业绩预告（首亏）,2025-01-18 00:00:00,False,0.279515,True
2025-01-18 00:00:00,600725,预测中,已明说会亏,预告,2024年度业绩预告（首亏）,2025-01-18 00:00:00,False,0.638051,True
2025-01-18 00:00:00,600743,预测中,已明说会亏,预告,2024年度业绩预告（减亏）,2025-01-18 00:00:00,False,0.531602,True
2025-01-18 00:00:00,600745,预测中,已明说会亏,预告,2024年度业绩预告（首亏）,2025-01-18 00:00:00,False,0.097652,True
2025-01-18 00:00:00,600748,预测中,已明说会亏,预告,2024年度业绩预告（首亏）,2025-01-18 00:00:00,False,0.494097,True
2025-01-18 00:00:00,600773,预测中,已明说不会亏,预告,2024年度业绩预告（预减）,2025-01-18 00:00:00,False,0.321616,True
2025-01-18 00:00:00,600775,预测中,已明说会亏,预告,2024年度业绩预告（减亏）,2025-01-18 00:00:00,False,0.544778,True
2025-01-18 00:00:00,600782,预测中,已明说不会亏,预告,2024年度业绩预告（预减）,2025-01-18 00:00:00,False,0.44578,True
2025-01-18 00:00:00,600791,预测中,已明说会亏,预告,2024年度业绩预告（减亏）,2025-01-18 00:00:00,False,0.340472,True
2025-01-18 00:00:00,600792,预测中,已明说会亏,预告,2024年度业绩预告（首亏）,2025-01-18 00:00:00,True,0.736878,True
2025-01-18 00:00:00,600797,预测中,已明说会亏,预告,2024年度业绩预告（首亏）,2025-01-18 00:00:00,False,0.432725,True
2025-01-18 00:00:00,600800,预测中,已明说会亏,预告,2024年度业绩预告（增亏）,2025-01-18 00:00:00,True,0.677826,True
2025-01-18 00:00:00,600818,预测中,已明说会亏,预告,2024年度业绩预告（首亏）,2025-01-18 00:00:00,False,0.270671,True
2025-01-18 00:00:00,600822,预测中,已明说不会亏,预告,2024年度业绩预告（预减）,2025-01-18 00:00:00,False,0.112005,True
2025-01-18 00:00:00,600831,预测中,已明说会亏,预告,2024年度业绩预告（增亏）,2025-01-18 00:00:00,True,0.893033,True
2025-01-18 00:00:00,600843,预测中,已明说会亏,预告,2024年度业绩预告（首亏）,2025-01-18 00:00:00,False,0.318531,True
2025-01-18 00:00:00,600847,预测中,已明说会亏,预告,2024年度业绩预告（增亏）,2025-01-18 00:00:00,False,0.524873,True
2025-01-18 00:00:00,600859,预测中,已明说不会亏,预告,2024年度业绩预告（预减）,2025-01-18 00:00:00,False,0.036398,True
2025-01-18 00:00:00,600864,预测中,已明说不会亏,预告,2024年度业绩预告（预增）,2025-01-18 00:00:00,False,0.030762,True
2025-01-18 00:00:00,600881,预测中,已明说会亏,预告,2024年度业绩预告（减亏）,2025-01-18 00:00:00,True,0.782769,True
2025-01-18 00:00:00,600936,预测中,已明说会亏,预告,2024年度业绩预告（增亏）,2025-01-18 00:00:00,True,0.881606,True
2025-01-18 00:00:00,600939,预测中,已明说会亏,预告,2024年度业绩预告（首亏）,2025-01-18 00:00:00,False,0.100547,True
2025-01-18 00:00:00,600973,预测中,已明说会亏,预告,2024年度业绩预告（首亏）,2025-01-18 00:00:00,False,0.384644,True
2025-01-18 00:00:00,600996,预测中,已明说会亏,预告,2024年度业绩预告（减亏）,2025-01-18 00:00:00,True,0.920102,True
2025-01-18 00:00:00,601005,预测中,已明说会亏,预告,2024年度业绩预告（增亏）,2025-01-18 00:00:00,False,0.558246,True
2025-01-18 00:00:00,601011,预测中,已明说会亏,预告,2024年度业绩预告（减亏）,2025-01-18 00:00:00,False,0.572918,True
2025-01-18 00:00:00,601015,预测中,已明说会亏,预告,2024年度业绩预告（增亏）,2025-01-18 00:00:00,False,0.545887,True
2025-01-18 00:00:00,601106,预测中,已明说会亏,预告,2024年度业绩预告（增亏）,2025-01-18 00:00:00,True,0.718789,True
2025-01-18 00:00:00,601111,预测中,已明说会亏,预告,2024年度业绩预告（减亏）,2025-01-18 00:00:00,True,0.880035,True
2025-01-18 00:00:00,601218,预测中,已明说不会亏,预告,2024年度业绩预告（预减）,2025-01-18 00:00:00,False,0.031298,True
2025-01-18 00:00:00,601360,预测中,已明说会亏,预告,2024年度业绩预告（增亏）,2025-01-18 00:00:00,False,0.3727,True
2025-01-18 00:00:00,601512,预测中,已明说不会亏,预告,2024年度业绩预告（预减）,2025-01-18 00:00:00,False,0.009449,True
2025-01-18 00:00:00,601588,预测中,已明说会亏,预告,2024年度业绩预告（首亏）,2025-01-18 00:00:00,False,0.530984,True
2025-01-18 00:00:00,601606,预测中,已明说会亏,预告,2024年度业绩预告（首亏）,2025-01-18 00:00:00,False,0.470226,True
2025-01-18 00:00:00,601699,预测中,已明说不会亏,预告,2024年度业绩预告（预减）,2025-01-18 00:00:00,False,0.005047,True
2025-01-18 00:00:00,601828,预测中,已明说会亏,预告,2024年度业绩预告（增亏）,2025-01-18 00:00:00,False,0.644739,True
2025-01-18 00:00:00,601908,预测中,已明说会亏,预告,2024年度业绩预告（首亏）,2025-01-18 00:00:00,True,0.663534,True
2025-01-18 00:00:00,601996,预测中,已明说会亏,预告,2024年度业绩预告（首亏）,2025-01-18 00:00:00,False,0.303912,True
2025-01-18 00:00:00,603011,预测中,已明说会亏,预告,2024年度业绩预告（首亏）,2025-01-18 00:00:00,False,0.493874,True
2025-01-18 00:00:00,603017,预测中,已明说不会亏,预告,2024年度业绩预告（预减）,2025-01-18 00:00:00,False,0.017645,True
2025-01-18 00:00:00,603021,预测中,已明说会亏,预告,2024年度业绩预告（减亏）,2025-01-18 00:00:00,True,0.832733,True
2025-01-18 00:00:00,603028,预测中,已明说会亏,预告,2024年度业绩预告（首亏）,2025-01-18 00:00:00,False,0.343889,True
2025-01-18 00:00:00,603032,预测中,已明说会亏,预告,2024年度业绩预告（首亏）,2025-01-18 00:00:00,False,0.605525,True
2025-01-18 00:00:00,603051,预测中,已明说不会亏,预告,2024年度业绩预告（扭亏）,2025-01-18 00:00:00,False,0.137316,True
2025-01-18 00:00:00,603059,预测中,已明说会亏,预告,2024年度业绩预告（首亏）,2025-01-18 00:00:00,False,0.016638,True
2025-01-18 00:00:00,603068,预测中,已明说会亏,预告,2024年度业绩预告（减亏）,2025-01-18 00:00:00,False,0.146994,True
2025-01-18 00:00:00,603077,预测中,已明说不会亏,预告,2024年度业绩预告（预减）,2025-01-18 00:00:00,False,0.172692,True
2025-01-18 00:00:00,603086,预测中,已明说会亏,预告,2024年度业绩预告（减亏）,2025-01-18 00:00:00,False,0.435289,True
2025-01-18 00:00:00,603101,预测中,已明说不会亏,预告,2024年度业绩预告（预减）,2025-01-18 00:00:00,False,0.15757,True
2025-01-18 00:00:00,603103,预测中,已明说会亏,预告,2024年度业绩预告（首亏）,2025-01-18 00:00:00,False,0.09001,True
2025-01-18 00:00:00,603118,预测中,已明说会亏,预告,2024年度业绩预告（首亏）,2025-01-18 00:00:00,False,0.259581,True
2025-01-18 00:00:00,603123,预测中,已明说会亏,预告,2024年度业绩预告（增亏）,2025-01-18 00:00:00,True,0.745705,True
2025-01-18 00:00:00,603139,预测中,已明说会亏,预告,2024年度业绩预告（增亏）,2025-01-18 00:00:00,True,0.70065,True
2025-01-18 00:00:00,603168,预测中,已明说会亏,预告,2024年度业绩预告（首亏）,2025-01-18 00:00:00,False,0.509559,True
2025-01-18 00:00:00,603185,预测中,已明说会亏,预告,2024年度业绩预告（首亏）,2025-01-18 00:00:00,False,0.26695,True
2025-01-18 00:00:00,603189,预测中,已明说不会亏,预告,2024年度业绩预告（扭亏）,2025-01-18 00:00:00,False,0.190294,True
2025-01-18 00:00:00,603208,预测中,已明说不会亏,预告,2024年度业绩预告（预减）,2025-01-18 00:00:00,False,0.067681,True
2025-01-18 00:00:00,603258,预测中,已明说不会亏,预告,2024年度业绩预告（预减）,2025-01-18 00:00:00,False,0.171485,True
2025-01-18 00:00:00,603267,预测中,已明说不会亏,预告,2024年度业绩预告（预减）,2025-01-18 00:00:00,False,0.078322,True
2025-01-18 00:00:00,603276,预测中,已明说不会亏,预告,2024年度业绩预告（预减）,2025-01-18 00:00:00,False,0.01995,True
2025-01-18 00:00:00,603316,预测中,已明说会亏,预告,2024年度业绩预告（减亏）,2025-01-18 00:00:00,False,0.650146,True
2025-01-18 00:00:00,603331,预测中,已明说不会亏,预告,2024年度业绩预告（预减）,2025-01-18 00:00:00,False,0.01767,True
2025-01-18 00:00:00,603335,预测中,已明说会亏,预告,2024年度业绩预告（减亏）,2025-01-18 00:00:00,False,0.536479,True
2025-01-18 00:00:00,603359,预测中,已明说会亏,预告,2024年度业绩预告（增亏）,2025-01-18 00:00:00,False,0.615899,True
2025-01-18 00:00:00,603377,预测中,已明说会亏,预告,2024年度业绩预告（增亏）,2025-01-18 00:00:00,True,0.768882,True
2025-01-18 00:00:00,603386,预测中,已明说会亏,预告,2024年度业绩预告（首亏）,2025-01-18 00:00:00,False,0.481988,True
2025-01-18 00:00:00,603389,预测中,已明说会亏,预告,2024年度业绩预告（减亏）,2025-01-18 00:00:00,True,0.888256,True
2025-01-18 00:00:00,603429,预测中,已明说会亏,预告,2024年度业绩预告（首亏）,2025-01-18 00:00:00,False,0.155151,True
2025-01-18 00:00:00,603458,预测中,已明说会亏,预告,2024年度业绩预告（首亏）,2025-01-18 00:00:00,False,0.479148,True
2025-01-18 00:00:00,603466,预测中,已明说会亏,预告,2024年度业绩预告（首亏）,2025-01-18 00:00:00,False,0.150173,True
2025-01-18 00:00:00,603489,预测中,已明说不会亏,预告,2024年度业绩预告（预减）,2025-01-18 00:00:00,False,0.165393,True
2025-01-18 00:00:00,603496,预测中,已明说不会亏,预告,2024年度业绩预告（预减）,2025-01-18 00:00:00,False,0.006653,True
2025-01-18 00:00:00,603519,预测中,已明说不会亏,预告,2024年度业绩预告（预减）,2025-01-18 00:00:00,False,0.012225,True
2025-01-18 00:00:00,603566,预测中,已明说不会亏,预告,2024年度业绩预告（预减）,2025-01-18 00:00:00,False,0.114426,True
2025-01-18 00:00:00,603578,预测中,已明说会亏,预告,2024年度业绩预告（首亏）,2025-01-18 00:00:00,False,0.055293,True
2025-01-18 00:00:00,603585,预测中,已明说会亏,预告,2024年度业绩预告（首亏）,2025-01-18 00:00:00,False,0.461958,True
2025-01-18 00:00:00,603626,预测中,已明说会亏,预告,2024年度业绩预告（增亏）,2025-01-18 00:00:00,True,0.853365,True
2025-01-18 00:00:00,603636,预测中,已明说会亏,预告,2024年度业绩预告（首亏）,2025-01-18 00:00:00,True,0.763024,True
2025-01-18 00:00:00,603665,预测中,已明说会亏,预告,2024年度业绩预告（增亏）,2025-01-18 00:00:00,True,0.908902,True
2025-01-18 00:00:00,603666,预测中,已明说会亏,预告,2024年度业绩预告（增亏）,2025-01-18 00:00:00,True,0.864681,True
2025-01-18 00:00:00,603679,预测中,已明说会亏,预告,2024年度业绩预告（首亏）,2025-01-18 00:00:00,False,0.492592,True
2025-01-18 00:00:00,603682,预测中,已明说不会亏,预告,2024年度业绩预告（预减）,2025-01-18 00:00:00,False,0.213871,True
2025-01-18 00:00:00,603685,预测中,已明说不会亏,预告,2024年度业绩预告（预减）,2025-01-18 00:00:00,False,0.221761,True
2025-01-18 00:00:00,603709,预测中,已明说会亏,预告,2024年度业绩预告（首亏）,2025-01-18 00:00:00,False,0.212066,True
2025-01-18 00:00:00,603716,预测中,已明说会亏,预告,2024年度业绩预告（增亏）,2025-01-18 00:00:00,False,0.340934,True
2025-01-18 00:00:00,603717,预测中,已明说会亏,预告,2024年度业绩预告（减亏）,2025-01-18 00:00:00,False,0.51934,True
2025-01-18 00:00:00,603721,预测中,已明说会亏,预告,2024年度业绩预告（增亏）,2025-01-18 00:00:00,True,0.872763,True
2025-01-18 00:00:00,603773,预测中,已明说会亏,预告,2024年度业绩预告（增亏）,2025-01-18 00:00:00,False,0.522657,True
2025-01-18 00:00:00,603778,预测中,已明说会亏,预告,2024年度业绩预告（续亏）,2025-01-18 00:00:00,True,0.92217,True
2025-01-18 00:00:00,603787,预测中,已明说不会亏,预告,2024年度业绩预告（预减）,2025-01-18 00:00:00,False,0.031255,True
2025-01-18 00:00:00,603825,预测中,已明说会亏,预告,2024年度业绩预告（减亏）,2025-01-18 00:00:00,True,0.755135,True
2025-01-18 00:00:00,603826,预测中,已明说不会亏,预告,2024年度业绩预告（预减）,2025-01-18 00:00:00,False,0.139316,True
2025-01-18 00:00:00,603828,预测中,已明说不会亏,预告,2024年度业绩预告（扭亏）,2025-01-18 00:00:00,False,0.176406,True
2025-01-18 00:00:00,603833,预测中,已明说不会亏,预告,2024年度业绩预告（略减）,2025-01-18 00:00:00,False,0.012506,True
2025-01-18 00:00:00,603839,预测中,已明说会亏,预告,2024年度业绩预告（首亏）,2025-01-18 00:00:00,False,0.6101,True
2025-01-18 00:00:00,603863,预测中,已明说会亏,预告,2024年度业绩预告（减亏）,2025-01-18 00:00:00,True,0.66795,True
2025-01-18 00:00:00,603879,预测中,已明说会亏,预告,2024年度业绩预告（增亏）,2025-01-18 00:00:00,False,0.646754,True
2025-01-18 00:00:00,603880,预测中,已明说会亏,预告,2024年度业绩预告（增亏）,2025-01-18 00:00:00,False,0.458457,True
2025-01-18 00:00:00,603887,预测中,已明说会亏,预告,2024年度业绩预告（减亏）,2025-01-18 00:00:00,False,0.611699,True
2025-01-18 00:00:00,603898,预测中,已明说不会亏,预告,2024年度业绩预告（预减）,2025-01-18 00:00:00,False,0.104077,True
2025-01-18 00:00:00,603901,预测中,已明说不会亏,预告,2024年度业绩预告（预减）,2025-01-18 00:00:00,False,0.242029,True
2025-01-18 00:00:00,603903,预测中,已明说会亏,预告,2024年度业绩预告（首亏）,2025-01-18 00:00:00,False,0.044074,True
2025-01-18 00:00:00,603906,预测中,已明说会亏,预告,2024年度业绩预告（减亏）,2025-01-18 00:00:00,False,0.513818,True
2025-01-18 00:00:00,603917,预测中,已明说会亏,预告,2024年度业绩预告（首亏）,2025-01-18 00:00:00,False,0.164321,True
2025-01-18 00:00:00,603936,预测中,已明说会亏,预告,2024年度业绩预告（减亏）,2025-01-18 00:00:00,False,0.089145,True
2025-01-18 00:00:00,603937,预测中,已明说会亏,预告,2024年度业绩预告（首亏）,2025-01-18 00:00:00,False,0.17225,True
2025-01-18 00:00:00,603938,预测中,已明说不会亏,预告,2024年度业绩预告（预减）,2025-01-18 00:00:00,False,0.089287,True
2025-01-18 00:00:00,603956,预测中,已明说会亏,预告,2024年度业绩预告（首亏）,2025-01-18 00:00:00,True,0.669076,True
2025-01-18 00:00:00,603958,预测中,已明说会亏,预告,2024年度业绩预告（增亏）,2025-01-18 00:00:00,False,0.357086,True
2025-01-18 00:00:00,603985,预测中,已明说会亏,预告,2024年度业绩预告（增亏）,2025-01-18 00:00:00,False,0.43912,True
2025-01-18 00:00:00,603988,预测中,已明说会亏,预告,2024年度业绩预告（首亏）,2025-01-18 00:00:00,False,0.394731,True
2025-01-18 00:00:00,603990,预测中,已明说会亏,预告,2024年度业绩预告（减亏）,2025-01-18 00:00:00,True,0.669301,True
2025-01-18 00:00:00,603991,预测中,已明说会亏,预告,2024年度业绩预告（续亏）,2025-01-18 00:00:00,False,0.533123,True
2025-01-18 00:00:00,605069,预测中,已明说会亏,预告,2024年度业绩预告（减亏）,2025-01-18 00:00:00,False,0.259991,True
2025-01-18 00:00:00,605138,预测中,已明说不会亏,预告,2024年度业绩预告（预减）,2025-01-18 00:00:00,True,0.700571,True
2025-01-18 00:00:00,605151,预测中,已明说不会亏,预告,2024年度业绩预告（预减）,2025-01-18 00:00:00,False,0.031964,True
2025-01-18 00:00:00,605168,预测中,已明说不会亏,预告,2024年度业绩预告（预减）,2025-01-18 00:00:00,False,0.201892,True
2025-01-18 00:00:00,605178,预测中,已明说会亏,预告,2024年度业绩预告（增亏）,2025-01-18 00:00:00,True,0.863472,True
2025-01-18 00:00:00,605266,预测中,已明说不会亏,预告,2024年度业绩预告（预减）,2025-01-18 00:00:00,False,0.015717,True
2025-01-18 00:00:00,605287,预测中,已明说会亏,预告,2024年度业绩预告（首亏）,2025-01-18 00:00:00,False,0.170596,True
2025-01-18 00:00:00,605300,预测中,已明说不会亏,预告,2024年度业绩预告（预减）,2025-01-18 00:00:00,False,0.009252,True
2025-01-18 00:00:00,605303,预测中,已明说会亏,预告,2024年度业绩预告（续亏）,2025-01-18 00:00:00,True,0.860179,True
2025-01-18 00:00:00,605318,预测中,已明说会亏,预告,2024年度业绩预告（首亏）,2025-01-18 00:00:00,False,0.537367,True
2025-01-18 00:00:00,605588,预测中,已明说会亏,预告,2024年度业绩预告（首亏）,2025-01-18 00:00:00,False,0.180888,True
2025-01-18 00:00:00,688001,预测中,已明说会亏,预告,2024年度业绩预告（首亏）,2025-01-18 00:00:00,False,0.234524,True
2025-01-18 00:00:00,688010,预测中,已明说不会亏,预告,2024年度业绩预告（扭亏）,2025-01-18 00:00:00,True,0.772406,True
2025-01-18 00:00:00,688011,预测中,已明说会亏,预告,2024年度业绩预告（增亏）,2025-01-18 00:00:00,False,0.462585,True
2025-01-18 00:00:00,688021,预测中,已明说会亏,预告,2024年度业绩预告（增亏）,2025-01-18 00:00:00,True,0.788922,True
2025-01-18 00:00:00,688023,预测中,已明说会亏,预告,2024年度业绩预告（减亏）,2025-01-18 00:00:00,True,0.742038,True
2025-01-18 00:00:00,688026,预测中,已明说不会亏,预告,2024年度业绩预告（预增）,2025-01-18 00:00:00,False,0.060588,True
2025-01-18 00:00:00,688027,预测中,已明说会亏,预告,2024年度业绩预告（减亏）,2025-01-18 00:00:00,True,0.812318,True
2025-01-18 00:00:00,688030,预测中,已明说会亏,预告,2024年度业绩预告（减亏）,2025-01-18 00:00:00,True,0.822276,True
2025-01-18 00:00:00,688039,预测中,已明说会亏,预告,2024年度业绩预告（减亏）,2025-01-18 00:00:00,True,0.87269,True
2025-01-18 00:00:00,688045,预测中,已明说会亏,预告,2024年度业绩预告（续亏）,2025-01-18 00:00:00,False,0.231173,True
2025-01-18 00:00:00,688047,预测中,已明说会亏,预告,2024年度业绩预告（增亏）,2025-01-18 00:00:00,True,0.726237,True
2025-01-18 00:00:00,688051,预测中,已明说会亏,预告,2024年度业绩预告（减亏）,2025-01-18 00:00:00,True,0.780464,True
2025-01-18 00:00:00,688052,预测中,已明说会亏,预告,2024年度业绩预告（增亏）,2025-01-18 00:00:00,True,0.811911,True
2025-01-18 00:00:00,688055,预测中,已明说会亏,预告,2024年度业绩预告（减亏）,2025-01-18 00:00:00,False,0.49704,True
2025-01-18 00:00:00,688058,预测中,已明说会亏,预告,2024年度业绩预告（首亏）,2025-01-18 00:00:00,False,0.652763,True
2025-01-18 00:00:00,688060,预测中,已明说会亏,预告,2024年度业绩预告（增亏）,2025-01-18 00:00:00,False,0.252301,True
2025-01-18 00:00:00,688061,预测中,已明说会亏,预告,2024年度业绩预告（首亏）,2025-01-18 00:00:00,True,0.764244,True
2025-01-18 00:00:00,688062,预测中,已明说会亏,预告,2024年度业绩预告（续亏）,2025-01-18 00:00:00,True,0.848544,True
2025-01-18 00:00:00,688063,预测中,已明说不会亏,预告,2024年度业绩预告（预减）,2025-01-18 00:00:00,False,0.459891,True
2025-01-18 00:00:00,688070,预测中,已明说会亏,预告,2024年度业绩预告（减亏）,2025-01-18 00:00:00,True,0.765177,True
2025-01-18 00:00:00,688081,预测中,已明说会亏,预告,2024年度业绩预告（增亏）,2025-01-18 00:00:00,True,0.809429,True
2025-01-18 00:00:00,688084,预测中,已明说会亏,预告,2024年度业绩预告（首亏）,2025-01-18 00:00:00,False,0.559661,True
2025-01-18 00:00:00,688090,预测中,已明说不会亏,预告,2024年度业绩预告（预减）,2025-01-18 00:00:00,False,0.210877,True
2025-01-18 00:00:00,688091,预测中,已明说不会亏,预告,2024年度业绩预告（预减）,2025-01-18 00:00:00,False,0.011527,True
2025-01-18 00:00:00,688096,预测中,已明说会亏,预告,2024年度业绩预告（减亏）,2025-01-18 00:00:00,True,0.809481,True
2025-01-18 00:00:00,688098,预测中,已明说会亏,预告,2024年度业绩预告（首亏）,2025-01-18 00:00:00,True,0.6602,True
2025-01-18 00:00:00,688107,预测中,已明说会亏,预告,2024年度业绩预告（续亏）,2025-01-18 00:00:00,True,0.785649,True
2025-01-18 00:00:00,688110,预测中,已明说会亏,预告,2024年度业绩预告（减亏）,2025-01-18 00:00:00,False,0.608242,True
2025-01-18 00:00:00,688118,预测中,已明说不会亏,预告,2024年度业绩预告（扭亏）,2025-01-18 00:00:00,True,0.878502,True
2025-01-18 00:00:00,688123,预测中,已明说不会亏,预告,2024年度业绩预告（预增）,2025-01-18 00:00:00,False,0.007589,True
2025-01-18 00:00:00,688125,预测中,已明说会亏,预告,2024年度业绩预告（首亏）,2025-01-18 00:00:00,False,0.339437,True
2025-01-18 00:00:00,688126,预测中,已明说会亏,预告,2024年度业绩预告（首亏）,2025-01-18 00:00:00,False,0.569191,True
2025-01-18 00:00:00,688130,预测中,已明说会亏,预告,2024年度业绩预告（减亏）,2025-01-18 00:00:00,True,0.660801,True
2025-01-18 00:00:00,688136,预测中,已明说不会亏,预告,2024年度业绩预告（扭亏）,2025-01-18 00:00:00,False,0.13082,True
2025-01-18 00:00:00,688137,预测中,已明说会亏,预告,2024年度业绩预告（首亏）,2025-01-18 00:00:00,False,0.49377,True
2025-01-18 00:00:00,688153,预测中,已明说会亏,预告,2024年度业绩预告（首亏）,2025-01-18 00:00:00,False,0.055025,True
2025-01-18 00:00:00,688156,预测中,已明说会亏,预告,2024年度业绩预告（首亏）,2025-01-18 00:00:00,False,0.193831,True
2025-01-18 00:00:00,688175,预测中,已明说会亏,预告,2024年度业绩预告（首亏）,2025-01-18 00:00:00,False,0.412549,True
2025-01-18 00:00:00,688176,预测中,已明说会亏,预告,2024年度业绩预告（续亏）,2025-01-18 00:00:00,True,0.940168,True
2025-01-18 00:00:00,688177,预测中,已明说会亏,预告,2024年度业绩预告（增亏）,2025-01-18 00:00:00,True,0.828561,True
2025-01-18 00:00:00,688180,预测中,已明说会亏,预告,2024年度业绩预告（减亏）,2025-01-18 00:00:00,True,0.882394,True
2025-01-18 00:00:00,688185,预测中,已明说会亏,预告,2024年度业绩预告（减亏）,2025-01-18 00:00:00,True,0.899754,True
2025-01-18 00:00:00,688193,预测中,已明说会亏,预告,2024年度业绩预告（首亏）,2025-01-18 00:00:00,False,0.199403,True
2025-01-18 00:00:00,688199,预测中,已明说会亏,预告,2024年度业绩预告（减亏）,2025-01-18 00:00:00,False,0.280926,True
2025-01-18 00:00:00,688201,预测中,已明说会亏,预告,2024年度业绩预告（首亏）,2025-01-18 00:00:00,False,0.400022,True
2025-01-18 00:00:00,688202,预测中,已明说会亏,预告,2024年度业绩预告（增亏）,2025-01-18 00:00:00,True,0.934543,True
2025-01-18 00:00:00,688206,预测中,已明说会亏,预告,2024年度业绩预告（增亏）,2025-01-18 00:00:00,True,0.75256,True
2025-01-18 00:00:00,688207,预测中,已明说会亏,预告,2024年度业绩预告（增亏）,2025-01-18 00:00:00,True,0.766714,True
2025-01-18 00:00:00,688216,预测中,已明说会亏,预告,2024年度业绩预告（减亏）,2025-01-18 00:00:00,True,0.688434,True
2025-01-18 00:00:00,688217,预测中,已明说会亏,预告,2024年度业绩预告（首亏）,2025-01-18 00:00:00,False,0.649803,True
2025-01-18 00:00:00,688220,预测中,已明说会亏,预告,2024年度业绩预告（增亏）,2025-01-18 00:00:00,False,0.559633,True
2025-01-18 00:00:00,688221,预测中,已明说会亏,预告,2024年度业绩预告（减亏）,2025-01-18 00:00:00,True,0.869874,True
2025-01-18 00:00:00,688223,预测中,已明说不会亏,预告,2024年度业绩预告（预减）,2025-01-18 00:00:00,False,0.008386,True
2025-01-18 00:00:00,688246,预测中,已明说会亏,预告,2024年度业绩预告（首亏）,2025-01-18 00:00:00,False,0.55828,True
2025-01-18 00:00:00,688265,预测中,已明说不会亏,预告,2024年度业绩预告（扭亏）,2025-01-18 00:00:00,True,0.915064,True
2025-01-18 00:00:00,688266,预测中,已明说会亏,预告,2024年度业绩预告（减亏）,2025-01-18 00:00:00,True,0.770384,True
2025-01-18 00:00:00,688270,预测中,已明说不会亏,预告,2024年度业绩预告（预减）,2025-01-18 00:00:00,False,0.367213,True
2025-01-18 00:00:00,688283,预测中,已明说不会亏,预告,2024年度业绩预告（预减）,2025-01-18 00:00:00,False,0.024099,True
2025-01-18 00:00:00,688286,预测中,已明说会亏,预告,2024年度业绩预告（减亏）,2025-01-18 00:00:00,False,0.536422,True
2025-01-18 00:00:00,688293,预测中,已明说不会亏,预告,2024年度业绩预告（预减）,2025-01-18 00:00:00,False,0.064216,True
2025-01-18 00:00:00,688295,预测中,已明说会亏,预告,2024年度业绩预告（首亏）,2025-01-18 00:00:00,False,0.136839,True
2025-01-18 00:00:00,688299,预测中,已明说不会亏,预告,2024年度业绩预告（预减）,2025-01-18 00:00:00,False,0.199908,True
2025-01-18 00:00:00,688302,预测中,已明说会亏,预告,2024年度业绩预告（减亏）,2025-01-18 00:00:00,True,0.909438,True
2025-01-18 00:00:00,688303,预测中,已明说会亏,预告,2024年度业绩预告（首亏）,2025-01-18 00:00:00,False,0.037542,True
2025-01-18 00:00:00,688310,预测中,已明说会亏,预告,2024年度业绩预告（首亏）,2025-01-18 00:00:00,False,0.009787,True
2025-01-18 00:00:00,688311,预测中,已明说会亏,预告,2024年度业绩预告（增亏）,2025-01-18 00:00:00,True,0.684905,True
2025-01-18 00:00:00,688313,预测中,已明说不会亏,预告,2024年度业绩预告（扭亏）,2025-01-18 00:00:00,False,0.074088,True
2025-01-18 00:00:00,688317,预测中,已明说会亏,预告,2024年度业绩预告（续亏）,2025-01-18 00:00:00,False,0.069902,True
2025-01-18 00:00:00,688320,预测中,已明说会亏,预告,2024年度业绩预告（首亏）,2025-01-18 00:00:00,True,0.735381,True
2025-01-18 00:00:00,688321,预测中,已明说会亏,预告,2024年度业绩预告（首亏）,2025-01-18 00:00:00,False,0.337845,True
2025-01-18 00:00:00,688323,预测中,已明说会亏,预告,2024年度业绩预告（增亏）,2025-01-18 00:00:00,True,0.73258,True
2025-01-18 00:00:00,688327,预测中,已明说会亏,预告,2024年度业绩预告（续亏）,2025-01-18 00:00:00,True,0.864501,True
2025-01-18 00:00:00,688335,预测中,已明说会亏,预告,2024年度业绩预告（首亏）,2025-01-18 00:00:00,False,0.190814,True
2025-01-18 00:00:00,688343,预测中,已明说会亏,预告,2024年度业绩预告（增亏）,2025-01-18 00:00:00,True,0.867921,True
2025-01-18 00:00:00,688350,预测中,已明说会亏,预告,2024年度业绩预告（首亏）,2025-01-18 00:00:00,False,0.06002,True
2025-01-18 00:00:00,688353,预测中,已明说会亏,预告,2024年度业绩预告（增亏）,2025-01-18 00:00:00,True,0.810225,True
2025-01-18 00:00:00,688356,预测中,已明说不会亏,预告,2024年度业绩预告（预减）,2025-01-18 00:00:00,False,0.043856,True
2025-01-18 00:00:00,688357,预测中,已明说不会亏,预告,2024年度业绩预告（预减）,2025-01-18 00:00:00,False,0.022887,True
2025-01-18 00:00:00,688381,预测中,已明说会亏,预告,2024年度业绩预告（首亏）,2025-01-18 00:00:00,False,0.121922,True
2025-01-18 00:00:00,688382,预测中,已明说会亏,预告,2024年度业绩预告（减亏）,2025-01-18 00:00:00,True,0.839985,True
2025-01-18 00:00:00,688387,预测中,已明说会亏,预告,2024年度业绩预告（减亏）,2025-01-18 00:00:00,False,0.399485,True
2025-01-18 00:00:00,688388,预测中,已明说会亏,预告,2024年度业绩预告（首亏）,2025-01-18 00:00:00,False,0.523658,True
2025-01-18 00:00:00,688416,预测中,已明说会亏,预告,2024年度业绩预告（减亏）,2025-01-18 00:00:00,True,0.867756,True
2025-01-18 00:00:00,688420,预测中,已明说不会亏,预告,2024年度业绩预告（预减）,2025-01-18 00:00:00,False,0.070849,True
2025-01-18 00:00:00,688435,预测中,已明说会亏,预告,2024年度业绩预告（首亏）,2025-01-18 00:00:00,False,0.558879,True
2025-01-18 00:00:00,688439,预测中,已明说不会亏,预告,2024年度业绩预告（预减）,2025-01-18 00:00:00,False,0.011963,True
2025-01-18 00:00:00,688443,预测中,已明说会亏,预告,2024年度业绩预告（续亏）,2025-01-18 00:00:00,True,0.833979,True
2025-01-18 00:00:00,688455,预测中,已明说会亏,预告,2024年度业绩预告（减亏）,2025-01-18 00:00:00,False,0.626125,True
2025-01-18 00:00:00,688485,预测中,已明说不会亏,预告,2024年度业绩预告（预增）,2025-01-18 00:00:00,False,0.557434,True
2025-01-18 00:00:00,688488,预测中,已明说会亏,预告,2024年度业绩预告（增亏）,2025-01-18 00:00:00,False,0.642757,True
2025-01-18 00:00:00,688496,预测中,已明说会亏,预告,2024年度业绩预告（减亏）,2025-01-18 00:00:00,False,0.591786,True
2025-01-18 00:00:00,688498,预测中,已明说会亏,预告,2024年度业绩预告（首亏）,2025-01-18 00:00:00,False,0.127872,True
2025-01-18 00:00:00,688505,预测中,已明说不会亏,预告,2024年度业绩预告（预减）,2025-01-18 00:00:00,False,0.468433,True
2025-01-18 00:00:00,688511,预测中,已明说会亏,预告,2024年度业绩预告（首亏）,2025-01-18 00:00:00,False,0.033208,True
2025-01-18 00:00:00,688520,预测中,已明说不会亏,预告,2024年度业绩预告（扭亏）,2025-01-18 00:00:00,False,0.174485,True
2025-01-18 00:00:00,688528,预测中,已明说会亏,预告,2024年度业绩预告（增亏）,2025-01-18 00:00:00,True,0.684276,True
2025-01-18 00:00:00,688529,预测中,已明说会亏,预告,2024年度业绩预告（首亏）,2025-01-18 00:00:00,False,0.307539,True
2025-01-18 00:00:00,688536,预测中,已明说会亏,预告,2024年度业绩预告（增亏）,2025-01-18 00:00:00,True,0.806726,True
2025-01-18 00:00:00,688560,预测中,已明说会亏,预告,2024年度业绩预告（增亏）,2025-01-18 00:00:00,False,0.623703,True
2025-01-18 00:00:00,688561,预测中,已明说会亏,预告,2024年度业绩预告（首亏）,2025-01-18 00:00:00,True,0.688489,True
2025-01-18 00:00:00,688573,预测中,已明说会亏,预告,2024年度业绩预告（首亏）,2025-01-18 00:00:00,False,0.608678,True
2025-01-18 00:00:00,688592,预测中,已明说会亏,预告,2024年度业绩预告（首亏）,2025-01-18 00:00:00,False,0.146,True
2025-01-18 00:00:00,688595,预测中,已明说会亏,预告,2024年度业绩预告（增亏）,2025-01-18 00:00:00,True,0.676065,True
2025-01-18 00:00:00,688609,预测中,已明说会亏,预告,2024年度业绩预告（减亏）,2025-01-18 00:00:00,False,0.219457,True
2025-01-18 00:00:00,688639,预测中,已明说不会亏,预告,2024年度业绩预告（预减）,2025-01-18 00:00:00,False,0.013339,True
2025-01-18 00:00:00,688648,预测中,已明说会亏,预告,2024年度业绩预告（首亏）,2025-01-18 00:00:00,False,0.350754,True
2025-01-18 00:00:00,688655,预测中,已明说会亏,预告,2024年度业绩预告（首亏）,2025-01-18 00:00:00,False,0.392974,True
2025-01-18 00:00:00,688659,预测中,已明说会亏,预告,2024年度业绩预告（增亏）,2025-01-18 00:00:00,False,0.560841,True
2025-01-18 00:00:00,688660,预测中,已明说会亏,预告,2024年度业绩预告（减亏）,2025-01-18 00:00:00,True,0.821388,True
2025-01-18 00:00:00,688667,预测中,已明说不会亏,预告,2024年度业绩预告（预减）,2025-01-18 00:00:00,False,0.258917,True
2025-01-18 00:00:00,688668,预测中,已明说不会亏,预告,2024年度业绩预告（预增）,2025-01-18 00:00:00,False,0.037985,True
2025-01-18 00:00:00,688669,预测中,已明说会亏,预告,2024年度业绩预告（首亏）,2025-01-18 00:00:00,False,0.53242,True
2025-01-18 00:00:00,688670,预测中,已明说会亏,预告,2024年度业绩预告（增亏）,2025-01-18 00:00:00,True,0.768518,True
2025-01-18 00:00:00,688671,预测中,已明说会亏,预告,2024年度业绩预告（首亏）,2025-01-18 00:00:00,True,0.667019,True
2025-01-18 00:00:00,688680,预测中,已明说会亏,预告,2024年度业绩预告（增亏）,2025-01-18 00:00:00,True,0.676502,True
2025-01-18 00:00:00,688700,预测中,已明说不会亏,预告,2024年度业绩预告（预减）,2025-01-18 00:00:00,False,0.055812,True
2025-01-18 00:00:00,688701,预测中,已明说会亏,预告,2024年度业绩预告（减亏）,2025-01-18 00:00:00,True,0.810625,True
2025-01-18 00:00:00,688707,预测中,已明说会亏,预告,2024年度业绩预告（首亏）,2025-01-18 00:00:00,False,0.573891,True
2025-01-18 00:00:00,688737,预测中,已明说会亏,预告,2024年度业绩预告（首亏）,2025-01-18 00:00:00,False,0.198233,True
2025-01-18 00:00:00,688788,预测中,已明说会亏,预告,2024年度业绩预告（增亏）,2025-01-18 00:00:00,True,0.751465,True
2025-01-19 00:00:00,000695,预测中,已明说会亏,预告,2024年度业绩预告（增亏）,2025-01-19 00:00:00,False,0.348274,True
2025-01-19 00:00:00,001270,预测中,已明说会亏,预告,2024年度业绩预告（首亏）,2025-01-19 00:00:00,False,0.316084,True
2025-01-19 00:00:00,002059,预测中,已明说会亏,预告,2024年度业绩预告（减亏）,2025-01-19 00:00:00,True,0.674158,True
2025-01-19 00:00:00,002073,预测中,已明说不会亏,预告,2024年度业绩预告（预增）,2025-01-19 00:00:00,False,0.015812,True
2025-01-19 00:00:00,002348,预测中,已明说会亏,预告,2024年度业绩预告（续亏）,2025-01-19 00:00:00,True,0.891503,True
2025-01-19 00:00:00,002855,预测中,已明说会亏,预告,2024年度业绩预告（增亏）,2025-01-19 00:00:00,True,0.841351,True
2025-01-19 00:00:00,002903,预测中,已明说不会亏,预告,2024年度业绩预告（预减）,2025-01-19 00:00:00,False,0.026971,True
2025-01-19 00:00:00,300043,预测中,已明说会亏,预告,2024年度业绩预告（首亏）,2025-01-19 00:00:00,True,0.920364,True
2025-01-19 00:00:00,300128,预测中,已明说会亏,预告,2024年度业绩预告（增亏）,2025-01-19 00:00:00,True,0.851824,True
2025-01-19 00:00:00,300151,预测中,已明说不会亏,预告,2024年度业绩预告（预增）,2025-01-19 00:00:00,False,0.136387,True
2025-01-19 00:00:00,300437,预测中,已明说会亏,预告,2024年度业绩预告（增亏）,2025-01-19 00:00:00,False,0.626518,True
2025-01-19 00:00:00,300469,预测中,已明说会亏,预告,2024年度业绩预告（减亏）,2025-01-19 00:00:00,True,0.839924,True
2025-01-19 00:00:00,300902,预测中,已明说会亏,预告,2024年度业绩预告（首亏）,2025-01-19 00:00:00,False,0.067128,True
2025-01-19 00:00:00,300936,预测中,已明说不会亏,预告,2024年度业绩预告（预减）,2025-01-19 00:00:00,False,0.017495,True
2025-01-19 00:00:00,301231,预测中,已明说会亏,预告,2024年度业绩预告（首亏）,2025-01-19 00:00:00,True,0.667138,True
2025-01-19 00:00:00,301396,预测中,已明说会亏,预告,2024年度业绩预告（首亏）,2025-01-19 00:00:00,False,0.480841,True
2025-01-20 00:00:00,300050,预测中,已明说会亏,预告,2024年度业绩预告（减亏）,2025-01-20 00:00:00,False,0.612331,True
2025-01-20 00:00:00,300071,预测中,已明说会亏,预告,2024年度业绩预告（增亏）,2025-01-20 00:00:00,True,0.734424,True
2025-01-20 00:00:00,300123,预测中,已明说会亏,预告,2024年度业绩预告（增亏）,2025-01-20 00:00:00,True,0.766737,True
2025-01-20 00:00:00,300125,预测中,已明说会亏,预告,2024年度业绩预告（增亏）,2025-01-20 00:00:00,True,0.859391,True
2025-01-20 00:00:00,300159,预测中,已明说会亏,预告,2024年度业绩预告（增亏）,2025-01-20 00:00:00,True,0.73296,True
2025-01-20 00:00:00,300205,预测中,已明说会亏,预告,2024年度业绩预告（首亏）,2025-01-20 00:00:00,False,0.415434,True
2025-01-20 00:00:00,300219,预测中,已明说不会亏,预告,2024年度业绩预告（预减）,2025-01-20 00:00:00,False,0.050911,True
2025-01-20 00:00:00,300225,预测中,已明说不会亏,预告,2024年度业绩预告（预增）,2025-01-20 00:00:00,False,0.273318,True
2025-01-20 00:00:00,300265,预测中,已明说不会亏,预告,2024年度业绩预告（预减）,2025-01-20 00:00:00,False,0.06357,True
2025-01-20 00:00:00,300305,预测中,已明说会亏,预告,2024年度业绩预告（首亏）,2025-01-20 00:00:00,True,0.776623,True
2025-01-20 00:00:00,300363,预测中,已明说会亏,预告,2024年度业绩预告（首亏）,2025-01-20 00:00:00,True,0.74477,True
2025-01-20 00:00:00,300369,预测中,已明说会亏,预告,2024年度业绩预告（减亏）,2025-01-20 00:00:00,True,0.673259,True
2025-01-20 00:00:00,300374,预测中,已明说会亏,预告,2024年度业绩预告（减亏）,2025-01-20 00:00:00,True,0.84133,True
2025-01-20 00:00:00,300375,预测中,已明说不会亏,预告,2024年度业绩预告（预增）,2025-01-20 00:00:00,False,0.187154,True
2025-01-20 00:00:00,300385,预测中,已明说会亏,预告,2024年度业绩预告（增亏）,2025-01-20 00:00:00,True,0.808511,True
2025-01-20 00:00:00,300427,预测中,已明说会亏,预告,2024年度业绩预告（减亏）,2025-01-20 00:00:00,True,0.747163,True
2025-01-20 00:00:00,300441,预测中,已明说不会亏,预告,2024年度业绩预告（预增）,2025-01-20 00:00:00,False,0.006281,True
2025-01-20 00:00:00,300449,预测中,已明说会亏,预告,2024年度业绩预告（减亏）,2025-01-20 00:00:00,False,0.077603,True
2025-01-20 00:00:00,300464,预测中,已明说会亏,预告,2024年度业绩预告（增亏）,2025-01-20 00:00:00,True,0.706369,True
2025-01-20 00:00:00,300490,预测中,已明说会亏,预告,2024年度业绩预告（增亏）,2025-01-20 00:00:00,False,0.379467,True
2025-01-20 00:00:00,300502,预测中,已明说不会亏,预告,2024年度业绩预告（预增）,2025-01-20 00:00:00,False,0.004832,True
2025-01-20 00:00:00,300517,预测中,已明说不会亏,预告,2024年度业绩预告（预增）,2025-01-20 00:00:00,False,0.196195,True
2025-01-20 00:00:00,300535,预测中,已明说会亏,预告,2024年度业绩预告（首亏）,2025-01-20 00:00:00,False,0.088213,True
2025-01-20 00:00:00,300538,预测中,已明说会亏,预告,2024年度业绩预告（首亏）,2025-01-20 00:00:00,False,0.087683,True
2025-01-20 00:00:00,300564,预测中,已明说不会亏,预告,2024年度业绩预告（预减）,2025-01-20 00:00:00,False,0.510519,True
2025-01-20 00:00:00,300565,预测中,已明说会亏,预告,2024年度业绩预告（减亏）,2025-01-20 00:00:00,True,0.834671,True
2025-01-20 00:00:00,300570,预测中,已明说不会亏,预告,2024年度业绩预告（预增）,2025-01-20 00:00:00,False,0.007321,True
2025-01-20 00:00:00,300576,预测中,已明说不会亏,预告,2024年度业绩预告（预增）,2025-01-20 00:00:00,False,0.058789,True
2025-01-20 00:00:00,300665,预测中,已明说会亏,预告,2024年度业绩预告（首亏）,2025-01-20 00:00:00,True,0.678678,True
2025-01-20 00:00:00,300668,预测中,已明说会亏,预告,2024年度业绩预告（首亏）,2025-01-20 00:00:00,False,0.139907,True
2025-01-20 00:00:00,300700,预测中,已明说会亏,预告,2024年度业绩预告（首亏）,2025-01-20 00:00:00,False,0.331254,True
2025-01-20 00:00:00,300746,预测中,已明说会亏,预告,2024年度业绩预告（首亏）,2025-01-20 00:00:00,False,0.401152,True
2025-01-20 00:00:00,300748,预测中,已明说不会亏,预告,2024年度业绩预告（预减）,2025-01-20 00:00:00,False,0.010244,True
2025-01-20 00:00:00,300786,预测中,已明说会亏,预告,2024年度业绩预告（增亏）,2025-01-20 00:00:00,True,0.746539,True
2025-01-20 00:00:00,300861,预测中,已明说不会亏,预告,2024年度业绩预告（预减）,2025-01-20 00:00:00,False,0.006196,True
2025-01-20 00:00:00,300884,预测中,已明说会亏,预告,2024年度业绩预告（首亏）,2025-01-20 00:00:00,False,0.242919,True
2025-01-20 00:00:00,300903,预测中,已明说会亏,预告,2024年度业绩预告（增亏）,2025-01-20 00:00:00,True,0.767005,True
2025-01-20 00:00:00,300913,预测中,已明说不会亏,预告,2024年度业绩预告（预增）,2025-01-20 00:00:00,False,0.014233,True
2025-01-20 00:00:00,300921,预测中,已明说不会亏,预告,2024年度业绩预告（预减）,2025-01-20 00:00:00,False,0.179883,True
2025-01-20 00:00:00,300937,预测中,已明说不会亏,预告,2024年度业绩预告（预减）,2025-01-20 00:00:00,False,0.043584,True
2025-01-20 00:00:00,300953,预测中,已明说不会亏,预告,2024年度业绩预告（预增）,2025-01-20 00:00:00,False,0.052153,True
2025-01-20 00:00:00,300973,预测中,已明说不会亏,预告,2024年度业绩预告（预增）,2025-01-20 00:00:00,False,0.062668,True
2025-01-20 00:00:00,300976,预测中,已明说不会亏,预告,2024年度业绩预告（预增）,2025-01-20 00:00:00,False,0.145776,True
2025-01-20 00:00:00,300977,预测中,已明说会亏,预告,2024年度业绩预告（首亏）,2025-01-20 00:00:00,False,0.172009,True
2025-01-20 00:00:00,300982,预测中,已明说不会亏,预告,2024年度业绩预告（预减）,2025-01-20 00:00:00,False,0.355581,True
2025-01-20 00:00:00,300986,预测中,已明说不会亏,预告,2024年度业绩预告（扭亏）,2025-01-20 00:00:00,True,0.773031,True
2025-01-20 00:00:00,300998,预测中,已明说会亏,预告,2024年度业绩预告（续亏）,2025-01-20 00:00:00,True,0.673419,True
2025-01-20 00:00:00,301009,预测中,已明说不会亏,预告,2024年度业绩预告（预增）,2025-01-20 00:00:00,False,0.054591,True
2025-01-20 00:00:00,301045,预测中,已明说不会亏,预告,2024年度业绩预告（预增）,2025-01-20 00:00:00,False,0.114764,True
2025-01-20 00:00:00,301072,预测中,已明说会亏,预告,2024年度业绩预告（首亏）,2025-01-20 00:00:00,False,0.196483,True
2025-01-20 00:00:00,301117,预测中,已明说不会亏,预告,2024年度业绩预告（扭亏）,2025-01-20 00:00:00,True,0.786845,True
2025-01-20 00:00:00,301150,预测中,已明说会亏,预告,2024年度业绩预告（首亏）,2025-01-20 00:00:00,False,0.595249,True
2025-01-20 00:00:00,301166,预测中,已明说不会亏,预告,2024年度业绩预告（预减）,2025-01-20 00:00:00,False,0.439101,True
2025-01-20 00:00:00,301183,预测中,已明说不会亏,预告,2024年度业绩预告（扭亏）,2025-01-20 00:00:00,False,0.170424,True
2025-01-20 00:00:00,301189,预测中,已明说会亏,预告,2024年度业绩预告（增亏）,2025-01-20 00:00:00,True,0.8616,True
2025-01-20 00:00:00,301190,预测中,已明说不会亏,预告,2024年度业绩预告（预增）,2025-01-20 00:00:00,False,0.041244,True
2025-01-20 00:00:00,301206,预测中,已明说不会亏,预告,2024年度业绩预告（预增）,2025-01-20 00:00:00,False,0.03534,True
2025-01-20 00:00:00,301209,预测中,已明说不会亏,预告,2024年度业绩预告（预增）,2025-01-20 00:00:00,False,0.005604,True
2025-01-20 00:00:00,301227,预测中,已明说会亏,预告,2024年度业绩预告（首亏）,2025-01-20 00:00:00,False,0.240113,True
2025-01-20 00:00:00,301228,预测中,已明说会亏,预告,2024年度业绩预告（减亏）,2025-01-20 00:00:00,False,0.54219,True
2025-01-20 00:00:00,301230,预测中,已明说不会亏,预告,2024年度业绩预告（预减）,2025-01-20 00:00:00,False,0.611139,True
2025-01-20 00:00:00,301237,预测中,已明说会亏,预告,2024年度业绩预告（首亏）,2025-01-20 00:00:00,False,0.615858,True
2025-01-20 00:00:00,301280,预测中,已明说不会亏,预告,2024年度业绩预告（略增）,2025-01-20 00:00:00,False,0.0046,True
2025-01-20 00:00:00,301300,预测中,已明说不会亏,预告,2024年度业绩预告（预增）,2025-01-20 00:00:00,False,0.025809,True
2025-01-20 00:00:00,301318,预测中,已明说不会亏,预告,2024年度业绩预告（预增）,2025-01-20 00:00:00,False,0.025279,True
2025-01-20 00:00:00,301372,预测中,已明说会亏,预告,2024年度业绩预告（首亏）,2025-01-20 00:00:00,True,0.853403,True
2025-01-20 00:00:00,301388,预测中,已明说不会亏,预告,2024年度业绩预告（预减）,2025-01-20 00:00:00,False,0.092468,True
2025-01-20 00:00:00,301505,预测中,已明说不会亏,预告,2024年度业绩预告（预减）,2025-01-20 00:00:00,False,0.019718,True
2025-01-20 00:00:00,301515,预测中,已明说不会亏,预告,2024年度业绩预告（预减）,2025-01-20 00:00:00,False,0.09779,True
2025-01-20 00:00:00,301518,预测中,已明说不会亏,预告,2024年度业绩预告（预减）,2025-01-20 00:00:00,False,0.006401,True
2025-01-20 00:00:00,301555,预测中,已明说不会亏,预告,2024年度业绩预告（预减）,2025-01-20 00:00:00,False,0.274936,True
2025-01-20 00:00:00,600219,预测中,已明说不会亏,预告,2024年度业绩预告（略增）,2025-01-20 00:00:00,False,0.004935,True
2025-01-20 00:00:00,600420,预测中,已明说不会亏,预告,2024年度业绩预告（预增）,2025-01-20 00:00:00,False,0.008152,True
2025-01-20 00:00:00,600810,预测中,已明说不会亏,预告,2024年度业绩预告（预减）,2025-01-20 00:00:00,False,0.113099,True
2025-01-20 00:00:00,603595,预测中,已明说不会亏,预告,2024年度业绩预告（扭亏）,2025-01-20 00:00:00,False,0.623563,True
2025-01-20 00:00:00,605020,预测中,已明说不会亏,预告,2024年度业绩预告（预增）,2025-01-20 00:00:00,False,0.044587,True
2025-01-20 00:00:00,605319,预测中,已明说不会亏,预告,2024年度业绩预告（预增）,2025-01-20 00:00:00,False,0.014421,True
2025-01-20 00:00:00,688410,预测中,已明说不会亏,预告,2024年度业绩预告（预减）,2025-01-20 00:00:00,False,0.038297,True
2025-01-21 00:00:00,000006,预测中,已明说会亏,预告,2024年度业绩预告（增亏）,2025-01-21 00:00:00,False,0.383693,True
2025-01-21 00:00:00,000059,预测中,已明说会亏,预告,2024年度业绩预告（首亏）,2025-01-21 00:00:00,False,0.237769,True
2025-01-21 00:00:00,000090,预测中,已明说不会亏,预告,2024年度业绩预告（预减）,2025-01-21 00:00:00,False,0.030678,True
2025-01-21 00:00:00,000426,预测中,已明说不会亏,预告,2024年度业绩预告（预增）,2025-01-21 00:00:00,False,0.027853,True
2025-01-21 00:00:00,000430,预测中,已明说会亏,预告,2024年度业绩预告（增亏）,2025-01-21 00:00:00,True,0.812019,True
2025-01-21 00:00:00,000510,预测中,已明说会亏,预告,2024年度业绩预告（减亏）,2025-01-21 00:00:00,True,0.824119,True
2025-01-21 00:00:00,000514,预测中,已明说会亏,预告,2024年度业绩预告（首亏）,2025-01-21 00:00:00,False,0.228373,True
2025-01-21 00:00:00,000525,预测中,已明说不会亏,预告,2024年度业绩预告（扭亏）,2025-01-21 00:00:00,False,0.41956,True
2025-01-21 00:00:00,000547,预测中,已明说会亏,预告,2024年度业绩预告（减亏）,2025-01-21 00:00:00,True,0.888126,True
2025-01-21 00:00:00,000558,预测中,已明说会亏,预告,2024年度业绩预告（首亏）,2025-01-21 00:00:00,False,0.123072,True
2025-01-21 00:00:00,000570,预测中,已明说不会亏,预告,2024年度业绩预告（预减）,2025-01-21 00:00:00,False,0.053212,True
2025-01-21 00:00:00,000586,预测中,已明说会亏,预告,2024年度业绩预告（首亏）,2025-01-21 00:00:00,False,0.112781,True
2025-01-21 00:00:00,000592,预测中,已明说会亏,预告,2024年度业绩预告（减亏）,2025-01-21 00:00:00,False,0.488068,True
2025-01-21 00:00:00,000600,预测中,已明说不会亏,预告,2024年度业绩预告（预增）,2025-01-21 00:00:00,False,0.193758,True
2025-01-21 00:00:00,000601,预测中,已明说不会亏,预告,2024年度业绩预告（扭亏）,2025-01-21 00:00:00,False,0.082055,True
2025-01-21 00:00:00,000610,预测中,已明说会亏,预告,2024年度业绩预告（增亏）,2025-01-21 00:00:00,False,0.644968,True
2025-01-21 00:00:00,000615,预测中,已明说会亏,预告,2024年度业绩预告（续亏）,2025-01-21 00:00:00,True,0.707452,True
2025-01-21 00:00:00,000631,预测中,已明说不会亏,预告,2024年度业绩预告（预减）,2025-01-21 00:00:00,False,0.077435,True
2025-01-21 00:00:00,000632,预测中,已明说会亏,预告,2024年度业绩预告（增亏）,2025-01-21 00:00:00,False,0.283026,True
2025-01-21 00:00:00,000663,预测中,已明说会亏,预告,2024年度业绩预告（首亏）,2025-01-21 00:00:00,False,0.054957,True
2025-01-21 00:00:00,000665,预测中,已明说会亏,预告,2024年度业绩预告（增亏）,2025-01-21 00:00:00,True,0.818089,True
2025-01-21 00:00:00,000688,预测中,已明说会亏,预告,2024年度业绩预告（首亏）,2025-01-21 00:00:00,False,0.258473,True
2025-01-21 00:00:00,000725,预测中,已明说不会亏,预告,2024年度业绩预告（预增）,2025-01-21 00:00:00,False,0.027406,True
2025-01-21 00:00:00,000752,预测中,已明说不会亏,预告,2024年度业绩预告（扭亏）,2025-01-21 00:00:00,False,0.108454,True
2025-01-21 00:00:00,000767,预测中,已明说不会亏,预告,2024年度业绩预告（扭亏）,2025-01-21 00:00:00,True,0.800982,True
2025-01-21 00:00:00,000778,预测中,已明说不会亏,预告,2024年度业绩预告（预减）,2025-01-21 00:00:00,False,0.05377,True
2025-01-21 00:00:00,000793,预测中,已明说会亏,预告,2024年度业绩预告（减亏）,2025-01-21 00:00:00,True,0.725559,True
2025-01-21 00:00:00,000809,预测中,已明说会亏,预告,2024年度业绩预告（增亏）,2025-01-21 00:00:00,False,0.571873,True
2025-01-21 00:00:00,000826,预测中,已明说会亏,预告,2024年度业绩预告（增亏）,2025-01-21 00:00:00,True,0.811079,True
2025-01-21 00:00:00,000838,预测中,已明说会亏,预告,2024年度业绩预告（续亏）,2025-01-21 00:00:00,False,0.267211,True
2025-01-21 00:00:00,000910,预测中,已明说不会亏,预告,2024年度业绩预告（预减）,2025-01-21 00:00:00,False,0.19448,True
2025-01-21 00:00:00,000953,预测中,已明说不会亏,预告,2024年度业绩预告（扭亏）,2025-01-21 00:00:00,False,0.329776,True
2025-01-21 00:00:00,000970,预测中,已明说不会亏,预告,2024年度业绩预告（预减）,2025-01-21 00:00:00,False,0.277735,True
2025-01-21 00:00:00,000978,预测中,已明说会亏,预告,2024年度业绩预告（首亏）,2025-01-21 00:00:00,True,0.750682,True
2025-01-21 00:00:00,000985,预测中,已明说不会亏,预告,2024年度业绩预告（预增）,2025-01-21 00:00:00,False,0.061774,True
2025-01-21 00:00:00,001201,预测中,已明说会亏,预告,2024年度业绩预告（减亏）,2025-01-21 00:00:00,False,0.55162,True
2025-01-21 00:00:00,001223,预测中,已明说不会亏,预告,2024年度业绩预告（预减）,2025-01-21 00:00:00,False,0.019251,True
2025-01-21 00:00:00,001255,预测中,已明说不会亏,预告,2024年度业绩预告（预减）,2025-01-21 00:00:00,False,0.419151,True
2025-01-21 00:00:00,001314,预测中,已明说不会亏,预告,2024年度业绩预告（预减）,2025-01-21 00:00:00,False,0.226691,True
2025-01-21 00:00:00,001339,预测中,已明说不会亏,预告,2024年度业绩预告（预增）,2025-01-21 00:00:00,False,0.165157,True
2025-01-21 00:00:00,001373,预测中,已明说不会亏,预告,2024年度业绩预告（预减）,2025-01-21 00:00:00,False,0.101032,True
2025-01-21 00:00:00,002012,预测中,已明说不会亏,预告,2024年度业绩预告（预减）,2025-01-21 00:00:00,False,0.193445,True
2025-01-21 00:00:00,002021,预测中,已明说不会亏,预告,2024年度业绩预告（预减）,2025-01-21 00:00:00,False,0.061219,True
2025-01-21 00:00:00,002024,预测中,已明说不会亏,预告,2024年度业绩预告（扭亏）,2025-01-21 00:00:00,False,0.64094,True
2025-01-21 00:00:00,002026,预测中,已明说不会亏,预告,2024年度业绩预告（预增）,2025-01-21 00:00:00,False,0.011969,True
2025-01-21 00:00:00,002036,预测中,已明说会亏,预告,2024年度业绩预告（减亏）,2025-01-21 00:00:00,False,0.617707,True
2025-01-21 00:00:00,002037,预测中,已明说不会亏,预告,2024年度业绩预告（扭亏）,2025-01-21 00:00:00,True,0.712509,True
2025-01-21 00:00:00,002054,预测中,已明说不会亏,预告,2024年度业绩预告（预增）,2025-01-21 00:00:00,False,0.145193,True
2025-01-21 00:00:00,002068,预测中,已明说不会亏,预告,2024年度业绩预告（扭亏）,2025-01-21 00:00:00,False,0.075451,True
2025-01-21 00:00:00,002084,预测中,已明说会亏,预告,2024年度业绩预告（减亏）,2025-01-21 00:00:00,False,0.186287,True
2025-01-21 00:00:00,002122,预测中,已明说会亏,预告,2024年度业绩预告（首亏）,2025-01-21 00:00:00,False,0.266519,True
2025-01-21 00:00:00,002174,预测中,已明说会亏,预告,2024年度业绩预告（首亏）,2025-01-21 00:00:00,False,0.566188,True
2025-01-21 00:00:00,002190,预测中,已明说会亏,预告,2024年度业绩预告（首亏）,2025-01-21 00:00:00,False,0.531588,True
2025-01-21 00:00:00,002197,预测中,已明说会亏,预告,2024年度业绩预告（增亏）,2025-01-21 00:00:00,False,0.629226,True
2025-01-21 00:00:00,002229,预测中,已明说会亏,预告,2024年度业绩预告（增亏）,2025-01-21 00:00:00,False,0.460048,True
2025-01-21 00:00:00,002247,预测中,已明说不会亏,预告,2024年度业绩预告（扭亏）,2025-01-21 00:00:00,False,0.3121,True
2025-01-21 00:00:00,002253,预测中,已明说会亏,预告,2024年度业绩预告（减亏）,2025-01-21 00:00:00,False,0.643759,True
2025-01-21 00:00:00,002296,预测中,已明说不会亏,预告,2024年度业绩预告（预增）,2025-01-21 00:00:00,False,0.007185,True
2025-01-21 00:00:00,002302,预测中,已明说会亏,预告,2024年度业绩预告（首亏）,2025-01-21 00:00:00,False,0.070713,True
2025-01-21 00:00:00,002307,预测中,已明说会亏,预告,2024年度业绩预告（首亏）,2025-01-21 00:00:00,False,0.276627,True
2025-01-21 00:00:00,002326,预测中,已明说会亏,预告,2024年度业绩预告（减亏）,2025-01-21 00:00:00,False,0.40073,True
2025-01-21 00:00:00,002364,预测中,已明说不会亏,预告,2024年度业绩预告（预增）,2025-01-21 00:00:00,False,0.097622,True
2025-01-21 00:00:00,002369,预测中,已明说会亏,预告,2024年度业绩预告（减亏）,2025-01-21 00:00:00,True,0.830907,True
2025-01-21 00:00:00,002377,预测中,已明说会亏,预告,2024年度业绩预告（减亏）,2025-01-21 00:00:00,False,0.31228,True
2025-01-21 00:00:00,002385,预测中,已明说不会亏,预告,2024年度业绩预告（扭亏）,2025-01-21 00:00:00,False,0.294083,True
2025-01-21 00:00:00,002405,预测中,已明说会亏,预告,2024年度业绩预告（减亏）,2025-01-21 00:00:00,True,0.789241,True
2025-01-21 00:00:00,002408,预测中,已明说不会亏,预告,2024年度业绩预告（扭亏）,2025-01-21 00:00:00,False,0.143355,True
2025-01-21 00:00:00,002413,预测中,已明说会亏,预告,2024年度业绩预告（减亏）,2025-01-21 00:00:00,True,0.729763,True
2025-01-21 00:00:00,002418,预测中,已明说会亏,预告,2024年度业绩预告（首亏）,2025-01-21 00:00:00,False,0.599428,True
2025-01-21 00:00:00,002420,预测中,已明说不会亏,预告,2024年度业绩预告（扭亏）,2025-01-21 00:00:00,False,0.137542,True
2025-01-21 00:00:00,002439,预测中,已明说会亏,预告,2024年度业绩预告（首亏）,2025-01-21 00:00:00,False,0.075928,True
2025-01-21 00:00:00,002440,预测中,已明说不会亏,预告,2024年度业绩预告（预增）,2025-01-21 00:00:00,False,0.461604,True
2025-01-21 00:00:00,002452,预测中,已明说不会亏,预告,2024年度业绩预告（预增）,2025-01-21 00:00:00,False,0.026262,True
2025-01-21 00:00:00,002472,预测中,已明说不会亏,预告,2024年度业绩预告（略增）,2025-01-21 00:00:00,False,0.005549,True
2025-01-21 00:00:00,002497,预测中,已明说不会亏,预告,2024年度业绩预告（预增）,2025-01-21 00:00:00,False,0.101136,True
2025-01-21 00:00:00,002501,预测中,已明说会亏,预告,2024年度业绩预告（增亏）,2025-01-21 00:00:00,True,0.905754,True
2025-01-21 00:00:00,002513,预测中,已明说会亏,预告,2024年度业绩预告（减亏）,2025-01-21 00:00:00,True,0.675598,True
2025-01-21 00:00:00,002514,预测中,已明说会亏,预告,2024年度业绩预告（增亏）,2025-01-21 00:00:00,True,0.899622,True
2025-01-21 00:00:00,002532,预测中,已明说不会亏,预告,2024年度业绩预告（预增）,2025-01-21 00:00:00,False,0.008038,True
2025-01-21 00:00:00,002542,预测中,已明说会亏,预告,2024年度业绩预告（增亏）,2025-01-21 00:00:00,True,0.727008,True
2025-01-21 00:00:00,002546,预测中,已明说不会亏,预告,2024年度业绩预告（预增）,2025-01-21 00:00:00,False,0.393096,True
2025-01-21 00:00:00,002549,预测中,已明说会亏,预告,2024年度业绩预告（增亏）,2025-01-21 00:00:00,True,0.697704,True
2025-01-21 00:00:00,002569,预测中,已明说会亏,预告,2024年度业绩预告（续亏）,2025-01-21 00:00:00,True,0.829533,True
2025-01-21 00:00:00,002617,预测中,已明说不会亏,预告,2024年度业绩预告（预增）,2025-01-21 00:00:00,False,0.110906,True
2025-01-21 00:00:00,002628,预测中,已明说会亏,预告,2024年度业绩预告（首亏）,2025-01-21 00:00:00,False,0.649617,True
2025-01-21 00:00:00,002652,预测中,已明说不会亏,预告,2024年度业绩预告（预减）,2025-01-21 00:00:00,False,0.421253,True
2025-01-21 00:00:00,002682,预测中,已明说会亏,预告,2024年度业绩预告（减亏）,2025-01-21 00:00:00,False,0.389504,True
2025-01-21 00:00:00,002685,预测中,已明说不会亏,预告,2024年度业绩预告（扭亏）,2025-01-21 00:00:00,False,0.096191,True
2025-01-21 00:00:00,002692,预测中,已明说不会亏,预告,2024年度业绩预告（预增）,2025-01-21 00:00:00,False,0.093847,True
2025-01-21 00:00:00,002694,预测中,已明说会亏,预告,2024年度业绩预告（首亏）,2025-01-21 00:00:00,False,0.582262,True
2025-01-21 00:00:00,002742,预测中,已明说会亏,预告,2024年度业绩预告（增亏）,2025-01-21 00:00:00,True,0.850819,True
2025-01-21 00:00:00,002759,预测中,已明说会亏,预告,2024年度业绩预告（首亏）,2025-01-21 00:00:00,True,0.833999,True
2025-01-21 00:00:00,002778,预测中,已明说会亏,预告,2024年度业绩预告（增亏）,2025-01-21 00:00:00,True,0.837502,True
2025-01-21 00:00:00,002797,预测中,已明说不会亏,预告,2024年度业绩预告（预增）,2025-01-21 00:00:00,False,0.039286,True
2025-01-21 00:00:00,002800,预测中,已明说不会亏,预告,2024年度业绩预告（扭亏）,2025-01-21 00:00:00,False,0.137782,True
2025-01-21 00:00:00,002819,预测中,已明说会亏,预告,2024年度业绩预告（增亏）,2025-01-21 00:00:00,False,0.45106,True
2025-01-21 00:00:00,002822,预测中,已明说会亏,预告,2024年度业绩预告（增亏）,2025-01-21 00:00:00,True,0.864834,True
2025-01-21 00:00:00,002827,预测中,已明说不会亏,预告,2024年度业绩预告（预增）,2025-01-21 00:00:00,False,0.058656,True
2025-01-21 00:00:00,002828,预测中,已明说不会亏,预告,2024年度业绩预告（预减）,2025-01-21 00:00:00,False,0.071568,True
2025-01-21 00:00:00,002829,预测中,已明说会亏,预告,2024年度业绩预告（首亏）,2025-01-21 00:00:00,False,0.47373,True
2025-01-21 00:00:00,002836,预测中,已明说不会亏,预告,2024年度业绩预告（预增）,2025-01-21 00:00:00,False,0.022663,True
2025-01-21 00:00:00,002842,预测中,已明说会亏,预告,2024年度业绩预告（减亏）,2025-01-21 00:00:00,False,0.533846,True
2025-01-21 00:00:00,002861,预测中,已明说不会亏,预告,2024年度业绩预告（扭亏）,2025-01-21 00:00:00,True,0.701053,True
2025-01-21 00:00:00,002862,预测中,已明说不会亏,预告,2024年度业绩预告（扭亏）,2025-01-21 00:00:00,False,0.32618,True
2025-01-21 00:00:00,002872,预测中,已明说会亏,预告,2024年度业绩预告（减亏）,2025-01-21 00:00:00,True,0.722604,True
2025-01-21 00:00:00,002875,预测中,已明说会亏,预告,2024年度业绩预告（续亏）,2025-01-21 00:00:00,False,0.556892,True
2025-01-21 00:00:00,002910,预测中,已明说会亏,预告,2024年度业绩预告（增亏）,2025-01-21 00:00:00,False,0.642276,True
2025-01-21 00:00:00,002928,预测中,已明说不会亏,预告,2024年度业绩预告（扭亏）,2025-01-21 00:00:00,True,0.672468,True
2025-01-21 00:00:00,002943,预测中,已明说会亏,预告,2024年度业绩预告（首亏）,2025-01-21 00:00:00,False,0.030359,True
2025-01-21 00:00:00,002977,预测中,已明说不会亏,预告,2024年度业绩预告（预减）,2025-01-21 00:00:00,False,0.117198,True
2025-01-21 00:00:00,003040,预测中,已明说不会亏,预告,2024年度业绩预告（预减）,2025-01-21 00:00:00,False,0.188384,True
2025-01-21 00:00:00,300018,预测中,已明说不会亏,预告,2024年度业绩预告（略增）,2025-01-21 00:00:00,False,0.021837,True
2025-01-21 00:00:00,300025,预测中,已明说会亏,预告,2024年度业绩预告（增亏）,2025-01-21 00:00:00,True,0.717094,True
2025-01-21 00:00:00,300042,预测中,已明说会亏,预告,2024年度业绩预告（增亏）,2025-01-21 00:00:00,True,0.734871,True
2025-01-21 00:00:00,300045,预测中,已明说会亏,预告,2024年度业绩预告（首亏）,2025-01-21 00:00:00,False,0.303951,True
2025-01-21 00:00:00,300053,预测中,已明说会亏,预告,2024年度业绩预告（减亏）,2025-01-21 00:00:00,False,0.359136,True
2025-01-21 00:00:00,300074,预测中,已明说会亏,预告,2024年度业绩预告（首亏）,2025-01-21 00:00:00,True,0.751959,True
2025-01-21 00:00:00,300095,预测中,已明说会亏,预告,2024年度业绩预告（首亏）,2025-01-21 00:00:00,False,0.338696,True
2025-01-21 00:00:00,300102,预测中,已明说不会亏,预告,2024年度业绩预告（预增）,2025-01-21 00:00:00,False,0.4372,True
2025-01-21 00:00:00,300105,预测中,已明说不会亏,预告,2024年度业绩预告（预减）,2025-01-21 00:00:00,False,0.039519,True
2025-01-21 00:00:00,300115,预测中,已明说不会亏,预告,2024年度业绩预告（预增）,2025-01-21 00:00:00,False,0.067143,True
2025-01-21 00:00:00,300126,预测中,已明说会亏,预告,2024年度业绩预告（首亏）,2025-01-21 00:00:00,False,0.393743,True
2025-01-21 00:00:00,300132,预测中,已明说不会亏,预告,2024年度业绩预告（扭亏）,2025-01-21 00:00:00,False,0.223994,True
2025-01-21 00:00:00,300135,预测中,已明说不会亏,预告,2024年度业绩预告（扭亏）,2025-01-21 00:00:00,False,0.100496,True
2025-01-21 00:00:00,300137,预测中,已明说会亏,预告,2024年度业绩预告（续亏）,2025-01-21 00:00:00,False,0.381918,True
2025-01-21 00:00:00,300138,预测中,已明说不会亏,预告,2024年度业绩预告（预减）,2025-01-21 00:00:00,False,0.16878,True
2025-01-21 00:00:00,300142,预测中,已明说不会亏,预告,2024年度业绩预告（预减）,2025-01-21 00:00:00,False,0.538207,True
2025-01-21 00:00:00,300157,预测中,已明说会亏,预告,2024年度业绩预告（续亏）,2025-01-21 00:00:00,True,0.830917,True
2025-01-21 00:00:00,300170,预测中,已明说不会亏,预告,2024年度业绩预告（扭亏）,2025-01-21 00:00:00,False,0.150554,True
2025-01-21 00:00:00,300220,预测中,已明说不会亏,预告,2024年度业绩预告（扭亏）,2025-01-21 00:00:00,False,0.121651,True
2025-01-21 00:00:00,300231,预测中,已明说会亏,预告,2024年度业绩预告（首亏）,2025-01-21 00:00:00,False,0.107151,True
2025-01-21 00:00:00,300237,预测中,已明说会亏,预告,2024年度业绩预告（减亏）,2025-01-21 00:00:00,True,0.883046,True
2025-01-21 00:00:00,300250,预测中,已明说会亏,预告,2024年度业绩预告（首亏）,2025-01-21 00:00:00,False,0.104453,True
2025-01-21 00:00:00,300261,预测中,已明说会亏,预告,2024年度业绩预告（增亏）,2025-01-21 00:00:00,True,0.79602,True
2025-01-21 00:00:00,300264,预测中,已明说会亏,预告,2024年度业绩预告（减亏）,2025-01-21 00:00:00,False,0.627645,True
2025-01-21 00:00:00,300267,预测中,已明说会亏,预告,2024年度业绩预告（增亏）,2025-01-21 00:00:00,False,0.519264,True
2025-01-21 00:00:00,300306,预测中,已明说不会亏,预告,2024年度业绩预告（续盈）,2025-01-21 00:00:00,False,0.009629,True
2025-01-21 00:00:00,300318,预测中,已明说不会亏,预告,2024年度业绩预告（扭亏）,2025-01-21 00:00:00,False,0.06985,True
2025-01-21 00:00:00,300329,预测中,已明说会亏,预告,2024年度业绩预告（增亏）,2025-01-21 00:00:00,True,0.768492,True
2025-01-21 00:00:00,300333,预测中,已明说会亏,预告,2024年度业绩预告（减亏）,2025-01-21 00:00:00,False,0.538247,True
2025-01-21 00:00:00,300338,预测中,已明说会亏,预告,2024年度业绩预告（减亏）,2025-01-21 00:00:00,True,0.669827,True
2025-01-21 00:00:00,300343,预测中,已明说不会亏,预告,2024年度业绩预告（预增）,2025-01-21 00:00:00,False,0.580978,True
2025-01-21 00:00:00,300354,预测中,已明说不会亏,预告,2024年度业绩预告（预增）,2025-01-21 00:00:00,False,0.021016,True
2025-01-21 00:00:00,300368,预测中,已明说会亏,预告,2024年度业绩预告（续亏）,2025-01-21 00:00:00,True,0.885683,True
2025-01-21 00:00:00,300376,预测中,已明说不会亏,预告,2024年度业绩预告（预减）,2025-01-21 00:00:00,False,0.164615,True
2025-01-21 00:00:00,300377,预测中,已明说会亏,预告,2024年度业绩预告（首亏）,2025-01-21 00:00:00,False,0.58217,True
2025-01-21 00:00:00,300395,预测中,已明说不会亏,预告,2024年度业绩预告（预减）,2025-01-21 00:00:00,False,0.010434,True
2025-01-21 00:00:00,300400,预测中,已明说不会亏,预告,2024年度业绩预告（预增）,2025-01-21 00:00:00,False,0.04156,True
2025-01-21 00:00:00,300410,预测中,已明说会亏,预告,2024年度业绩预告（续亏）,2025-01-21 00:00:00,True,0.710012,True
2025-01-21 00:00:00,300412,预测中,已明说不会亏,预告,2024年度业绩预告（扭亏）,2025-01-21 00:00:00,False,0.607773,True
2025-01-21 00:00:00,300432,预测中,已明说不会亏,预告,2024年度业绩预告（扭亏）,2025-01-21 00:00:00,False,0.162386,True
2025-01-21 00:00:00,300435,预测中,已明说会亏,预告,2024年度业绩预告（首亏）,2025-01-21 00:00:00,False,0.008209,True
2025-01-21 00:00:00,300436,预测中,已明说会亏,预告,2024年度业绩预告（减亏）,2025-01-21 00:00:00,True,0.773345,True
2025-01-21 00:00:00,300476,预测中,已明说不会亏,预告,2024年度业绩预告（预增）,2025-01-21 00:00:00,False,0.004843,True
2025-01-21 00:00:00,300500,预测中,已明说会亏,预告,2024年度业绩预告（减亏）,2025-01-21 00:00:00,False,0.354951,True
2025-01-21 00:00:00,300504,预测中,已明说会亏,预告,2024年度业绩预告（首亏）,2025-01-21 00:00:00,False,0.135693,True
2025-01-21 00:00:00,300506,预测中,已明说会亏,预告,2024年度业绩预告（减亏）,2025-01-21 00:00:00,True,0.712059,True
2025-01-21 00:00:00,300509,预测中,已明说不会亏,预告,2024年度业绩预告（预增）,2025-01-21 00:00:00,False,0.084926,True
2025-01-21 00:00:00,300510,预测中,已明说会亏,预告,2024年度业绩预告（首亏）,2025-01-21 00:00:00,False,0.484132,True
2025-01-21 00:00:00,300529,预测中,已明说不会亏,预告,2024年度业绩预告（预增）,2025-01-21 00:00:00,False,0.003878,True
2025-01-21 00:00:00,300555,预测中,已明说会亏,预告,2024年度业绩预告（增亏）,2025-01-21 00:00:00,False,0.575594,True
2025-01-21 00:00:00,300562,预测中,已明说不会亏,预告,2024年度业绩预告（预增）,2025-01-21 00:00:00,False,0.069877,True
2025-01-21 00:00:00,300566,预测中,已明说不会亏,预告,2024年度业绩预告（预增）,2025-01-21 00:00:00,False,0.022572,True
2025-01-21 00:00:00,300579,预测中,已明说不会亏,预告,2024年度业绩预告（扭亏）,2025-01-21 00:00:00,False,0.645935,True
2025-01-21 00:00:00,300581,预测中,已明说会亏,预告,2024年度业绩预告（首亏）,2025-01-21 00:00:00,False,0.480414,True
2025-01-21 00:00:00,300583,预测中,已明说会亏,预告,2024年度业绩预告（首亏）,2025-01-21 00:00:00,False,0.492699,True
2025-01-21 00:00:00,300597,预测中,已明说不会亏,预告,2024年度业绩预告（预增）,2025-01-21 00:00:00,False,0.370911,True
2025-01-21 00:00:00,300599,预测中,已明说会亏,预告,2024年度业绩预告（首亏）,2025-01-21 00:00:00,False,0.513111,True
2025-01-21 00:00:00,300602,预测中,已明说不会亏,预告,2024年度业绩预告（预增）,2025-01-21 00:00:00,False,0.140952,True
2025-01-21 00:00:00,300614,预测中,已明说会亏,预告,2024年度业绩预告（增亏）,2025-01-21 00:00:00,True,0.779917,True
2025-01-21 00:00:00,300615,预测中,已明说会亏,预告,2024年度业绩预告（首亏）,2025-01-21 00:00:00,False,0.200391,True
2025-01-21 00:00:00,300619,预测中,已明说会亏,预告,2024年度业绩预告（首亏）,2025-01-21 00:00:00,False,0.382149,True
2025-01-21 00:00:00,300623,预测中,已明说不会亏,预告,2024年度业绩预告（预增）,2025-01-21 00:00:00,False,0.011318,True
2025-01-21 00:00:00,300651,预测中,已明说不会亏,预告,2024年度业绩预告（预减）,2025-01-21 00:00:00,False,0.065731,True
2025-01-21 00:00:00,300656,预测中,已明说会亏,预告,2024年度业绩预告（首亏）,2025-01-21 00:00:00,False,0.506191,True
2025-01-21 00:00:00,300678,预测中,已明说不会亏,预告,2024年度业绩预告（预减）,2025-01-21 00:00:00,False,0.047046,True
2025-01-21 00:00:00,300686,预测中,已明说会亏,预告,2024年度业绩预告（减亏）,2025-01-21 00:00:00,True,0.785713,True
2025-01-21 00:00:00,300688,预测中,已明说会亏,预告,2024年度业绩预告（首亏）,2025-01-21 00:00:00,True,0.676989,True
2025-01-21 00:00:00,300696,预测中,已明说会亏,预告,2024年度业绩预告（首亏）,2025-01-21 00:00:00,False,0.241985,True
2025-01-21 00:00:00,300706,预测中,已明说会亏,预告,2024年度业绩预告（首亏）,2025-01-21 00:00:00,False,0.237199,True
2025-01-21 00:00:00,300732,预测中,已明说会亏,预告,2024年度业绩预告（首亏）,2025-01-21 00:00:00,False,0.27023,True
2025-01-21 00:00:00,300743,预测中,已明说不会亏,预告,2024年度业绩预告（预增）,2025-01-21 00:00:00,False,0.006715,True
2025-01-21 00:00:00,300750,预测中,已明说不会亏,预告,2024年度业绩预告（略增）,2025-01-21 00:00:00,False,0.001855,True
2025-01-21 00:00:00,300759,预测中,已明说不会亏,预告,2024年度业绩预告（略减）,2025-01-21 00:00:00,False,0.014873,True
2025-01-21 00:00:00,300762,预测中,已明说会亏,预告,2024年度业绩预告（减亏）,2025-01-21 00:00:00,True,0.820447,True
2025-01-21 00:00:00,300766,预测中,已明说会亏,预告,2024年度业绩预告（增亏）,2025-01-21 00:00:00,True,0.744111,True
2025-01-21 00:00:00,300767,预测中,已明说会亏,预告,2024年度业绩预告（增亏）,2025-01-21 00:00:00,False,0.343321,True
2025-01-21 00:00:00,300783,预测中,已明说不会亏,预告,2024年度业绩预告（预增）,2025-01-21 00:00:00,False,0.009273,True
2025-01-21 00:00:00,300807,预测中,已明说会亏,预告,2024年度业绩预告（续亏）,2025-01-21 00:00:00,True,0.80165,True
2025-01-21 00:00:00,300812,预测中,已明说会亏,预告,2024年度业绩预告（首亏）,2025-01-21 00:00:00,True,0.77899,True
2025-01-21 00:00:00,300825,预测中,已明说会亏,预告,2024年度业绩预告（首亏）,2025-01-21 00:00:00,False,0.167762,True
2025-01-21 00:00:00,300839,预测中,已明说会亏,预告,2024年度业绩预告（增亏）,2025-01-21 00:00:00,False,0.419785,True
2025-01-21 00:00:00,300850,预测中,已明说不会亏,预告,2024年度业绩预告（预减）,2025-01-21 00:00:00,False,0.359646,True
2025-01-21 00:00:00,300853,预测中,已明说会亏,预告,2024年度业绩预告（增亏）,2025-01-21 00:00:00,True,0.793618,True
2025-01-21 00:00:00,300862,预测中,已明说不会亏,预告,2024年度业绩预告（预减）,2025-01-21 00:00:00,False,0.19913,True
2025-01-21 00:00:00,300883,预测中,已明说会亏,预告,2024年度业绩预告（减亏）,2025-01-21 00:00:00,False,0.108342,True
2025-01-21 00:00:00,300885,预测中,已明说不会亏,预告,2024年度业绩预告（预增）,2025-01-21 00:00:00,False,0.008712,True
2025-01-21 00:00:00,300889,预测中,已明说会亏,预告,2024年度业绩预告（首亏）,2025-01-21 00:00:00,True,0.769779,True
2025-01-21 00:00:00,300901,预测中,已明说会亏,预告,2024年度业绩预告（首亏）,2025-01-21 00:00:00,True,0.676531,True
2025-01-21 00:00:00,300916,预测中,已明说不会亏,预告,2024年度业绩预告（预增）,2025-01-21 00:00:00,False,0.01455,True
2025-01-21 00:00:00,300929,预测中,已明说会亏,预告,2024年度业绩预告（首亏）,2025-01-21 00:00:00,True,0.870061,True
2025-01-21 00:00:00,300965,预测中,已明说不会亏,预告,2024年度业绩预告（扭亏）,2025-01-21 00:00:00,False,0.087423,True
2025-01-21 00:00:00,300996,预测中,已明说不会亏,预告,2024年度业绩预告（预增）,2025-01-21 00:00:00,False,0.115155,True
2025-01-21 00:00:00,301031,预测中,已明说不会亏,预告,2024年度业绩预告（预增）,2025-01-21 00:00:00,False,0.018949,True
2025-01-21 00:00:00,301049,预测中,已明说会亏,预告,2024年度业绩预告（减亏）,2025-01-21 00:00:00,True,0.760274,True
2025-01-21 00:00:00,301068,预测中,已明说不会亏,预告,2024年度业绩预告（预增）,2025-01-21 00:00:00,False,0.05039,True
2025-01-21 00:00:00,301070,预测中,已明说会亏,预告,2024年度业绩预告（首亏）,2025-01-21 00:00:00,False,0.370852,True
2025-01-21 00:00:00,301077,预测中,已明说不会亏,预告,2024年度业绩预告（预增）,2025-01-21 00:00:00,False,0.006561,True
2025-01-21 00:00:00,301089,预测中,已明说会亏,预告,2024年度业绩预告（首亏）,2025-01-21 00:00:00,False,0.267469,True
2025-01-21 00:00:00,301120,预测中,已明说会亏,预告,2024年度业绩预告（首亏）,2025-01-21 00:00:00,False,0.064449,True
2025-01-21 00:00:00,301168,预测中,已明说不会亏,预告,2024年度业绩预告（预减）,2025-01-21 00:00:00,False,0.017417,True
2025-01-21 00:00:00,301200,预测中,已明说不会亏,预告,2024年度业绩预告（预增）,2025-01-21 00:00:00,False,0.055124,True
2025-01-21 00:00:00,301202,预测中,已明说不会亏,预告,2024年度业绩预告（预增）,2025-01-21 00:00:00,False,0.015312,True
2025-01-21 00:00:00,301212,预测中,已明说不会亏,预告,2024年度业绩预告（预减）,2025-01-21 00:00:00,False,0.024739,True
2025-01-21 00:00:00,301217,预测中,已明说会亏,预告,2024年度业绩预告（首亏）,2025-01-21 00:00:00,False,0.618892,True
2025-01-21 00:00:00,301259,预测中,已明说会亏,预告,2024年度业绩预告（增亏）,2025-01-21 00:00:00,True,0.784865,True
2025-01-21 00:00:00,301266,预测中,已明说不会亏,预告,2024年度业绩预告（预减）,2025-01-21 00:00:00,False,0.01892,True
2025-01-21 00:00:00,301270,预测中,已明说不会亏,预告,2024年度业绩预告（预减）,2025-01-21 00:00:00,False,0.165172,True
2025-01-21 00:00:00,301291,预测中,已明说不会亏,预告,2024年度业绩预告（略增）,2025-01-21 00:00:00,False,0.007946,True
2025-01-21 00:00:00,301292,预测中,已明说会亏,预告,2024年度业绩预告（首亏）,2025-01-21 00:00:00,True,0.758005,True
2025-01-21 00:00:00,301306,预测中,已明说会亏,预告,2024年度业绩预告（增亏）,2025-01-21 00:00:00,True,0.943168,True
2025-01-21 00:00:00,301307,预测中,已明说会亏,预告,2024年度业绩预告（首亏）,2025-01-21 00:00:00,False,0.115693,True
2025-01-21 00:00:00,301356,预测中,已明说会亏,预告,2024年度业绩预告（减亏）,2025-01-21 00:00:00,False,0.621617,True
2025-01-21 00:00:00,301358,预测中,已明说不会亏,预告,2024年度业绩预告（预减）,2025-01-21 00:00:00,False,0.099455,True
2025-01-21 00:00:00,301391,预测中,已明说不会亏,预告,2024年度业绩预告（预减）,2025-01-21 00:00:00,False,0.046344,True
2025-01-21 00:00:00,301487,预测中,已明说会亏,预告,2024年度业绩预告（首亏）,2025-01-21 00:00:00,False,0.546402,True
2025-01-21 00:00:00,301516,预测中,已明说会亏,预告,2024年度业绩预告（首亏）,2025-01-21 00:00:00,False,0.207725,True
2025-01-21 00:00:00,301526,预测中,已明说会亏,预告,2024年度业绩预告（首亏）,2025-01-21 00:00:00,False,0.127865,True
2025-01-21 00:00:00,600004,预测中,已明说不会亏,预告,2024年度业绩预告（预增）,2025-01-21 00:00:00,False,0.139348,True
2025-01-21 00:00:00,600060,预测中,已明说不会亏,预告,2024年度业绩预告（续盈）,2025-01-21 00:00:00,False,0.009806,True
2025-01-21 00:00:00,600066,预测中,已明说不会亏,预告,2024年度业绩预告（预增）,2025-01-21 00:00:00,False,0.00476,True
2025-01-21 00:00:00,600114,预测中,已明说不会亏,预告,2024年度业绩预告（预增）,2025-01-21 00:00:00,False,0.016202,True
2025-01-21 00:00:00,600236,预测中,已明说不会亏,预告,2024年度业绩预告（预增）,2025-01-21 00:00:00,False,0.011553,True
2025-01-21 00:00:00,600255,预测中,已明说不会亏,预告,2024年度业绩预告（扭亏）,2025-01-21 00:00:00,False,0.121816,True
2025-01-21 00:00:00,600330,预测中,已明说不会亏,预告,2024年度业绩预告（预减）,2025-01-21 00:00:00,False,0.073785,True
2025-01-21 00:00:00,600335,预测中,已明说不会亏,预告,2024年度业绩预告（预增）,2025-01-21 00:00:00,False,0.06961,True
2025-01-21 00:00:00,600433,预测中,已明说不会亏,预告,2024年度业绩预告（扭亏）,2025-01-21 00:00:00,False,0.021873,True
2025-01-21 00:00:00,600478,预测中,已明说不会亏,预告,2024年度业绩预告（扭亏）,2025-01-21 00:00:00,False,0.28307,True
2025-01-21 00:00:00,600520,预测中,已明说不会亏,预告,2024年度业绩预告（扭亏）,2025-01-21 00:00:00,False,0.167961,True
2025-01-21 00:00:00,600558,预测中,已明说不会亏,预告,2024年度业绩预告（预增）,2025-01-21 00:00:00,False,0.016857,True
2025-01-21 00:00:00,600601,预测中,已明说不会亏,预告,2024年度业绩预告（预增）,2025-01-21 00:00:00,False,0.015457,True
2025-01-21 00:00:00,600605,预测中,已明说不会亏,预告,2024年度业绩预告（预增）,2025-01-21 00:00:00,False,0.008485,True
2025-01-21 00:00:00,600653,预测中,已明说不会亏,预告,2024年度业绩预告（扭亏）,2025-01-21 00:00:00,False,0.55173,True
2025-01-21 00:00:00,600706,预测中,已明说会亏,预告,2024年度业绩预告（减亏）,2025-01-21 00:00:00,False,0.498454,True
2025-01-21 00:00:00,600721,预测中,已明说不会亏,预告,2024年度业绩预告（预增）,2025-01-21 00:00:00,False,0.138307,True
2025-01-21 00:00:00,600722,预测中,已明说不会亏,预告,2024年度业绩预告（预增）,2025-01-21 00:00:00,False,0.023044,True
2025-01-21 00:00:00,600770,预测中,已明说不会亏,预告,2024年度业绩预告（扭亏）,2025-01-21 00:00:00,True,0.736831,True
2025-01-21 00:00:00,600778,预测中,已明说不会亏,预告,2024年度业绩预告（扭亏）,2025-01-21 00:00:00,False,0.652318,True
2025-01-21 00:00:00,600830,预测中,已明说不会亏,预告,2024年度业绩预告（预增）,2025-01-21 00:00:00,False,0.165262,True
2025-01-21 00:00:00,600860,预测中,已明说不会亏,预告,2024年度业绩预告（扭亏）,2025-01-21 00:00:00,False,0.290218,True
2025-01-21 00:00:00,600988,预测中,已明说不会亏,预告,2024年度业绩预告（预增）,2025-01-21 00:00:00,False,0.023796,True
2025-01-21 00:00:00,601236,预测中,已明说不会亏,预告,2024年度业绩预告（预增）,2025-01-21 00:00:00,False,0.089349,True
2025-01-21 00:00:00,601336,预测中,已明说不会亏,预告,2024年度业绩预告（预增）,2025-01-21 00:00:00,False,0.006588,True
2025-01-21 00:00:00,601689,预测中,已明说不会亏,预告,2024年度业绩预告（略增）,2025-01-21 00:00:00,False,0.005251,True
2025-01-21 00:00:00,601702,预测中,已明说不会亏,预告,2024年度业绩预告（略增）,2025-01-21 00:00:00,False,0.005285,True
2025-01-21 00:00:00,601727,预测中,已明说不会亏,预告,2024年度业绩预告（续盈）,2025-01-21 00:00:00,False,0.496365,True
2025-01-21 00:00:00,603005,预测中,已明说不会亏,预告,2024年度业绩预告（预增）,2025-01-21 00:00:00,False,0.01865,True
2025-01-21 00:00:00,603029,预测中,已明说不会亏,预告,2024年度业绩预告（略增）,2025-01-21 00:00:00,False,0.012152,True
2025-01-21 00:00:00,603079,预测中,已明说不会亏,预告,2024年度业绩预告（扭亏）,2025-01-21 00:00:00,False,0.114437,True
2025-01-21 00:00:00,603087,预测中,已明说不会亏,预告,2024年度业绩预告（预增）,2025-01-21 00:00:00,False,0.099496,True
2025-01-21 00:00:00,603108,预测中,已明说不会亏,预告,2024年度业绩预告（预减）,2025-01-21 00:00:00,False,0.277306,True
2025-01-21 00:00:00,603110,预测中,已明说不会亏,预告,2024年度业绩预告（预减）,2025-01-21 00:00:00,False,0.057229,True
2025-01-21 00:00:00,603162,预测中,已明说不会亏,预告,2024年度业绩预告（预增）,2025-01-21 00:00:00,False,0.004627,True
2025-01-21 00:00:00,603181,预测中,已明说不会亏,预告,2024年度业绩预告（略增）,2025-01-21 00:00:00,False,0.005705,True
2025-01-21 00:00:00,603322,预测中,已明说会亏,预告,2024年度业绩预告（首亏）,2025-01-21 00:00:00,False,0.117513,True
2025-01-21 00:00:00,603477,预测中,已明说不会亏,预告,2024年度业绩预告（扭亏）,2025-01-21 00:00:00,False,0.529304,True
2025-01-21 00:00:00,603577,预测中,已明说不会亏,预告,2024年度业绩预告（预增）,2025-01-21 00:00:00,False,0.192159,True
2025-01-21 00:00:00,603612,预测中,已明说不会亏,预告,2024年度业绩预告（扭亏）,2025-01-21 00:00:00,False,0.127078,True
2025-01-21 00:00:00,603655,预测中,已明说不会亏,预告,2024年度业绩预告（预增）,2025-01-21 00:00:00,False,0.033066,True
2025-01-21 00:00:00,603727,预测中,已明说不会亏,预告,2024年度业绩预告（扭亏）,2025-01-21 00:00:00,False,0.04063,True
2025-01-21 00:00:00,603858,预测中,已明说会亏,预告,2024年度业绩预告（首亏）,2025-01-21 00:00:00,False,0.349454,True
2025-01-21 00:00:00,603893,预测中,已明说不会亏,预告,2024年度业绩预告（预增）,2025-01-21 00:00:00,False,0.009174,True
2025-01-21 00:00:00,603922,预测中,已明说会亏,预告,2024年度业绩预告（首亏）,2025-01-21 00:00:00,True,0.68954,True
2025-01-21 00:00:00,603950,预测中,已明说不会亏,预告,2024年度业绩预告（略增）,2025-01-21 00:00:00,False,0.046341,True
2025-01-21 00:00:00,603979,预测中,已明说不会亏,预告,2024年度业绩预告（预增）,2025-01-21 00:00:00,False,0.010291,True
2025-01-21 00:00:00,605001,预测中,已明说不会亏,预告,2024年度业绩预告（预减）,2025-01-21 00:00:00,False,0.131344,True
2025-01-21 00:00:00,605056,预测中,已明说不会亏,预告,2024年度业绩预告（预增）,2025-01-21 00:00:00,False,0.040575,True
2025-01-21 00:00:00,605258,预测中,已明说不会亏,预告,2024年度业绩预告（预增）,2025-01-21 00:00:00,False,0.026066,True
2025-01-21 00:00:00,605378,预测中,已明说不会亏,预告,2024年度业绩预告（预增）,2025-01-21 00:00:00,False,0.010207,True
2025-01-21 00:00:00,605499,预测中,已明说不会亏,预告,2024年度业绩预告（预增）,2025-01-21 00:00:00,False,0.001987,True
2025-01-21 00:00:00,605567,预测中,已明说不会亏,预告,2024年度业绩预告（扭亏）,2025-01-21 00:00:00,False,0.438553,True
2025-01-21 00:00:00,688016,预测中,已明说不会亏,预告,2024年度业绩预告（略增）,2025-01-21 00:00:00,False,0.002865,True
2025-01-21 00:00:00,688020,预测中,已明说会亏,预告,2024年度业绩预告（续亏）,2025-01-21 00:00:00,False,0.639378,True
2025-01-21 00:00:00,688085,预测中,已明说不会亏,预告,2024年度业绩预告（预减）,2025-01-21 00:00:00,False,0.249722,True
2025-01-21 00:00:00,688099,预测中,已明说不会亏,预告,2024年度业绩预告（预增）,2025-01-21 00:00:00,False,0.00256,True
2025-01-21 00:00:00,688109,预测中,已明说不会亏,预告,2024年度业绩预告（预增）,2025-01-21 00:00:00,False,0.515232,True
2025-01-21 00:00:00,688141,预测中,已明说会亏,预告,2024年度业绩预告（续亏）,2025-01-21 00:00:00,True,0.753216,True
2025-01-21 00:00:00,688150,预测中,已明说不会亏,预告,2024年度业绩预告（预增）,2025-01-21 00:00:00,False,0.012329,True
2025-01-21 00:00:00,688228,预测中,已明说不会亏,预告,2024年度业绩预告（预减）,2025-01-21 00:00:00,False,0.133934,True
2025-01-21 00:00:00,688261,预测中,已明说不会亏,预告,2024年度业绩预告（预减）,2025-01-21 00:00:00,False,0.114414,True
2025-01-21 00:00:00,688267,预测中,已明说不会亏,预告,2024年度业绩预告（预增）,2025-01-21 00:00:00,False,0.031143,True
2025-01-21 00:00:00,688308,预测中,已明说不会亏,预告,2024年度业绩预告（预减）,2025-01-21 00:00:00,False,0.110884,True
2025-01-21 00:00:00,688322,预测中,已明说会亏,预告,2024年度业绩预告（减亏）,2025-01-21 00:00:00,False,0.643585,True
2025-01-21 00:00:00,688429,预测中,已明说会亏,预告,2024年度业绩预告（首亏）,2025-01-21 00:00:00,False,0.615397,True
2025-01-21 00:00:00,688506,预测中,已明说不会亏,预告,2024年度业绩预告（扭亏）,2025-01-21 00:00:00,False,0.081024,True
2025-01-21 00:00:00,688521,预测中,已明说会亏,预告,2024年度业绩预告（增亏）,2025-01-21 00:00:00,True,0.849901,True
2025-01-21 00:00:00,688578,预测中,已明说不会亏,预告,2024年度业绩预告（预增）,2025-01-21 00:00:00,False,0.004942,True
2025-01-21 00:00:00,688606,预测中,已明说不会亏,预告,2024年度业绩预告（预增）,2025-01-21 00:00:00,False,0.021313,True
2025-01-21 00:00:00,688629,预测中,已明说会亏,预告,2024年度业绩预告（首亏）,2025-01-21 00:00:00,False,0.062601,True
2025-01-21 00:00:00,688717,预测中,已明说不会亏,预告,2024年度业绩预告（预减）,2025-01-21 00:00:00,False,0.03495,True
2025-01-21 00:00:00,688719,预测中,已明说不会亏,预告,2024年度业绩预告（预减）,2025-01-21 00:00:00,False,0.056949,True
2025-01-21 00:00:00,688793,预测中,已明说不会亏,预告,2024年度业绩预告（扭亏）,2025-01-21 00:00:00,False,0.047769,True
2025-01-22 00:00:00,000036,预测中,已明说不会亏,预告,2024年度业绩预告（预减）,2025-01-22 00:00:00,False,0.121885,True
2025-01-22 00:00:00,000048,预测中,已明说不会亏,预告,2024年度业绩预告（预减）,2025-01-22 00:00:00,True,0.780165,True
2025-01-22 00:00:00,000506,预测中,已明说会亏,预告,2024年度业绩预告（首亏）,2025-01-22 00:00:00,True,0.734064,True
2025-01-22 00:00:00,000518,预测中,已明说会亏,预告,2024年度业绩预告（续亏）,2025-01-22 00:00:00,False,0.4605,True
2025-01-22 00:00:00,000519,预测中,已明说会亏,预告,2024年度业绩预告（首亏）,2025-01-22 00:00:00,False,0.015675,True
2025-01-22 00:00:00,000536,预测中,已明说会亏,预告,2024年度业绩预告（减亏）,2025-01-22 00:00:00,True,0.798993,True
2025-01-22 00:00:00,000545,预测中,已明说会亏,预告,2024年度业绩预告（增亏）,2025-01-22 00:00:00,False,0.338913,True
2025-01-22 00:00:00,000599,预测中,已明说会亏,预告,2024年度业绩预告（增亏）,2025-01-22 00:00:00,False,0.551079,True
2025-01-22 00:00:00,000659,预测中,已明说会亏,预告,2024年度业绩预告（增亏）,2025-01-22 00:00:00,False,0.438346,True
2025-01-22 00:00:00,000669,预测中,已明说会亏,预告,2024年度业绩预告（减亏）,2025-01-22 00:00:00,False,0.286682,True
2025-01-22 00:00:00,000678,预测中,已明说会亏,预告,2024年度业绩预告（减亏）,2025-01-22 00:00:00,False,0.648217,True
2025-01-22 00:00:00,000692,预测中,已明说会亏,预告,2024年度业绩预告（首亏）,2025-01-22 00:00:00,True,0.800375,True
2025-01-22 00:00:00,000698,预测中,已明说会亏,预告,2024年度业绩预告（减亏）,2025-01-22 00:00:00,False,0.392893,True
2025-01-22 00:00:00,000723,预测中,已明说会亏,预告,2024年度业绩预告（首亏）,2025-01-22 00:00:00,False,0.574378,True
2025-01-22 00:00:00,000736,预测中,已明说会亏,预告,2024年度业绩预告（增亏）,2025-01-22 00:00:00,True,0.688349,True
2025-01-22 00:00:00,000788,预测中,已明说不会亏,预告,2024年度业绩预告（预增）,2025-01-22 00:00:00,False,0.109221,True
2025-01-22 00:00:00,000790,预测中,已明说会亏,预告,2024年度业绩预告（首亏）,2025-01-22 00:00:00,False,0.537057,True
2025-01-22 00:00:00,000816,预测中,已明说会亏,预告,2024年度业绩预告（减亏）,2025-01-22 00:00:00,True,0.670035,True
2025-01-22 00:00:00,000818,预测中,已明说会亏,预告,2024年度业绩预告（首亏）,2025-01-22 00:00:00,False,0.083199,True
2025-01-22 00:00:00,000825,预测中,已明说会亏,预告,2024年度业绩预告（减亏）,2025-01-22 00:00:00,False,0.176487,True
2025-01-22 00:00:00,000889,预测中,已明说会亏,预告,2024年度业绩预告（减亏）,2025-01-22 00:00:00,True,0.705595,True
2025-01-22 00:00:00,000899,预测中,已明说不会亏,预告,2024年度业绩预告（预增）,2025-01-22 00:00:00,False,0.028726,True
2025-01-22 00:00:00,000908,预测中,已明说不会亏,预告,2024年度业绩预告（扭亏）,2025-01-22 00:00:00,False,0.389722,True
2025-01-22 00:00:00,000913,预测中,已明说不会亏,预告,2024年度业绩预告（预增）,2025-01-22 00:00:00,False,0.008408,True
2025-01-22 00:00:00,000932,预测中,已明说不会亏,预告,2024年度业绩预告（预减）,2025-01-22 00:00:00,False,0.036165,True
2025-01-22 00:00:00,000937,预测中,已明说不会亏,预告,2024年度业绩预告（预减）,2025-01-22 00:00:00,False,0.006289,True
2025-01-22 00:00:00,000949,预测中,已明说不会亏,预告,2024年度业绩预告（扭亏）,2025-01-22 00:00:00,False,0.081755,True
2025-01-22 00:00:00,000955,预测中,已明说会亏,预告,2024年度业绩预告（减亏）,2025-01-22 00:00:00,True,0.668004,True
2025-01-22 00:00:00,000960,预测中,已明说不会亏,预告,2024年度业绩预告（略增）,2025-01-22 00:00:00,False,0.008611,True
2025-01-22 00:00:00,001366,预测中,已明说会亏,预告,2024年度业绩预告（首亏）,2025-01-22 00:00:00,False,0.181015,True
2025-01-22 00:00:00,002001,预测中,已明说不会亏,预告,2024年度业绩预告（预增）,2025-01-22 00:00:00,False,0.00878,True
2025-01-22 00:00:00,002077,预测中,已明说不会亏,预告,2024年度业绩预告（预减）,2025-01-22 00:00:00,False,0.132658,True
2025-01-22 00:00:00,002086,预测中,已明说会亏,预告,2024年度业绩预告（首亏）,2025-01-22 00:00:00,False,0.3569,True
2025-01-22 00:00:00,002092,预测中,已明说会亏,预告,2024年度业绩预告（减亏）,2025-01-22 00:00:00,False,0.338107,True
2025-01-22 00:00:00,002098,预测中,已明说不会亏,预告,2024年度业绩预告（预增）,2025-01-22 00:00:00,False,0.004924,True
2025-01-22 00:00:00,002099,预测中,已明说会亏,预告,2024年度业绩预告（减亏）,2025-01-22 00:00:00,False,0.525138,True
2025-01-22 00:00:00,002114,预测中,已明说会亏,预告,2024年度业绩预告（减亏）,2025-01-22 00:00:00,True,0.674524,True
2025-01-22 00:00:00,002133,预测中,已明说会亏,预告,2024年度业绩预告（首亏）,2025-01-22 00:00:00,False,0.304455,True
2025-01-22 00:00:00,002136,预测中,已明说不会亏,预告,2024年度业绩预告（预减）,2025-01-22 00:00:00,False,0.094864,True
2025-01-22 00:00:00,002155,预测中,已明说不会亏,预告,2024年度业绩预告（预增）,2025-01-22 00:00:00,False,0.01616,True
2025-01-22 00:00:00,002157,预测中,已明说不会亏,预告,2024年度业绩预告（预减）,2025-01-22 00:00:00,False,0.538754,True
2025-01-22 00:00:00,002166,预测中,已明说不会亏,预告,2024年度业绩预告（预增）,2025-01-22 00:00:00,False,0.047093,True
2025-01-22 00:00:00,002178,预测中,已明说会亏,预告,2024年度业绩预告（首亏）,2025-01-22 00:00:00,False,0.256343,True
2025-01-22 00:00:00,002188,预测中,已明说不会亏,预告,2024年度业绩预告（预减）,2025-01-22 00:00:00,False,0.03506,True
2025-01-22 00:00:00,002297,预测中,已明说会亏,预告,2024年度业绩预告（首亏）,2025-01-22 00:00:00,False,0.029225,True
2025-01-22 00:00:00,002329,预测中,已明说会亏,预告,2024年度业绩预告（首亏）,2025-01-22 00:00:00,False,0.283703,True
2025-01-22 00:00:00,002330,预测中,已明说会亏,预告,2024年度业绩预告（减亏）,2025-01-22 00:00:00,False,0.323098,True
2025-01-22 00:00:00,002342,预测中,已明说会亏,预告,2024年度业绩预告（增亏）,2025-01-22 00:00:00,False,0.418732,True
2025-01-22 00:00:00,002347,预测中,已明说不会亏,预告,2024年度业绩预告（扭亏）,2025-01-22 00:00:00,False,0.235746,True
2025-01-22 00:00:00,002354,预测中,已明说会亏,预告,2024年度业绩预告（减亏）,2025-01-22 00:00:00,False,0.381229,True
2025-01-22 00:00:00,002374,预测中,已明说会亏,预告,2024年度业绩预告（增亏）,2025-01-22 00:00:00,True,0.933724,True
2025-01-22 00:00:00,002376,预测中,已明说不会亏,预告,2024年度业绩预告（预增）,2025-01-22 00:00:00,False,0.473849,True
2025-01-22 00:00:00,002386,预测中,已明说会亏,预告,2024年度业绩预告（首亏）,2025-01-22 00:00:00,False,0.355047,True
2025-01-22 00:00:00,002431,预测中,已明说会亏,预告,2024年度业绩预告（增亏）,2025-01-22 00:00:00,True,0.859793,True
2025-01-22 00:00:00,002436,预测中,已明说会亏,预告,2024年度业绩预告（首亏）,2025-01-22 00:00:00,False,0.143745,True
2025-01-22 00:00:00,002483,预测中,已明说不会亏,预告,2024年度业绩预告（预增）,2025-01-22 00:00:00,False,0.081362,True
2025-01-22 00:00:00,002529,预测中,已明说会亏,预告,2024年度业绩预告（续亏）,2025-01-22 00:00:00,True,0.817343,True
2025-01-22 00:00:00,002531,预测中,已明说不会亏,预告,2024年度业绩预告（预减）,2025-01-22 00:00:00,False,0.038117,True
2025-01-22 00:00:00,002552,预测中,已明说不会亏,预告,2024年度业绩预告（预增）,2025-01-22 00:00:00,False,0.020988,True
2025-01-22 00:00:00,002565,预测中,已明说不会亏,预告,2024年度业绩预告（预增）,2025-01-22 00:00:00,False,0.118115,True
2025-01-22 00:00:00,002573,预测中,已明说会亏,预告,2024年度业绩预告（首亏）,2025-01-22 00:00:00,False,0.158638,True
2025-01-22 00:00:00,002603,预测中,已明说会亏,预告,2024年度业绩预告（首亏）,2025-01-22 00:00:00,False,0.096711,True
2025-01-22 00:00:00,002606,预测中,已明说不会亏,预告,2024年度业绩预告（预增）,2025-01-22 00:00:00,False,0.096506,True
2025-01-22 00:00:00,002609,预测中,已明说不会亏,预告,2024年度业绩预告（预减）,2025-01-22 00:00:00,False,0.164258,True
2025-01-22 00:00:00,002666,预测中,已明说不会亏,预告,2024年度业绩预告（预增）,2025-01-22 00:00:00,False,0.097813,True
2025-01-22 00:00:00,002687,预测中,已明说不会亏,预告,2024年度业绩预告（预减）,2025-01-22 00:00:00,False,0.035161,True
2025-01-22 00:00:00,002738,预测中,已明说不会亏,预告,2024年度业绩预告（预减）,2025-01-22 00:00:00,False,0.017657,True
2025-01-22 00:00:00,002760,预测中,已明说会亏,预告,2024年度业绩预告（续亏）,2025-01-22 00:00:00,False,0.459885,True
2025-01-22 00:00:00,002762,预测中,已明说不会亏,预告,2024年度业绩预告（扭亏）,2025-01-22 00:00:00,False,0.617101,True
2025-01-22 00:00:00,002771,预测中,已明说不会亏,预告,2024年度业绩预告（扭亏）,2025-01-22 00:00:00,False,0.251969,True
2025-01-22 00:00:00,002789,预测中,已明说会亏,预告,2024年度业绩预告（续亏）,2025-01-22 00:00:00,True,0.736531,True
2025-01-22 00:00:00,002801,预测中,已明说不会亏,预告,2024年度业绩预告（预增）,2025-01-22 00:00:00,False,0.01763,True
2025-01-22 00:00:00,002805,预测中,已明说会亏,预告,2024年度业绩预告（减亏）,2025-01-22 00:00:00,True,0.73886,True
2025-01-22 00:00:00,002812,预测中,已明说会亏,预告,2024年度业绩预告（首亏）,2025-01-22 00:00:00,False,0.054294,True
2025-01-22 00:00:00,002852,预测中,已明说不会亏,预告,2024年度业绩预告（预增）,2025-01-22 00:00:00,False,0.166909,True
2025-01-22 00:00:00,002856,预测中,已明说会亏,预告,2024年度业绩预告（增亏）,2025-01-22 00:00:00,True,0.700833,True
2025-01-22 00:00:00,002857,预测中,已明说不会亏,预告,2024年度业绩预告（预增）,2025-01-22 00:00:00,False,0.273363,True
2025-01-22 00:00:00,002886,预测中,已明说不会亏,预告,2024年度业绩预告（预增）,2025-01-22 00:00:00,False,0.139219,True
2025-01-22 00:00:00,002888,预测中,已明说不会亏,预告,2024年度业绩预告（扭亏）,2025-01-22 00:00:00,False,0.584061,True
2025-01-22 00:00:00,002905,预测中,已明说会亏,预告,2024年度业绩预告（首亏）,2025-01-22 00:00:00,False,0.555632,True
2025-01-22 00:00:00,002921,预测中,已明说会亏,预告,2024年度业绩预告（首亏）,2025-01-22 00:00:00,False,0.542928,True
2025-01-22 00:00:00,002972,预测中,已明说不会亏,预告,2024年度业绩预告（预增）,2025-01-22 00:00:00,False,0.054099,True
2025-01-22 00:00:00,002985,预测中,已明说不会亏,预告,2024年度业绩预告（预减）,2025-01-22 00:00:00,False,0.044408,True
2025-01-22 00:00:00,002989,预测中,已明说会亏,预告,2024年度业绩预告（首亏）,2025-01-22 00:00:00,True,0.792162,True
2025-01-22 00:00:00,002995,预测中,已明说会亏,预告,2024年度业绩预告（增亏）,2025-01-22 00:00:00,False,0.485305,True
2025-01-22 00:00:00,003001,预测中,已明说不会亏,预告,2024年度业绩预告（预增）,2025-01-22 00:00:00,False,0.400022,True
2025-01-22 00:00:00,300002,预测中,已明说不会亏,预告,2024年度业绩预告（预增）,2025-01-22 00:00:00,False,0.012861,True
2025-01-22 00:00:00,300044,预测中,已明说会亏,预告,2024年度业绩预告（增亏）,2025-01-22 00:00:00,False,0.630003,True
2025-01-22 00:00:00,300048,预测中,已明说不会亏,预告,2024年度业绩预告（扭亏）,2025-01-22 00:00:00,False,0.197605,True
2025-01-22 00:00:00,300051,预测中,已明说会亏,预告,2024年度业绩预告（增亏）,2025-01-22 00:00:00,True,0.663332,True
2025-01-22 00:00:00,300052,预测中,已明说会亏,预告,2024年度业绩预告（减亏）,2025-01-22 00:00:00,True,0.847178,True
2025-01-22 00:00:00,300057,预测中,已明说会亏,预告,2024年度业绩预告（增亏）,2025-01-22 00:00:00,False,0.378813,True
2025-01-22 00:00:00,300067,预测中,已明说会亏,预告,2024年度业绩预告（首亏）,2025-01-22 00:00:00,False,0.192402,True
2025-01-22 00:00:00,300081,预测中,已明说会亏,预告,2024年度业绩预告（增亏）,2025-01-22 00:00:00,True,0.859695,True
2025-01-22 00:00:00,300085,预测中,已明说会亏,预告,2024年度业绩预告（续亏）,2025-01-22 00:00:00,False,0.638001,True
2025-01-22 00:00:00,300106,预测中,已明说会亏,预告,2024年度业绩预告（增亏）,2025-01-22 00:00:00,False,0.492766,True
2025-01-22 00:00:00,300130,预测中,已明说不会亏,预告,2024年度业绩预告（预减）,2025-01-22 00:00:00,False,0.00452,True
2025-01-22 00:00:00,300155,预测中,已明说会亏,预告,2024年度业绩预告（增亏）,2025-01-22 00:00:00,True,0.667451,True
2025-01-22 00:00:00,300160,预测中,已明说不会亏,预告,2024年度业绩预告（续盈）,2025-01-22 00:00:00,False,0.010634,True
2025-01-22 00:00:00,300164,预测中,已明说不会亏,预告,2024年度业绩预告（略增）,2025-01-22 00:00:00,False,0.276856,True
2025-01-22 00:00:00,300175,预测中,已明说会亏,预告,2024年度业绩预告（减亏）,2025-01-22 00:00:00,False,0.148357,True
2025-01-22 00:00:00,300185,预测中,已明说不会亏,预告,2024年度业绩预告（预减）,2025-01-22 00:00:00,False,0.239087,True
2025-01-22 00:00:00,300200,预测中,已明说不会亏,预告,2024年度业绩预告（扭亏）,2025-01-22 00:00:00,False,0.023352,True
2025-01-22 00:00:00,300203,预测中,已明说不会亏,预告,2024年度业绩预告（扭亏）,2025-01-22 00:00:00,False,0.548701,True
2025-01-22 00:00:00,300228,预测中,已明说不会亏,预告,2024年度业绩预告（预增）,2025-01-22 00:00:00,False,0.026244,True
2025-01-22 00:00:00,300247,预测中,已明说不会亏,预告,2024年度业绩预告（预增）,2025-01-22 00:00:00,False,0.030777,True
2025-01-22 00:00:00,300256,预测中,已明说会亏,预告,2024年度业绩预告（续亏）,2025-01-22 00:00:00,True,0.799274,True
2025-01-22 00:00:00,300283,预测中,已明说会亏,预告,2024年度业绩预告（首亏）,2025-01-22 00:00:00,False,0.455294,True
2025-01-22 00:00:00,300289,预测中,已明说会亏,预告,2024年度业绩预告（首亏）,2025-01-22 00:00:00,True,0.698861,True
2025-01-22 00:00:00,300290,预测中,已明说会亏,预告,2024年度业绩预告（首亏）,2025-01-22 00:00:00,False,0.458728,True
2025-01-22 00:00:00,300293,预测中,已明说会亏,预告,2024年度业绩预告（续亏）,2025-01-22 00:00:00,False,0.374666,True
2025-01-22 00:00:00,300294,预测中,已明说不会亏,预告,2024年度业绩预告（预增）,2025-01-22 00:00:00,False,0.061076,True
2025-01-22 00:00:00,300301,预测中,已明说会亏,预告,2024年度业绩预告（减亏）,2025-01-22 00:00:00,False,0.512984,True
2025-01-22 00:00:00,300323,预测中,已明说会亏,预告,2024年度业绩预告（减亏）,2025-01-22 00:00:00,True,0.750595,True
2025-01-22 00:00:00,300324,预测中,已明说会亏,预告,2024年度业绩预告（续亏）,2025-01-22 00:00:00,True,0.77824,True
2025-01-22 00:00:00,300353,预测中,已明说不会亏,预告,2024年度业绩预告（预减）,2025-01-22 00:00:00,False,0.581889,True
2025-01-22 00:00:00,300366,预测中,已明说会亏,预告,2024年度业绩预告（减亏）,2025-01-22 00:00:00,True,0.879296,True
2025-01-22 00:00:00,300393,预测中,已明说会亏,预告,2024年度业绩预告（首亏）,2025-01-22 00:00:00,False,0.486478,True
2025-01-22 00:00:00,300445,预测中,已明说不会亏,预告,2024年度业绩预告（略增）,2025-01-22 00:00:00,False,0.005354,True
2025-01-22 00:00:00,300451,预测中,已明说会亏,预告,2024年度业绩预告（首亏）,2025-01-22 00:00:00,False,0.543203,True
2025-01-22 00:00:00,300508,预测中,已明说不会亏,预告,2024年度业绩预告（预增）,2025-01-22 00:00:00,False,0.043506,True
2025-01-22 00:00:00,300552,预测中,已明说会亏,预告,2024年度业绩预告（减亏）,2025-01-22 00:00:00,True,0.839651,True
2025-01-22 00:00:00,300572,预测中,已明说会亏,预告,2024年度业绩预告（增亏）,2025-01-22 00:00:00,False,0.467247,True
2025-01-22 00:00:00,300585,预测中,已明说会亏,预告,2024年度业绩预告（首亏）,2025-01-22 00:00:00,False,0.322447,True
2025-01-22 00:00:00,300588,预测中,已明说会亏,预告,2024年度业绩预告（增亏）,2025-01-22 00:00:00,True,0.812628,True
2025-01-22 00:00:00,300601,预测中,已明说不会亏,预告,2024年度业绩预告（预减）,2025-01-22 00:00:00,False,0.17715,True
2025-01-22 00:00:00,300604,预测中,已明说不会亏,预告,2024年度业绩预告（预增）,2025-01-22 00:00:00,False,0.227742,True
2025-01-22 00:00:00,300616,预测中,已明说会亏,预告,2024年度业绩预告（首亏）,2025-01-22 00:00:00,False,0.544915,True
2025-01-22 00:00:00,300635,预测中,已明说会亏,预告,2024年度业绩预告（首亏）,2025-01-22 00:00:00,False,0.44067,True
2025-01-22 00:00:00,300640,预测中,已明说不会亏,预告,2024年度业绩预告（预减）,2025-01-22 00:00:00,False,0.514491,True
2025-01-22 00:00:00,300673,预测中,已明说不会亏,预告,2024年度业绩预告（扭亏）,2025-01-22 00:00:00,False,0.044316,True
2025-01-22 00:00:00,300676,预测中,已明说会亏,预告,2024年度业绩预告（首亏）,2025-01-22 00:00:00,True,0.672427,True
2025-01-22 00:00:00,300703,预测中,已明说不会亏,预告,2024年度业绩预告（预增）,2025-01-22 00:00:00,False,0.041945,True
2025-01-22 00:00:00,300713,预测中,已明说会亏,预告,2024年度业绩预告（增亏）,2025-01-22 00:00:00,True,0.819681,True
2025-01-22 00:00:00,300719,预测中,已明说不会亏,预告,2024年度业绩预告（预减）,2025-01-22 00:00:00,False,0.019491,True
2025-01-22 00:00:00,300733,预测中,已明说不会亏,预告,2024年度业绩预告（扭亏）,2025-01-22 00:00:00,False,0.18423,True
2025-01-22 00:00:00,300752,预测中,已明说不会亏,预告,2024年度业绩预告（预增）,2025-01-22 00:00:00,False,0.061188,True
2025-01-22 00:00:00,300810,预测中,已明说会亏,预告,2024年度业绩预告（减亏）,2025-01-22 00:00:00,True,0.68585,True
2025-01-22 00:00:00,300829,预测中,已明说不会亏,预告,2024年度业绩预告（预减）,2025-01-22 00:00:00,False,0.048755,True
2025-01-22 00:00:00,300844,预测中,已明说不会亏,预告,2024年度业绩预告（扭亏）,2025-01-22 00:00:00,False,0.077015,True
2025-01-22 00:00:00,300849,预测中,已明说会亏,预告,2024年度业绩预告（减亏）,2025-01-22 00:00:00,False,0.522556,True
2025-01-22 00:00:00,300865,预测中,已明说会亏,预告,2024年度业绩预告（减亏）,2025-01-22 00:00:00,False,0.503672,True
2025-01-22 00:00:00,300870,预测中,已明说不会亏,预告,2024年度业绩预告（略增）,2025-01-22 00:00:00,False,0.013419,True
2025-01-22 00:00:00,300891,预测中,已明说不会亏,预告,2024年度业绩预告（预减）,2025-01-22 00:00:00,False,0.035679,True
2025-01-22 00:00:00,300900,预测中,已明说会亏,预告,2024年度业绩预告（首亏）,2025-01-22 00:00:00,False,0.022737,True
2025-01-22 00:00:00,300956,预测中,已明说不会亏,预告,2024年度业绩预告（扭亏）,2025-01-22 00:00:00,False,0.29772,True
2025-01-22 00:00:00,300963,预测中,已明说不会亏,预告,2024年度业绩预告（略增）,2025-01-22 00:00:00,False,0.047521,True
2025-01-22 00:00:00,300981,预测中,已明说会亏,预告,2024年度业绩预告（减亏）,2025-01-22 00:00:00,False,0.359541,True
2025-01-22 00:00:00,300991,预测中,已明说不会亏,预告,2024年度业绩预告（预增）,2025-01-22 00:00:00,False,0.085826,True
2025-01-22 00:00:00,301001,预测中,已明说不会亏,预告,2024年度业绩预告（预增）,2025-01-22 00:00:00,False,0.381857,True
2025-01-22 00:00:00,301004,预测中,已明说不会亏,预告,2024年度业绩预告（预增）,2025-01-22 00:00:00,False,0.0036,True
2025-01-22 00:00:00,301012,预测中,已明说不会亏,预告,2024年度业绩预告（预增）,2025-01-22 00:00:00,False,0.076232,True
2025-01-22 00:00:00,301013,预测中,已明说不会亏,预告,2024年度业绩预告（扭亏）,2025-01-22 00:00:00,False,0.275354,True
2025-01-22 00:00:00,301021,预测中,已明说不会亏,预告,2024年度业绩预告（扭亏）,2025-01-22 00:00:00,False,0.426595,True
2025-01-22 00:00:00,301025,预测中,已明说不会亏,预告,2024年度业绩预告（扭亏）,2025-01-22 00:00:00,False,0.191188,True
2025-01-22 00:00:00,301033,预测中,已明说不会亏,预告,2024年度业绩预告（预增）,2025-01-22 00:00:00,False,0.007238,True
2025-01-22 00:00:00,301053,预测中,已明说不会亏,预告,2024年度业绩预告（预增）,2025-01-22 00:00:00,False,0.045129,True
2025-01-22 00:00:00,301082,预测中,已明说会亏,预告,2024年度业绩预告（首亏）,2025-01-22 00:00:00,False,0.226549,True
2025-01-22 00:00:00,301099,预测中,已明说不会亏,预告,2024年度业绩预告（预增）,2025-01-22 00:00:00,False,0.010324,True
2025-01-22 00:00:00,301115,预测中,已明说不会亏,预告,2024年度业绩预告（预减）,2025-01-22 00:00:00,False,0.149217,True
2025-01-22 00:00:00,301121,预测中,已明说不会亏,预告,2024年度业绩预告（预增）,2025-01-22 00:00:00,False,0.074031,True
2025-01-22 00:00:00,301122,预测中,已明说不会亏,预告,2024年度业绩预告（预减）,2025-01-22 00:00:00,False,0.008811,True
2025-01-22 00:00:00,301161,预测中,已明说不会亏,预告,2024年度业绩预告（续盈）,2025-01-22 00:00:00,False,0.027985,True
2025-01-22 00:00:00,301167,预测中,已明说不会亏,预告,2024年度业绩预告（预减）,2025-01-22 00:00:00,False,0.056158,True
2025-01-22 00:00:00,301219,预测中,已明说不会亏,预告,2024年度业绩预告（预增）,2025-01-22 00:00:00,False,0.008451,True
2025-01-22 00:00:00,301238,预测中,已明说不会亏,预告,2024年度业绩预告（预减）,2025-01-22 00:00:00,False,0.111699,True
2025-01-22 00:00:00,301268,预测中,已明说会亏,预告,2024年度业绩预告（首亏）,2025-01-22 00:00:00,False,0.24999,True
2025-01-22 00:00:00,301337,预测中,已明说会亏,预告,2024年度业绩预告（首亏）,2025-01-22 00:00:00,False,0.191411,True
2025-01-22 00:00:00,301509,预测中,已明说不会亏,预告,2024年度业绩预告（预减）,2025-01-22 00:00:00,False,0.03661,True
2025-01-22 00:00:00,301519,预测中,已明说不会亏,预告,2024年度业绩预告（预减）,2025-01-22 00:00:00,False,0.138642,True
2025-01-22 00:00:00,301558,预测中,已明说不会亏,预告,2024年度业绩预告（预减）,2025-01-22 00:00:00,False,0.015536,True
2025-01-22 00:00:00,600009,预测中,已明说不会亏,预告,2024年度业绩预告（预增）,2025-01-22 00:00:00,False,0.111967,True
2025-01-22 00:00:00,600025,预测中,已明说不会亏,预告,2024年度业绩预告（略增）,2025-01-22 00:00:00,False,0.013575,True
2025-01-22 00:00:00,600052,预测中,已明说会亏,预告,2024年度业绩预告（首亏）,2025-01-22 00:00:00,False,0.021458,True
2025-01-22 00:00:00,600067,预测中,已明说会亏,预告,2024年度业绩预告（增亏）,2025-01-22 00:00:00,False,0.183591,True
2025-01-22 00:00:00,600071,预测中,已明说不会亏,预告,2024年度业绩预告（扭亏）,2025-01-22 00:00:00,True,0.66102,True
2025-01-22 00:00:00,600100,预测中,已明说不会亏,预告,2024年度业绩预告（扭亏）,2025-01-22 00:00:00,True,0.740187,True
2025-01-22 00:00:00,600149,预测中,已明说不会亏,预告,2024年度业绩预告（扭亏）,2025-01-22 00:00:00,False,0.183915,True
2025-01-22 00:00:00,600171,预测中,已明说不会亏,预告,2024年度业绩预告（扭亏）,2025-01-22 00:00:00,False,0.025334,True
2025-01-22 00:00:00,600268,预测中,已明说不会亏,预告,2024年度业绩预告（预增）,2025-01-22 00:00:00,False,0.029975,True
2025-01-22 00:00:00,600392,预测中,已明说不会亏,预告,2024年度业绩预告（略减）,2025-01-22 00:00:00,False,0.259404,True
2025-01-22 00:00:00,600410,预测中,已明说不会亏,预告,2024年度业绩预告（扭亏）,2025-01-22 00:00:00,False,0.615042,True
2025-01-22 00:00:00,600506,预测中,已明说不会亏,预告,2024年度业绩预告（扭亏）,2025-01-22 00:00:00,False,0.050487,True
2025-01-22 00:00:00,600521,预测中,已明说不会亏,预告,2024年度业绩预告（略增）,2025-01-22 00:00:00,False,0.007613,True
2025-01-22 00:00:00,600550,预测中,已明说不会亏,预告,2024年度业绩预告（扭亏）,2025-01-22 00:00:00,False,0.361615,True
2025-01-22 00:00:00,600580,预测中,已明说不会亏,预告,2024年度业绩预告（预增）,2025-01-22 00:00:00,False,0.083225,True
2025-01-22 00:00:00,600685,预测中,已明说不会亏,预告,2024年度业绩预告（预增）,2025-01-22 00:00:00,False,0.084897,True
2025-01-22 00:00:00,600714,预测中,已明说不会亏,预告,2024年度业绩预告（预增）,2025-01-22 00:00:00,False,0.166422,True
2025-01-22 00:00:00,600795,预测中,已明说不会亏,预告,2024年度业绩预告（预增）,2025-01-22 00:00:00,False,0.060892,True
2025-01-22 00:00:00,601113,预测中,已明说不会亏,预告,2024年度业绩预告（预增）,2025-01-22 00:00:00,False,0.039904,True
2025-01-22 00:00:00,601127,预测中,已明说不会亏,预告,2024年度业绩预告（扭亏）,2025-01-22 00:00:00,False,0.037261,True
2025-01-22 00:00:00,601899,预测中,已明说不会亏,预告,2024年度业绩预告（预增）,2025-01-22 00:00:00,False,0.005002,True
2025-01-22 00:00:00,603058,预测中,已明说不会亏,预告,2024年度业绩预告（预增）,2025-01-22 00:00:00,False,0.010959,True
2025-01-22 00:00:00,603126,预测中,已明说不会亏,预告,2024年度业绩预告（预减）,2025-01-22 00:00:00,False,0.047236,True
2025-01-22 00:00:00,603131,预测中,已明说不会亏,预告,2024年度业绩预告（扭亏）,2025-01-22 00:00:00,False,0.041696,True
2025-01-22 00:00:00,603135,预测中,已明说不会亏,预告,2024年度业绩预告（预减）,2025-01-22 00:00:00,False,0.06937,True
2025-01-22 00:00:00,603166,预测中,已明说不会亏,预告,2024年度业绩预告（预增）,2025-01-22 00:00:00,False,0.098594,True
2025-01-22 00:00:00,603296,预测中,已明说不会亏,预告,2024年度业绩预告（略增）,2025-01-22 00:00:00,False,0.010354,True
2025-01-22 00:00:00,603301,预测中,已明说不会亏,预告,2024年度业绩预告（预增）,2025-01-22 00:00:00,False,0.105849,True
2025-01-22 00:00:00,603501,预测中,已明说不会亏,预告,2024年度业绩预告（预增）,2025-01-22 00:00:00,False,0.007035,True
2025-01-22 00:00:00,603838,预测中,已明说会亏,预告,2024年度业绩预告（减亏）,2025-01-22 00:00:00,False,0.635647,True
2025-01-22 00:00:00,603890,预测中,已明说不会亏,预告,2024年度业绩预告（预增）,2025-01-22 00:00:00,False,0.378071,True
2025-01-22 00:00:00,603986,预测中,已明说不会亏,预告,2024年度业绩预告（预增）,2025-01-22 00:00:00,False,0.011236,True
2025-01-22 00:00:00,603995,预测中,已明说不会亏,预告,2024年度业绩预告（预增）,2025-01-22 00:00:00,False,0.011181,True
2025-01-22 00:00:00,605180,预测中,已明说不会亏,预告,2024年度业绩预告（预增）,2025-01-22 00:00:00,False,0.038302,True
2025-01-22 00:00:00,605333,预测中,已明说不会亏,预告,2024年度业绩预告（预增）,2025-01-22 00:00:00,False,0.05778,True
2025-01-22 00:00:00,688049,预测中,已明说不会亏,预告,2024年度业绩预告（预增）,2025-01-22 00:00:00,False,0.023657,True
2025-01-22 00:00:00,688115,预测中,已明说不会亏,预告,2024年度业绩预告（预增）,2025-01-22 00:00:00,False,0.466689,True
2025-01-22 00:00:00,688132,预测中,已明说会亏,预告,2024年度业绩预告（减亏）,2025-01-22 00:00:00,False,0.146048,True
2025-01-22 00:00:00,688161,预测中,已明说不会亏,预告,2024年度业绩预告（预增）,2025-01-22 00:00:00,False,0.259609,True
2025-01-22 00:00:00,688167,预测中,已明说会亏,预告,2024年度业绩预告（首亏）,2025-01-22 00:00:00,False,0.373741,True
2025-01-22 00:00:00,688170,预测中,已明说会亏,预告,2024年度业绩预告（首亏）,2025-01-22 00:00:00,False,0.393402,True
2025-01-22 00:00:00,688178,预测中,已明说会亏,预告,2024年度业绩预告（减亏）,2025-01-22 00:00:00,False,0.462847,True
2025-01-22 00:00:00,688189,预测中,已明说会亏,预告,2024年度业绩预告（首亏）,2025-01-22 00:00:00,False,0.314,True
2025-01-22 00:00:00,688249,预测中,已明说不会亏,预告,2024年度业绩预告（预增）,2025-01-22 00:00:00,False,0.039524,True
2025-01-22 00:00:00,688252,预测中,已明说不会亏,预告,2024年度业绩预告（预增）,2025-01-22 00:00:00,False,0.009635,True
2025-01-22 00:00:00,688280,预测中,已明说会亏,预告,2024年度业绩预告（减亏）,2025-01-22 00:00:00,True,0.807668,True
2025-01-22 00:00:00,688297,预测中,已明说会亏,预告,2024年度业绩预告（首亏）,2025-01-22 00:00:00,False,0.053436,True
2025-01-22 00:00:00,688307,预测中,已明说不会亏,预告,2024年度业绩预告（预增）,2025-01-22 00:00:00,False,0.026423,True
2025-01-22 00:00:00,688365,预测中,已明说会亏,预告,2024年度业绩预告（增亏）,2025-01-22 00:00:00,False,0.551102,True
2025-01-22 00:00:00,688408,预测中,已明说不会亏,预告,2024年度业绩预告（预增）,2025-01-22 00:00:00,False,0.008,True
2025-01-22 00:00:00,688450,预测中,已明说会亏,预告,2024年度业绩预告（首亏）,2025-01-22 00:00:00,False,0.186041,True
2025-01-22 00:00:00,688458,预测中,已明说会亏,预告,2024年度业绩预告（首亏）,2025-01-22 00:00:00,True,0.696568,True
2025-01-22 00:00:00,688480,预测中,已明说不会亏,预告,2024年度业绩预告（预增）,2025-01-22 00:00:00,False,0.018542,True
2025-01-22 00:00:00,688515,预测中,已明说会亏,预告,2024年度业绩预告（增亏）,2025-01-22 00:00:00,True,0.904101,True
2025-01-22 00:00:00,688600,预测中,已明说不会亏,预告,2024年度业绩预告（预减）,2025-01-22 00:00:00,False,0.374555,True
2025-01-23 00:00:00,000011,预测中,已明说会亏,预告,2024年度业绩预告（首亏）,2025-01-23 00:00:00,False,0.10089,True
2025-01-23 00:00:00,000031,预测中,已明说会亏,预告,2024年度业绩预告（增亏）,2025-01-23 00:00:00,False,0.376341,True
2025-01-23 00:00:00,000042,预测中,已明说会亏,预告,2024年度业绩预告（增亏）,2025-01-23 00:00:00,False,0.04691,True
2025-01-23 00:00:00,000050,预测中,已明说会亏,预告,2024年度业绩预告（减亏）,2025-01-23 00:00:00,False,0.504416,True
2025-01-23 00:00:00,000070,预测中,已明说会亏,预告,2024年度业绩预告（增亏）,2025-01-23 00:00:00,False,0.133998,True
2025-01-23 00:00:00,000078,预测中,已明说会亏,预告,2024年度业绩预告（减亏）,2025-01-23 00:00:00,False,0.340251,True
2025-01-23 00:00:00,000151,预测中,已明说会亏,预告,2024年度业绩预告（增亏）,2025-01-23 00:00:00,True,0.706052,True
2025-01-23 00:00:00,000158,预测中,已明说会亏,预告,2024年度业绩预告（增亏）,2025-01-23 00:00:00,False,0.335829,True
2025-01-23 00:00:00,000159,预测中,已明说会亏,预告,2024年度业绩预告（首亏）,2025-01-23 00:00:00,False,0.200287,True
2025-01-23 00:00:00,000503,预测中,已明说会亏,预告,2024年度业绩预告（减亏）,2025-01-23 00:00:00,True,0.827304,True
2025-01-23 00:00:00,000505,预测中,已明说不会亏,预告,2024年度业绩预告（预减）,2025-01-23 00:00:00,False,0.203199,True
2025-01-23 00:00:00,000516,预测中,已明说会亏,预告,2024年度业绩预告（减亏）,2025-01-23 00:00:00,True,0.882669,True
2025-01-23 00:00:00,000520,预测中,已明说会亏,预告,2024年度业绩预告（增亏）,2025-01-23 00:00:00,False,0.310329,True
2025-01-23 00:00:00,000543,预测中,已明说不会亏,预告,2024年度业绩预告（预增）,2025-01-23 00:00:00,False,0.048021,True
2025-01-23 00:00:00,000546,预测中,已明说不会亏,预告,2024年度业绩预告（扭亏）,2025-01-23 00:00:00,False,0.129703,True
2025-01-23 00:00:00,000553,预测中,已明说会亏,预告,2024年度业绩预告（增亏）,2025-01-23 00:00:00,False,0.389477,True
2025-01-23 00:00:00,000573,预测中,已明说会亏,预告,2024年度业绩预告（首亏）,2025-01-23 00:00:00,False,0.622405,True
2025-01-23 00:00:00,000576,预测中,已明说不会亏,预告,2024年度业绩预告（扭亏）,2025-01-23 00:00:00,False,0.099587,True
2025-01-23 00:00:00,000603,预测中,已明说不会亏,预告,2024年度业绩预告（预增）,2025-01-23 00:00:00,False,0.192774,True
2025-01-23 00:00:00,000628,预测中,已明说不会亏,预告,2024年度业绩预告（预减）,2025-01-23 00:00:00,False,0.008494,True
2025-01-23 00:00:00,000710,预测中,已明说会亏,预告,2024年度业绩预告（减亏）,2025-01-23 00:00:00,False,0.617415,True
2025-01-23 00:00:00,000716,预测中,已明说不会亏,预告,2024年度业绩预告（预增）,2025-01-23 00:00:00,False,0.62934,True
2025-01-23 00:00:00,000717,预测中,已明说会亏,预告,2024年度业绩预告（首亏）,2025-01-23 00:00:00,False,0.650887,True
2025-01-23 00:00:00,000768,预测中,已明说不会亏,预告,2024年度业绩预告（略增）,2025-01-23 00:00:00,False,0.01404,True
2025-01-23 00:00:00,000789,预测中,已明说不会亏,预告,2024年度业绩预告（预减）,2025-01-23 00:00:00,False,0.196609,True
2025-01-23 00:00:00,000890,预测中,已明说会亏,预告,2024年度业绩预告（首亏）,2025-01-23 00:00:00,True,0.891286,True
2025-01-23 00:00:00,000901,预测中,已明说不会亏,预告,2024年度业绩预告（扭亏）,2025-01-23 00:00:00,False,0.262559,True
2025-01-23 00:00:00,000903,预测中,已明说会亏,预告,2024年度业绩预告（减亏）,2025-01-23 00:00:00,False,0.5926,True
2025-01-23 00:00:00,000966,预测中,已明说不会亏,预告,2024年度业绩预告（预增）,2025-01-23 00:00:00,False,0.150614,True
2025-01-23 00:00:00,000980,预测中,已明说会亏,预告,2024年度业绩预告（续亏）,2025-01-23 00:00:00,True,0.858729,True
2025-01-23 00:00:00,001211,预测中,已明说不会亏,预告,2024年度业绩预告（扭亏）,2025-01-23 00:00:00,False,0.286874,True
2025-01-23 00:00:00,001226,预测中,已明说不会亏,预告,2024年度业绩预告（扭亏）,2025-01-23 00:00:00,False,0.454638,True
2025-01-23 00:00:00,001258,预测中,已明说不会亏,预告,2024年度业绩预告（预减）,2025-01-23 00:00:00,False,0.163888,True
2025-01-23 00:00:00,001283,预测中,已明说不会亏,预告,2024年度业绩预告（预增）,2025-01-23 00:00:00,False,0.191543,True
2025-01-23 00:00:00,001330,预测中,已明说会亏,预告,2024年度业绩预告（增亏）,2025-01-23 00:00:00,True,0.856039,True
2025-01-23 00:00:00,001376,预测中,已明说不会亏,预告,2024年度业绩预告（预增）,2025-01-23 00:00:00,False,0.008257,True
2025-01-23 00:00:00,002023,预测中,已明说不会亏,预告,2024年度业绩预告（预增）,2025-01-23 00:00:00,False,0.033291,True
2025-01-23 00:00:00,002105,预测中,已明说会亏,预告,2024年度业绩预告（首亏）,2025-01-23 00:00:00,False,0.135362,True
2025-01-23 00:00:00,002170,预测中,已明说不会亏,预告,2024年度业绩预告（预增）,2025-01-23 00:00:00,False,0.015338,True
2025-01-23 00:00:00,002191,预测中,已明说不会亏,预告,2024年度业绩预告（预减）,2025-01-23 00:00:00,False,0.120963,True
2025-01-23 00:00:00,002192,预测中,已明说不会亏,预告,2024年度业绩预告（预减）,2025-01-23 00:00:00,False,0.018457,True
2025-01-23 00:00:00,002226,预测中,已明说不会亏,预告,2024年度业绩预告（略增）,2025-01-23 00:00:00,False,0.037602,True
2025-01-23 00:00:00,002242,预测中,已明说不会亏,预告,2024年度业绩预告（预减）,2025-01-23 00:00:00,False,0.014351,True
2025-01-23 00:00:00,002245,预测中,已明说不会亏,预告,2024年度业绩预告（预增）,2025-01-23 00:00:00,False,0.048627,True
2025-01-23 00:00:00,002248,预测中,已明说不会亏,预告,2024年度业绩预告（扭亏）,2025-01-23 00:00:00,False,0.108003,True
2025-01-23 00:00:00,002251,预测中,已明说不会亏,预告,2024年度业绩预告（扭亏）,2025-01-23 00:00:00,False,0.646981,True
2025-01-23 00:00:00,002259,预测中,已明说不会亏,预告,2024年度业绩预告（扭亏）,2025-01-23 00:00:00,False,0.215879,True
2025-01-23 00:00:00,002291,预测中,已明说会亏,预告,2024年度业绩预告（减亏）,2025-01-23 00:00:00,True,0.827853,True
2025-01-23 00:00:00,002298,预测中,已明说会亏,预告,2024年度业绩预告（增亏）,2025-01-23 00:00:00,False,0.159587,True
2025-01-23 00:00:00,002313,预测中,已明说会亏,预告,2024年度业绩预告（减亏）,2025-01-23 00:00:00,False,0.519087,True
2025-01-23 00:00:00,002323,预测中,已明说会亏,预告,2024年度业绩预告（增亏）,2025-01-23 00:00:00,True,0.781237,True
2025-01-23 00:00:00,002407,预测中,已明说会亏,预告,2024年度业绩预告（首亏）,2025-01-23 00:00:00,False,0.033821,True
2025-01-23 00:00:00,002410,预测中,已明说不会亏,预告,2024年度业绩预告（预增）,2025-01-23 00:00:00,False,0.219637,True
2025-01-23 00:00:00,002414,预测中,已明说会亏,预告,2024年度业绩预告（首亏）,2025-01-23 00:00:00,False,0.350162,True
2025-01-23 00:00:00,002421,预测中,已明说不会亏,预告,2024年度业绩预告（预减）,2025-01-23 00:00:00,False,0.585569,True
2025-01-23 00:00:00,002457,预测中,已明说不会亏,预告,2024年度业绩预告（预增）,2025-01-23 00:00:00,False,0.322864,True
2025-01-23 00:00:00,002470,预测中,已明说不会亏,预告,2024年度业绩预告（扭亏）,2025-01-23 00:00:00,False,0.250512,True
2025-01-23 00:00:00,002489,预测中,已明说不会亏,预告,2024年度业绩预告（预增）,2025-01-23 00:00:00,False,0.084567,True
2025-01-23 00:00:00,002496,预测中,已明说会亏,预告,2024年度业绩预告（减亏）,2025-01-23 00:00:00,False,0.441586,True
2025-01-23 00:00:00,002518,预测中,已明说不会亏,预告,2024年度业绩预告（预减）,2025-01-23 00:00:00,False,0.016948,True
2025-01-23 00:00:00,002561,预测中,已明说不会亏,预告,2024年度业绩预告（预减）,2025-01-23 00:00:00,False,0.058214,True
2025-01-23 00:00:00,002585,预测中,已明说会亏,预告,2024年度业绩预告（增亏）,2025-01-23 00:00:00,False,0.48731,True
2025-01-23 00:00:00,002631,预测中,已明说会亏,预告,2024年度业绩预告（首亏）,2025-01-23 00:00:00,False,0.556354,True
2025-01-23 00:00:00,002633,预测中,已明说不会亏,预告,2024年度业绩预告（扭亏）,2025-01-23 00:00:00,False,0.401291,True
2025-01-23 00:00:00,002661,预测中,已明说不会亏,预告,2024年度业绩预告（扭亏）,2025-01-23 00:00:00,False,0.055355,True
2025-01-23 00:00:00,002672,预测中,已明说会亏,预告,2024年度业绩预告（续亏）,2025-01-23 00:00:00,True,0.824573,True
2025-01-23 00:00:00,002689,预测中,已明说不会亏,预告,2024年度业绩预告（预减）,2025-01-23 00:00:00,False,0.428983,True
2025-01-23 00:00:00,002715,预测中,已明说不会亏,预告,2024年度业绩预告（预减）,2025-01-23 00:00:00,False,0.059336,True
2025-01-23 00:00:00,002717,预测中,已明说会亏,预告,2024年度业绩预告（续亏）,2025-01-23 00:00:00,True,0.865679,True
2025-01-23 00:00:00,002755,预测中,已明说不会亏,预告,2024年度业绩预告（扭亏）,2025-01-23 00:00:00,False,0.134521,True
2025-01-23 00:00:00,002761,预测中,已明说不会亏,预告,2024年度业绩预告（预减）,2025-01-23 00:00:00,False,0.022214,True
2025-01-23 00:00:00,002765,预测中,已明说不会亏,预告,2024年度业绩预告（扭亏）,2025-01-23 00:00:00,False,0.077014,True
2025-01-23 00:00:00,002795,预测中,已明说会亏,预告,2024年度业绩预告（增亏）,2025-01-23 00:00:00,False,0.626542,True
2025-01-23 00:00:00,002806,预测中,已明说不会亏,预告,2024年度业绩预告（扭亏）,2025-01-23 00:00:00,False,0.331747,True
2025-01-23 00:00:00,002811,预测中,已明说不会亏,预告,2024年度业绩预告（扭亏）,2025-01-23 00:00:00,False,0.15325,True
2025-01-23 00:00:00,002826,预测中,已明说不会亏,预告,2024年度业绩预告（预增）,2025-01-23 00:00:00,False,0.065176,True
2025-01-23 00:00:00,002848,预测中,已明说会亏,预告,2024年度业绩预告（增亏）,2025-01-23 00:00:00,True,0.75771,True
2025-01-23 00:00:00,002865,预测中,已明说会亏,预告,2024年度业绩预告（首亏）,2025-01-23 00:00:00,False,0.16211,True
2025-01-23 00:00:00,002866,预测中,已明说会亏,预告,2024年度业绩预告（首亏）,2025-01-23 00:00:00,False,0.428047,True
2025-01-23 00:00:00,002881,预测中,已明说不会亏,预告,2024年度业绩预告（预增）,2025-01-23 00:00:00,False,0.142643,True
2025-01-23 00:00:00,002923,预测中,已明说不会亏,预告,2024年度业绩预告（预减）,2025-01-23 00:00:00,False,0.0751,True
2025-01-23 00:00:00,002945,预测中,已明说不会亏,预告,2024年度业绩预告（预增）,2025-01-23 00:00:00,False,0.058584,True
2025-01-23 00:00:00,002999,预测中,已明说不会亏,预告,2024年度业绩预告（预减）,2025-01-23 00:00:00,False,0.099881,True
2025-01-23 00:00:00,003037,预测中,已明说不会亏,预告,2024年度业绩预告（预减）,2025-01-23 00:00:00,False,0.26693,True
2025-01-23 00:00:00,300004,预测中,已明说不会亏,预告,2024年度业绩预告（扭亏）,2025-01-23 00:00:00,False,0.261836,True
2025-01-23 00:00:00,300010,预测中,已明说不会亏,预告,2024年度业绩预告（预增）,2025-01-23 00:00:00,False,0.376143,True
2025-01-23 00:00:00,300049,预测中,已明说不会亏,预告,2024年度业绩预告（略增）,2025-01-23 00:00:00,False,0.00898,True
2025-01-23 00:00:00,300056,预测中,已明说会亏,预告,2024年度业绩预告（续亏）,2025-01-23 00:00:00,False,0.421044,True
2025-01-23 00:00:00,300058,预测中,已明说会亏,预告,2024年度业绩预告（首亏）,2025-01-23 00:00:00,False,0.506031,True
2025-01-23 00:00:00,300063,预测中,已明说不会亏,预告,2024年度业绩预告（预增）,2025-01-23 00:00:00,False,0.377631,True
2025-01-23 00:00:00,300086,预测中,已明说会亏,预告,2024年度业绩预告（首亏）,2025-01-23 00:00:00,True,0.829084,True
2025-01-23 00:00:00,300096,预测中,已明说会亏,预告,2024年度业绩预告（首亏）,2025-01-23 00:00:00,False,0.491742,True
2025-01-23 00:00:00,300098,预测中,已明说会亏,预告,2024年度业绩预告（增亏）,2025-01-23 00:00:00,False,0.290769,True
2025-01-23 00:00:00,300103,预测中,已明说会亏,预告,2024年度业绩预告（续亏）,2025-01-23 00:00:00,False,0.357463,True
2025-01-23 00:00:00,300111,预测中,已明说不会亏,预告,2024年度业绩预告（预减）,2025-01-23 00:00:00,False,0.272878,True
2025-01-23 00:00:00,300148,预测中,已明说不会亏,预告,2024年度业绩预告（扭亏）,2025-01-23 00:00:00,False,0.371769,True
2025-01-23 00:00:00,300167,预测中,已明说会亏,预告,2024年度业绩预告（减亏）,2025-01-23 00:00:00,False,0.2507,True
2025-01-23 00:00:00,300176,预测中,已明说不会亏,预告,2024年度业绩预告（预增）,2025-01-23 00:00:00,False,0.090619,True
2025-01-23 00:00:00,300198,预测中,已明说会亏,预告,2024年度业绩预告（续亏）,2025-01-23 00:00:00,True,0.840968,True
2025-01-23 00:00:00,300210,预测中,已明说会亏,预告,2024年度业绩预告（减亏）,2025-01-23 00:00:00,True,0.707838,True
2025-01-23 00:00:00,300229,预测中,已明说会亏,预告,2024年度业绩预告（首亏）,2025-01-23 00:00:00,False,0.385127,True
2025-01-23 00:00:00,300240,预测中,已明说会亏,预告,2024年度业绩预告（首亏）,2025-01-23 00:00:00,False,0.433127,True
2025-01-23 00:00:00,300245,预测中,已明说会亏,预告,2024年度业绩预告（减亏）,2025-01-23 00:00:00,False,0.390447,True
2025-01-23 00:00:00,300253,预测中,已明说不会亏,预告,2024年度业绩预告（预减）,2025-01-23 00:00:00,False,0.165272,True
2025-01-23 00:00:00,300270,预测中,已明说会亏,预告,2024年度业绩预告（续亏）,2025-01-23 00:00:00,True,0.769277,True
2025-01-23 00:00:00,300296,预测中,已明说会亏,预告,2024年度业绩预告（首亏）,2025-01-23 00:00:00,False,0.078143,True
2025-01-23 00:00:00,300300,预测中,已明说不会亏,预告,2024年度业绩预告（扭亏）,2025-01-23 00:00:00,True,0.84604,True
2025-01-23 00:00:00,300303,预测中,已明说不会亏,预告,2024年度业绩预告（预增）,2025-01-23 00:00:00,False,0.04289,True
2025-01-23 00:00:00,300307,预测中,已明说不会亏,预告,2024年度业绩预告（预增）,2025-01-23 00:00:00,False,0.035515,True
2025-01-23 00:00:00,300310,预测中,已明说会亏,预告,2024年度业绩预告（首亏）,2025-01-23 00:00:00,False,0.347587,True
2025-01-23 00:00:00,300314,预测中,已明说不会亏,预告,2024年度业绩预告（预减）,2025-01-23 00:00:00,False,0.00724,True
2025-01-23 00:00:00,300322,预测中,已明说会亏,预告,2024年度业绩预告（减亏）,2025-01-23 00:00:00,True,0.784889,True
2025-01-23 00:00:00,300328,预测中,已明说不会亏,预告,2024年度业绩预告（预减）,2025-01-23 00:00:00,False,0.17134,True
2025-01-23 00:00:00,300334,预测中,已明说不会亏,预告,2024年度业绩预告（扭亏）,2025-01-23 00:00:00,True,0.65859,True
2025-01-23 00:00:00,300340,预测中,已明说会亏,预告,2024年度业绩预告（减亏）,2025-01-23 00:00:00,False,0.601888,True
2025-01-23 00:00:00,300345,预测中,已明说会亏,预告,2024年度业绩预告（增亏）,2025-01-23 00:00:00,True,0.920188,True
2025-01-23 00:00:00,300352,预测中,已明说会亏,预告,2024年度业绩预告（首亏）,2025-01-23 00:00:00,False,0.620713,True
2025-01-23 00:00:00,300370,预测中,已明说会亏,预告,2024年度业绩预告（减亏）,2025-01-23 00:00:00,False,0.578409,True
2025-01-23 00:00:00,300386,预测中,已明说会亏,预告,2024年度业绩预告（减亏）,2025-01-23 00:00:00,False,0.271034,True
2025-01-23 00:00:00,300398,预测中,已明说不会亏,预告,2024年度业绩预告（预增）,2025-01-23 00:00:00,False,0.083606,True
2025-01-23 00:00:00,300409,预测中,已明说不会亏,预告,2024年度业绩预告（扭亏）,2025-01-23 00:00:00,False,0.112863,True
2025-01-23 00:00:00,300418,预测中,已明说会亏,预告,2024年度业绩预告（首亏）,2025-01-23 00:00:00,False,0.116445,True
2025-01-23 00:00:00,300438,预测中,已明说会亏,预告,2024年度业绩预告（首亏）,2025-01-23 00:00:00,False,0.332488,True
2025-01-23 00:00:00,300448,预测中,已明说会亏,预告,2024年度业绩预告（减亏）,2025-01-23 00:00:00,False,0.121544,True
2025-01-23 00:00:00,300456,预测中,已明说会亏,预告,2024年度业绩预告（首亏）,2025-01-23 00:00:00,False,0.452406,True
2025-01-23 00:00:00,300458,预测中,已明说不会亏,预告,2024年度业绩预告（预增）,2025-01-23 00:00:00,False,0.021213,True
2025-01-23 00:00:00,300460,预测中,已明说会亏,预告,2024年度业绩预告（续亏）,2025-01-23 00:00:00,False,0.538464,True
2025-01-23 00:00:00,300462,预测中,已明说会亏,预告,2024年度业绩预告（增亏）,2025-01-23 00:00:00,False,0.591815,True
2025-01-23 00:00:00,300492,预测中,已明说不会亏,预告,2024年度业绩预告（扭亏）,2025-01-23 00:00:00,False,0.088577,True
2025-01-23 00:00:00,300499,预测中,已明说会亏,预告,2024年度业绩预告（增亏）,2025-01-23 00:00:00,False,0.254661,True
2025-01-23 00:00:00,300513,预测中,已明说会亏,预告,2024年度业绩预告（首亏）,2025-01-23 00:00:00,False,0.57246,True
2025-01-23 00:00:00,300518,预测中,已明说会亏,预告,2024年度业绩预告（续亏）,2025-01-23 00:00:00,True,0.917341,True
2025-01-23 00:00:00,300527,预测中,已明说不会亏,预告,2024年度业绩预告（扭亏）,2025-01-23 00:00:00,False,0.392094,True
2025-01-23 00:00:00,300530,预测中,已明说会亏,预告,2024年度业绩预告（增亏）,2025-01-23 00:00:00,True,0.799711,True
2025-01-23 00:00:00,300537,预测中,已明说会亏,预告,2024年度业绩预告（首亏）,2025-01-23 00:00:00,False,0.120747,True
2025-01-23 00:00:00,300541,预测中,已明说不会亏,预告,2024年度业绩预告（预减）,2025-01-23 00:00:00,False,0.185348,True
2025-01-23 00:00:00,300567,预测中,已明说会亏,预告,2024年度业绩预告（首亏）,2025-01-23 00:00:00,False,0.34657,True
2025-01-23 00:00:00,300571,预测中,已明说会亏,预告,2024年度业绩预告（增亏）,2025-01-23 00:00:00,False,0.381913,True
2025-01-23 00:00:00,300575,预测中,已明说不会亏,预告,2024年度业绩预告（预减）,2025-01-23 00:00:00,False,0.289926,True
2025-01-23 00:00:00,300577,预测中,已明说不会亏,预告,2024年度业绩预告（预增）,2025-01-23 00:00:00,False,0.035532,True
2025-01-23 00:00:00,300591,预测中,已明说会亏,预告,2024年度业绩预告（增亏）,2025-01-23 00:00:00,False,0.587946,True
2025-01-23 00:00:00,300611,预测中,已明说不会亏,预告,2024年度业绩预告（预增）,2025-01-23 00:00:00,False,0.126894,True
2025-01-23 00:00:00,300642,预测中,已明说不会亏,预告,2024年度业绩预告（预减）,2025-01-23 00:00:00,False,0.297376,True
2025-01-23 00:00:00,300645,预测中,已明说不会亏,预告,2024年度业绩预告（预减）,2025-01-23 00:00:00,False,0.149691,True
2025-01-23 00:00:00,300649,预测中,已明说会亏,预告,2024年度业绩预告（首亏）,2025-01-23 00:00:00,False,0.249705,True
2025-01-23 00:00:00,300655,预测中,已明说会亏,预告,2024年度业绩预告（首亏）,2025-01-23 00:00:00,False,0.517698,True
2025-01-23 00:00:00,300657,预测中,已明说不会亏,预告,2024年度业绩预告（扭亏）,2025-01-23 00:00:00,False,0.126729,True
2025-01-23 00:00:00,300658,预测中,已明说不会亏,预告,2024年度业绩预告（预增）,2025-01-23 00:00:00,False,0.090162,True
2025-01-23 00:00:00,300670,预测中,已明说不会亏,预告,2024年度业绩预告（扭亏）,2025-01-23 00:00:00,False,0.449135,True
2025-01-23 00:00:00,300677,预测中,已明说不会亏,预告,2024年度业绩预告（预增）,2025-01-23 00:00:00,False,0.018015,True
2025-01-23 00:00:00,300679,预测中,已明说不会亏,预告,2024年度业绩预告（预增）,2025-01-23 00:00:00,False,0.007233,True
2025-01-23 00:00:00,300683,预测中,已明说会亏,预告,2024年度业绩预告（减亏）,2025-01-23 00:00:00,True,0.897438,True
2025-01-23 00:00:00,300710,预测中,已明说会亏,预告,2024年度业绩预告（增亏）,2025-01-23 00:00:00,False,0.086256,True
2025-01-23 00:00:00,300715,预测中,已明说会亏,预告,2024年度业绩预告（首亏）,2025-01-23 00:00:00,True,0.693343,True
2025-01-23 00:00:00,300716,预测中,已明说会亏,预告,2024年度业绩预告（减亏）,2025-01-23 00:00:00,True,0.763945,True
2025-01-23 00:00:00,300723,预测中,已明说会亏,预告,2024年度业绩预告（首亏）,2025-01-23 00:00:00,False,0.082449,True
2025-01-23 00:00:00,300739,预测中,已明说不会亏,预告,2024年度业绩预告（预减）,2025-01-23 00:00:00,False,0.080528,True
2025-01-23 00:00:00,300745,预测中,已明说会亏,预告,2024年度业绩预告（减亏）,2025-01-23 00:00:00,False,0.574465,True
2025-01-23 00:00:00,300769,预测中,已明说会亏,预告,2024年度业绩预告（减亏）,2025-01-23 00:00:00,True,0.715764,True
2025-01-23 00:00:00,300771,预测中,已明说不会亏,预告,2024年度业绩预告（预增）,2025-01-23 00:00:00,False,0.12323,True
2025-01-23 00:00:00,300808,预测中,已明说会亏,预告,2024年度业绩预告（首亏）,2025-01-23 00:00:00,False,0.369284,True
2025-01-23 00:00:00,300835,预测中,已明说不会亏,预告,2024年度业绩预告（预增）,2025-01-23 00:00:00,False,0.016885,True
2025-01-23 00:00:00,300838,预测中,已明说不会亏,预告,2024年度业绩预告（预减）,2025-01-23 00:00:00,False,0.047635,True
2025-01-23 00:00:00,300846,预测中,已明说会亏,预告,2024年度业绩预告（减亏）,2025-01-23 00:00:00,True,0.689437,True
2025-01-23 00:00:00,300907,预测中,已明说不会亏,预告,2024年度业绩预告（预增）,2025-01-23 00:00:00,False,0.01393,True
2025-01-23 00:00:00,300912,预测中,已明说会亏,预告,2024年度业绩预告（首亏）,2025-01-23 00:00:00,True,0.884551,True
2025-01-23 00:00:00,300927,预测中,已明说不会亏,预告,2024年度业绩预告（预增）,2025-01-23 00:00:00,False,0.015782,True
2025-01-23 00:00:00,300942,预测中,已明说不会亏,预告,2024年度业绩预告（扭亏）,2025-01-23 00:00:00,False,0.623659,True
2025-01-23 00:00:00,300985,预测中,已明说会亏,预告,2024年度业绩预告（首亏）,2025-01-23 00:00:00,False,0.042173,True
2025-01-23 00:00:00,300992,预测中,已明说不会亏,预告,2024年度业绩预告（预减）,2025-01-23 00:00:00,False,0.014405,True
2025-01-23 00:00:00,301037,预测中,已明说会亏,预告,2024年度业绩预告（增亏）,2025-01-23 00:00:00,True,0.658621,True
2025-01-23 00:00:00,301039,预测中,已明说不会亏,预告,2024年度业绩预告（预减）,2025-01-23 00:00:00,False,0.016034,True
2025-01-23 00:00:00,301059,预测中,已明说不会亏,预告,2024年度业绩预告（预增）,2025-01-23 00:00:00,False,0.009564,True
2025-01-23 00:00:00,301075,预测中,已明说会亏,预告,2024年度业绩预告（首亏）,2025-01-23 00:00:00,False,0.564677,True
2025-01-23 00:00:00,301108,预测中,已明说不会亏,预告,2024年度业绩预告（预减）,2025-01-23 00:00:00,False,0.023848,True
2025-01-23 00:00:00,301116,预测中,已明说不会亏,预告,2024年度业绩预告（扭亏）,2025-01-23 00:00:00,False,0.121445,True
2025-01-23 00:00:00,301118,预测中,已明说会亏,预告,2024年度业绩预告（增亏）,2025-01-23 00:00:00,True,0.673687,True
2025-01-23 00:00:00,301141,预测中,已明说不会亏,预告,2024年度业绩预告（预减）,2025-01-23 00:00:00,False,0.072097,True
2025-01-23 00:00:00,301155,预测中,已明说不会亏,预告,2024年度业绩预告（扭亏）,2025-01-23 00:00:00,False,0.095076,True
2025-01-23 00:00:00,301159,预测中,已明说会亏,预告,2024年度业绩预告（首亏）,2025-01-23 00:00:00,True,0.762291,True
2025-01-23 00:00:00,301176,预测中,已明说会亏,预告,2024年度业绩预告（增亏）,2025-01-23 00:00:00,False,0.376298,True
2025-01-23 00:00:00,301178,预测中,已明说会亏,预告,2024年度业绩预告（首亏）,2025-01-23 00:00:00,True,0.801803,True
2025-01-23 00:00:00,301232,预测中,已明说会亏,预告,2024年度业绩预告（首亏）,2025-01-23 00:00:00,False,0.480088,True
2025-01-23 00:00:00,301260,预测中,已明说不会亏,预告,2024年度业绩预告（扭亏）,2025-01-23 00:00:00,False,0.07968,True
2025-01-23 00:00:00,301282,预测中,已明说不会亏,预告,2024年度业绩预告（预增）,2025-01-23 00:00:00,False,0.069115,True
2025-01-23 00:00:00,301299,预测中,已明说不会亏,预告,2024年度业绩预告（略增）,2025-01-23 00:00:00,False,0.01652,True
2025-01-23 00:00:00,301326,预测中,已明说会亏,预告,2024年度业绩预告（减亏）,2025-01-23 00:00:00,False,0.65857,True
2025-01-23 00:00:00,301327,预测中,已明说不会亏,预告,2024年度业绩预告（扭亏）,2025-01-23 00:00:00,False,0.09909,True
2025-01-23 00:00:00,301348,预测中,已明说不会亏,预告,2024年度业绩预告（预减）,2025-01-23 00:00:00,False,0.209787,True
2025-01-23 00:00:00,301349,预测中,已明说会亏,预告,2024年度业绩预告（首亏）,2025-01-23 00:00:00,True,0.865878,True
2025-01-23 00:00:00,600008,预测中,已明说不会亏,预告,2024年度业绩预告（预增）,2025-01-23 00:00:00,False,0.04419,True
2025-01-23 00:00:00,600111,预测中,已明说不会亏,预告,2024年度业绩预告（预减）,2025-01-23 00:00:00,False,0.043593,True
2025-01-23 00:00:00,600120,预测中,已明说不会亏,预告,2024年度业绩预告（预增）,2025-01-23 00:00:00,False,0.282965,True
2025-01-23 00:00:00,600160,预测中,已明说不会亏,预告,2024年度业绩预告（预增）,2025-01-23 00:00:00,False,0.011546,True
2025-01-23 00:00:00,600189,预测中,已明说不会亏,预告,2024年度业绩预告（扭亏）,2025-01-23 00:00:00,False,0.394526,True
2025-01-23 00:00:00,600216,预测中,已明说不会亏,预告,2024年度业绩预告（预增）,2025-01-23 00:00:00,False,0.025998,True
2025-01-23 00:00:00,600235,预测中,已明说不会亏,预告,2024年度业绩预告（预增）,2025-01-23 00:00:00,False,0.017108,True
2025-01-23 00:00:00,600267,预测中,已明说不会亏,预告,2024年度业绩预告（扭亏）,2025-01-23 00:00:00,False,0.079954,True
2025-01-23 00:00:00,600307,预测中,已明说会亏,预告,2024年度业绩预告（增亏）,2025-01-23 00:00:00,False,0.576644,True
2025-01-23 00:00:00,600373,预测中,已明说不会亏,预告,2024年度业绩预告（预减）,2025-01-23 00:00:00,False,0.009405,True
2025-01-23 00:00:00,600460,预测中,已明说不会亏,预告,2024年度业绩预告（扭亏）,2025-01-23 00:00:00,False,0.215165,True
2025-01-23 00:00:00,600505,预测中,已明说不会亏,预告,2024年度业绩预告（扭亏）,2025-01-23 00:00:00,False,0.297325,True
2025-01-23 00:00:00,600561,预测中,已明说不会亏,预告,2024年度业绩预告（扭亏）,2025-01-23 00:00:00,False,0.349336,True
2025-01-23 00:00:00,600615,预测中,已明说不会亏,预告,2024年度业绩预告（预增）,2025-01-23 00:00:00,False,0.467042,True
2025-01-23 00:00:00,600711,预测中,已明说不会亏,预告,2024年度业绩预告（预增）,2025-01-23 00:00:00,False,0.050794,True
2025-01-23 00:00:00,600726,预测中,已明说不会亏,预告,2024年度业绩预告（扭亏）,2025-01-23 00:00:00,False,0.123854,True
2025-01-23 00:00:00,600727,预测中,已明说不会亏,预告,2024年度业绩预告（预增）,2025-01-23 00:00:00,False,0.033443,True
2025-01-23 00:00:00,600746,预测中,已明说不会亏,预告,2024年度业绩预告（预增）,2025-01-23 00:00:00,False,0.069029,True
2025-01-23 00:00:00,600833,预测中,已明说不会亏,预告,2024年度业绩预告（预增）,2025-01-23 00:00:00,False,0.007784,True
2025-01-23 00:00:00,600975,预测中,已明说不会亏,预告,2024年度业绩预告（扭亏）,2025-01-23 00:00:00,True,0.726888,True
2025-01-23 00:00:00,600981,预测中,已明说不会亏,预告,2024年度业绩预告（扭亏）,2025-01-23 00:00:00,False,0.233721,True
2025-01-23 00:00:00,601096,预测中,已明说不会亏,预告,2024年度业绩预告（预增）,2025-01-23 00:00:00,False,0.029009,True
2025-01-23 00:00:00,601601,预测中,已明说不会亏,预告,2024年度业绩预告（预增）,2025-01-23 00:00:00,False,0.00346,True
2025-01-23 00:00:00,603001,预测中,已明说会亏,预告,2024年度业绩预告（增亏）,2025-01-23 00:00:00,False,0.418175,True
2025-01-23 00:00:00,603055,预测中,已明说不会亏,预告,2024年度业绩预告（预增）,2025-01-23 00:00:00,False,0.016211,True
2025-01-23 00:00:00,603083,预测中,已明说不会亏,预告,2024年度业绩预告（预增）,2025-01-23 00:00:00,False,0.089781,True
2025-01-23 00:00:00,603095,预测中,已明说不会亏,预告,2024年度业绩预告（预增）,2025-01-23 00:00:00,False,0.183259,True
2025-01-23 00:00:00,603160,预测中,已明说不会亏,预告,2024年度业绩预告（预增）,2025-01-23 00:00:00,False,0.012195,True
2025-01-23 00:00:00,603192,预测中,已明说不会亏,预告,2024年度业绩预告（预增）,2025-01-23 00:00:00,False,0.061752,True
2025-01-23 00:00:00,603193,预测中,已明说不会亏,预告,2024年度业绩预告（略增）,2025-01-23 00:00:00,False,0.007637,True
2025-01-23 00:00:00,603209,预测中,已明说不会亏,预告,2024年度业绩预告（略增）,2025-01-23 00:00:00,False,0.00336,True
2025-01-23 00:00:00,603236,预测中,已明说不会亏,预告,2024年度业绩预告（预增）,2025-01-23 00:00:00,False,0.028863,True
2025-01-23 00:00:00,603261,预测中,已明说会亏,预告,2024年度业绩预告（续亏）,2025-01-23 00:00:00,True,0.687903,True
2025-01-23 00:00:00,603315,预测中,已明说不会亏,预告,2024年度业绩预告（略增）,2025-01-23 00:00:00,False,0.11063,True
2025-01-23 00:00:00,603321,预测中,已明说不会亏,预告,2024年度业绩预告（预增）,2025-01-23 00:00:00,False,0.029955,True
2025-01-23 00:00:00,603329,预测中,已明说不会亏,预告,2024年度业绩预告（预增）,2025-01-23 00:00:00,False,0.160033,True
2025-01-23 00:00:00,603337,预测中,已明说不会亏,预告,2024年度业绩预告（预增）,2025-01-23 00:00:00,False,0.004443,True
2025-01-23 00:00:00,603363,预测中,已明说不会亏,预告,2024年度业绩预告（扭亏）,2025-01-23 00:00:00,False,0.519229,True
2025-01-23 00:00:00,603385,预测中,已明说不会亏,预告,2024年度业绩预告（扭亏）,2025-01-23 00:00:00,False,0.095085,True
2025-01-23 00:00:00,603399,预测中,已明说不会亏,预告,2024年度业绩预告（扭亏）,2025-01-23 00:00:00,False,0.018502,True
2025-01-23 00:00:00,603508,预测中,已明说不会亏,预告,2024年度业绩预告（略增）,2025-01-23 00:00:00,False,0.00756,True
2025-01-23 00:00:00,603528,预测中,已明说不会亏,预告,2024年度业绩预告（扭亏）,2025-01-23 00:00:00,False,0.361561,True
2025-01-23 00:00:00,603615,预测中,已明说会亏,预告,2024年度业绩预告（首亏）,2025-01-23 00:00:00,False,0.584651,True
2025-01-23 00:00:00,603639,预测中,已明说不会亏,预告,2024年度业绩预告（预减）,2025-01-23 00:00:00,False,0.071651,True
2025-01-23 00:00:00,603656,预测中,已明说不会亏,预告,2024年度业绩预告（预增）,2025-01-23 00:00:00,False,0.355753,True
2025-01-23 00:00:00,603729,预测中,已明说不会亏,预告,2024年度业绩预告（扭亏）,2025-01-23 00:00:00,True,0.861878,True
2025-01-23 00:00:00,603737,预测中,已明说不会亏,预告,2024年度业绩预告（预增）,2025-01-23 00:00:00,False,0.122025,True
2025-01-23 00:00:00,603766,预测中,已明说不会亏,预告,2024年度业绩预告（预增）,2025-01-23 00:00:00,False,0.005695,True
2025-01-23 00:00:00,603767,预测中,已明说不会亏,预告,2024年度业绩预告（预减）,2025-01-23 00:00:00,False,0.033052,True
2025-01-23 00:00:00,603982,预测中,已明说会亏,预告,2024年度业绩预告（减亏）,2025-01-23 00:00:00,True,0.763305,True
2025-01-23 00:00:00,603993,预测中,已明说不会亏,预告,2024年度业绩预告（预增）,2025-01-23 00:00:00,False,0.006462,True
2025-01-23 00:00:00,605117,预测中,已明说不会亏,预告,2024年度业绩预告（预增）,2025-01-23 00:00:00,False,0.006058,True
2025-01-23 00:00:00,605166,预测中,已明说不会亏,预告,2024年度业绩预告（预增）,2025-01-23 00:00:00,False,0.009931,True
2025-01-23 00:00:00,605268,预测中,已明说不会亏,预告,2024年度业绩预告（预增）,2025-01-23 00:00:00,False,0.384922,True
2025-01-23 00:00:00,605296,预测中,已明说不会亏,预告,2024年度业绩预告（扭亏）,2025-01-23 00:00:00,False,0.18951,True
2025-01-23 00:00:00,605305,预测中,已明说不会亏,预告,2024年度业绩预告（预增）,2025-01-23 00:00:00,False,0.005932,True
2025-01-23 00:00:00,605369,预测中,已明说不会亏,预告,2024年度业绩预告（预增）,2025-01-23 00:00:00,False,0.020456,True
2025-01-23 00:00:00,605488,预测中,已明说不会亏,预告,2024年度业绩预告（预增）,2025-01-23 00:00:00,False,0.03758,True
2025-01-23 00:00:00,688007,预测中,已明说不会亏,预告,2024年度业绩预告（预减）,2025-01-23 00:00:00,False,0.0533,True
2025-01-23 00:00:00,688008,预测中,已明说不会亏,预告,2024年度业绩预告（预增）,2025-01-23 00:00:00,False,0.0063,True
2025-01-23 00:00:00,688056,预测中,已明说不会亏,预告,2024年度业绩预告（预增）,2025-01-23 00:00:00,False,0.045963,True
2025-01-23 00:00:00,688212,预测中,已明说不会亏,预告,2024年度业绩预告（预减）,2025-01-23 00:00:00,False,0.279124,True
2025-01-23 00:00:00,688244,预测中,已明说不会亏,预告,2024年度业绩预告（预减）,2025-01-23 00:00:00,False,0.475154,True
2025-01-23 00:00:00,688247,预测中,已明说不会亏,预告,2024年度业绩预告（预增）,2025-01-23 00:00:00,False,0.019251,True
2025-01-23 00:00:00,688262,预测中,已明说会亏,预告,2024年度业绩预告（增亏）,2025-01-23 00:00:00,True,0.852048,True
2025-01-23 00:00:00,688345,预测中,已明说会亏,预告,2024年度业绩预告（增亏）,2025-01-23 00:00:00,False,0.605322,True
2025-01-23 00:00:00,688371,预测中,已明说不会亏,预告,2024年度业绩预告（扭亏）,2025-01-23 00:00:00,False,0.130724,True
2025-01-23 00:00:00,688591,预测中,已明说不会亏,预告,2024年度业绩预告（预增）,2025-01-23 00:00:00,False,0.141774,True
2025-01-23 00:00:00,688597,预测中,已明说不会亏,预告,2024年度业绩预告（预增）,2025-01-23 00:00:00,False,0.145447,True
2025-01-23 00:00:00,688602,预测中,已明说会亏,预告,2024年度业绩预告（首亏）,2025-01-23 00:00:00,False,0.111092,True
2025-01-23 00:00:00,688608,预测中,已明说不会亏,预告,2024年度业绩预告（预增）,2025-01-23 00:00:00,False,0.071369,True
2025-01-23 00:00:00,688626,预测中,已明说不会亏,预告,2024年度业绩预告（预减）,2025-01-23 00:00:00,False,0.013705,True
2025-01-23 00:00:00,688699,预测中,已明说不会亏,预告,2024年度业绩预告（扭亏）,2025-01-23 00:00:00,False,0.18962,True
2025-01-24 00:00:00,000007,预测中,已明说不会亏,预告,2024年度业绩预告（预增）,2025-01-24 00:00:00,False,0.094922,True
2025-01-24 00:00:00,000401,预测中,已明说会亏,预告,2024年度业绩预告（减亏）,2025-01-24 00:00:00,False,0.433508,True
2025-01-24 00:00:00,000402,预测中,已明说会亏,预告,2024年度业绩预告（增亏）,2025-01-24 00:00:00,False,0.655065,True
2025-01-24 00:00:00,000409,预测中,已明说不会亏,预告,2024年度业绩预告（预增）,2025-01-24 00:00:00,False,0.060843,True
2025-01-24 00:00:00,000428,预测中,已明说会亏,预告,2024年度业绩预告（增亏）,2025-01-24 00:00:00,False,0.636679,True
2025-01-24 00:00:00,000488,预测中,已明说会亏,预告,2024年度业绩预告（增亏）,2025-01-24 00:00:00,False,0.116812,True
2025-01-24 00:00:00,000532,预测中,已明说不会亏,预告,2024年度业绩预告（预增）,2025-01-24 00:00:00,False,0.030914,True
2025-01-24 00:00:00,000541,预测中,已明说不会亏,预告,2024年度业绩预告（预增）,2025-01-24 00:00:00,False,0.027601,True
2025-01-24 00:00:00,000554,预测中,已明说不会亏,预告,2024年度业绩预告（预增）,2025-01-24 00:00:00,False,0.030136,True
2025-01-24 00:00:00,000560,预测中,已明说不会亏,预告,2024年度业绩预告（扭亏）,2025-01-24 00:00:00,False,0.551589,True
2025-01-24 00:00:00,000561,预测中,已明说会亏,预告,2024年度业绩预告（首亏）,2025-01-24 00:00:00,False,0.157202,True
2025-01-24 00:00:00,000609,预测中,已明说会亏,预告,2024年度业绩预告（增亏）,2025-01-24 00:00:00,True,0.690758,True
2025-01-24 00:00:00,000636,预测中,已明说不会亏,预告,2024年度业绩预告（预增）,2025-01-24 00:00:00,False,0.042118,True
2025-01-24 00:00:00,000656,预测中,已明说会亏,预告,2024年度业绩预告（增亏）,2025-01-24 00:00:00,True,0.814002,True
2025-01-24 00:00:00,000751,预测中,已明说不会亏,预告,2024年度业绩预告（预减）,2025-01-24 00:00:00,False,0.169706,True
2025-01-24 00:00:00,000799,预测中,已明说不会亏,预告,2024年度业绩预告（预减）,2025-01-24 00:00:00,False,0.029963,True
2025-01-24 00:00:00,000822,预测中,已明说不会亏,预告,2024年度业绩预告（预减）,2025-01-24 00:00:00,False,0.0075,True
2025-01-24 00:00:00,000850,预测中,已明说不会亏,预告,2024年度业绩预告（预增）,2025-01-24 00:00:00,False,0.593066,True
2025-01-24 00:00:00,000860,预测中,已明说不会亏,预告,2024年度业绩预告（扭亏）,2025-01-24 00:00:00,False,0.079028,True
2025-01-24 00:00:00,000876,预测中,已明说不会亏,预告,2024年度业绩预告（预增）,2025-01-24 00:00:00,True,0.718863,True
2025-01-24 00:00:00,000906,预测中,已明说不会亏,预告,2024年度业绩预告（预减）,2025-01-24 00:00:00,False,0.008979,True
2025-01-24 00:00:00,000936,预测中,已明说不会亏,预告,2024年度业绩预告（预增）,2025-01-24 00:00:00,False,0.103495,True
2025-01-24 00:00:00,000972,预测中,已明说会亏,预告,2024年度业绩预告（首亏）,2025-01-24 00:00:00,False,0.361224,True
2025-01-24 00:00:00,000995,预测中,已明说不会亏,预告,2024年度业绩预告（扭亏）,2025-01-24 00:00:00,True,0.665534,True
2025-01-24 00:00:00,002005,预测中,已明说会亏,预告,2024年度业绩预告（减亏）,2025-01-24 00:00:00,True,0.693352,True
2025-01-24 00:00:00,002019,预测中,已明说不会亏,预告,2024年度业绩预告（扭亏）,2025-01-24 00:00:00,False,0.042367,True
2025-01-24 00:00:00,002032,预测中,已明说不会亏,预告,2024年度业绩预告（略增）,2025-01-24 00:00:00,False,0.005371,True
2025-01-24 00:00:00,002041,预测中,已明说不会亏,预告,2024年度业绩预告（预减）,2025-01-24 00:00:00,False,0.032756,True
2025-01-24 00:00:00,002058,预测中,已明说会亏,预告,2024年度业绩预告（续亏）,2025-01-24 00:00:00,False,0.550313,True
2025-01-24 00:00:00,002079,预测中,已明说不会亏,预告,2024年度业绩预告（预减）,2025-01-24 00:00:00,False,0.157255,True
2025-01-24 00:00:00,002094,预测中,已明说不会亏,预告,2024年度业绩预告（预增）,2025-01-24 00:00:00,True,0.689177,True
2025-01-24 00:00:00,002115,预测中,已明说会亏,预告,2024年度业绩预告（首亏）,2025-01-24 00:00:00,False,0.289869,True
2025-01-24 00:00:00,002123,预测中,已明说不会亏,预告,2024年度业绩预告（扭亏）,2025-01-24 00:00:00,False,0.557591,True
2025-01-24 00:00:00,002137,预测中,已明说会亏,预告,2024年度业绩预告（首亏）,2025-01-24 00:00:00,False,0.292862,True
2025-01-24 00:00:00,002144,预测中,已明说不会亏,预告,2024年度业绩预告（预减）,2025-01-24 00:00:00,False,0.019538,True
2025-01-24 00:00:00,002146,预测中,已明说会亏,预告,2024年度业绩预告（首亏）,2025-01-24 00:00:00,False,0.339246,True
2025-01-24 00:00:00,002150,预测中,已明说不会亏,预告,2024年度业绩预告（预增）,2025-01-24 00:00:00,False,0.062488,True
2025-01-24 00:00:00,002153,预测中,已明说会亏,预告,2024年度业绩预告（增亏）,2025-01-24 00:00:00,False,0.586637,True
2025-01-24 00:00:00,002162,预测中,已明说会亏,预告,2024年度业绩预告（首亏）,2025-01-24 00:00:00,False,0.422615,True
2025-01-24 00:00:00,002185,预测中,已明说不会亏,预告,2024年度业绩预告（预增）,2025-01-24 00:00:00,False,0.02717,True
2025-01-24 00:00:00,002208,预测中,已明说会亏,预告,2024年度业绩预告（首亏）,2025-01-24 00:00:00,False,0.310106,True
2025-01-24 00:00:00,002213,预测中,已明说会亏,预告,2024年度业绩预告（减亏）,2025-01-24 00:00:00,False,0.396623,True
2025-01-24 00:00:00,002240,预测中,已明说会亏,预告,2024年度业绩预告（首亏）,2025-01-24 00:00:00,False,0.2777,True
2025-01-24 00:00:00,002310,预测中,已明说会亏,预告,2024年度业绩预告（减亏）,2025-01-24 00:00:00,True,0.790643,True
2025-01-24 00:00:00,002366,预测中,已明说会亏,预告,2024年度业绩预告（首亏）,2025-01-24 00:00:00,False,0.281011,True
2025-01-24 00:00:00,002373,预测中,已明说会亏,预告,2024年度业绩预告（首亏）,2025-01-24 00:00:00,False,0.111541,True
2025-01-24 00:00:00,002395,预测中,已明说不会亏,预告,2024年度业绩预告（预增）,2025-01-24 00:00:00,False,0.017661,True
2025-01-24 00:00:00,002403,预测中,已明说不会亏,预告,2024年度业绩预告（扭亏）,2025-01-24 00:00:00,False,0.331435,True
2025-01-24 00:00:00,002459,预测中,已明说会亏,预告,2024年度业绩预告（首亏）,2025-01-24 00:00:00,False,0.094663,True
2025-01-24 00:00:00,002466,预测中,已明说会亏,预告,2024年度业绩预告（首亏）,2025-01-24 00:00:00,False,0.63632,True
2025-01-24 00:00:00,002471,预测中,已明说会亏,预告,2024年度业绩预告（首亏）,2025-01-24 00:00:00,False,0.14891,True
2025-01-24 00:00:00,002494,预测中,已明说不会亏,预告,2024年度业绩预告（扭亏）,2025-01-24 00:00:00,False,0.337137,True
2025-01-24 00:00:00,002495,预测中,已明说不会亏,预告,2024年度业绩预告（扭亏）,2025-01-24 00:00:00,False,0.363199,True
2025-01-24 00:00:00,002520,预测中,已明说会亏,预告,2024年度业绩预告（减亏）,2025-01-24 00:00:00,False,0.32879,True
2025-01-24 00:00:00,002544,预测中,已明说不会亏,预告,2024年度业绩预告（预减）,2025-01-24 00:00:00,False,0.263956,True
2025-01-24 00:00:00,002550,预测中,已明说不会亏,预告,2024年度业绩预告（预增）,2025-01-24 00:00:00,False,0.01805,True
2025-01-24 00:00:00,002572,预测中,已明说不会亏,预告,2024年度业绩预告（略增）,2025-01-24 00:00:00,False,0.019964,True
2025-01-24 00:00:00,002574,预测中,已明说不会亏,预告,2024年度业绩预告（预减）,2025-01-24 00:00:00,False,0.111976,True
2025-01-24 00:00:00,002582,预测中,已明说会亏,预告,2024年度业绩预告（增亏）,2025-01-24 00:00:00,False,0.292164,True
2025-01-24 00:00:00,002629,预测中,已明说不会亏,预告,2024年度业绩预告（扭亏）,2025-01-24 00:00:00,True,0.686941,True
2025-01-24 00:00:00,002637,预测中,已明说不会亏,预告,2024年度业绩预告（预增）,2025-01-24 00:00:00,False,0.060121,True
2025-01-24 00:00:00,002642,预测中,已明说不会亏,预告,2024年度业绩预告（扭亏）,2025-01-24 00:00:00,False,0.096477,True
2025-01-24 00:00:00,002646,预测中,已明说不会亏,预告,2024年度业绩预告（预减）,2025-01-24 00:00:00,False,0.020209,True
2025-01-24 00:00:00,002647,预测中,已明说会亏,预告,2024年度业绩预告（增亏）,2025-01-24 00:00:00,True,0.781589,True
2025-01-24 00:00:00,002654,预测中,已明说不会亏,预告,2024年度业绩预告（预增）,2025-01-24 00:00:00,False,0.434219,True
2025-01-24 00:00:00,002678,预测中,已明说会亏,预告,2024年度业绩预告（首亏）,2025-01-24 00:00:00,True,0.84629,True
2025-01-24 00:00:00,002683,预测中,已明说不会亏,预告,2024年度业绩预告（略增）,2025-01-24 00:00:00,False,0.019237,True
2025-01-24 00:00:00,002696,预测中,已明说会亏,预告,2024年度业绩预告（减亏）,2025-01-24 00:00:00,False,0.263952,True
2025-01-24 00:00:00,002703,预测中,已明说不会亏,预告,2024年度业绩预告（预增）,2025-01-24 00:00:00,False,0.053025,True
2025-01-24 00:00:00,002708,预测中,已明说不会亏,预告,2024年度业绩预告（扭亏）,2025-01-24 00:00:00,False,0.24709,True
2025-01-24 00:00:00,002723,预测中,已明说会亏,预告,2024年度业绩预告（增亏）,2025-01-24 00:00:00,False,0.339265,True
2025-01-24 00:00:00,002724,预测中,已明说会亏,预告,2024年度业绩预告（首亏）,2025-01-24 00:00:00,False,0.399016,True
2025-01-24 00:00:00,002777,预测中,已明说不会亏,预告,2024年度业绩预告（预减）,2025-01-24 00:00:00,False,0.025898,True
2025-01-24 00:00:00,002782,预测中,已明说不会亏,预告,2024年度业绩预告（预增）,2025-01-24 00:00:00,False,0.010993,True
2025-01-24 00:00:00,002785,预测中,已明说会亏,预告,2024年度业绩预告（增亏）,2025-01-24 00:00:00,False,0.497211,True
2025-01-24 00:00:00,002846,预测中,已明说会亏,预告,2024年度业绩预告（首亏）,2025-01-24 00:00:00,False,0.255744,True
2025-01-24 00:00:00,002907,预测中,已明说不会亏,预告,2024年度业绩预告（预增）,2025-01-24 00:00:00,False,0.023452,True
2025-01-24 00:00:00,002926,预测中,已明说不会亏,预告,2024年度业绩预告（预增）,2025-01-24 00:00:00,False,0.079734,True
2025-01-24 00:00:00,002931,预测中,已明说不会亏,预告,2024年度业绩预告（扭亏）,2025-01-24 00:00:00,False,0.588189,True
2025-01-24 00:00:00,002961,预测中,已明说不会亏,预告,2024年度业绩预告（预增）,2025-01-24 00:00:00,False,0.048409,True
2025-01-24 00:00:00,002984,预测中,已明说不会亏,预告,2024年度业绩预告（预增）,2025-01-24 00:00:00,False,0.001893,True
2025-01-24 00:00:00,003015,预测中,已明说不会亏,预告,2024年度业绩预告（扭亏）,2025-01-24 00:00:00,False,0.133673,True
2025-01-24 00:00:00,003029,预测中,已明说会亏,预告,2024年度业绩预告（减亏）,2025-01-24 00:00:00,True,0.762376,True
2025-01-24 00:00:00,300003,预测中,已明说不会亏,预告,2024年度业绩预告（预减）,2025-01-24 00:00:00,False,0.016805,True
2025-01-24 00:00:00,300013,预测中,已明说会亏,预告,2024年度业绩预告（减亏）,2025-01-24 00:00:00,False,0.235025,True
2025-01-24 00:00:00,300016,预测中,已明说不会亏,预告,2024年度业绩预告（扭亏）,2025-01-24 00:00:00,False,0.323278,True
2025-01-24 00:00:00,300020,预测中,已明说会亏,预告,2024年度业绩预告（增亏）,2025-01-24 00:00:00,True,0.78195,True
2025-01-24 00:00:00,300024,预测中,已明说会亏,预告,2024年度业绩预告（首亏）,2025-01-24 00:00:00,True,0.720519,True
2025-01-24 00:00:00,300027,预测中,已明说会亏,预告,2024年度业绩预告（减亏）,2025-01-24 00:00:00,True,0.754346,True
2025-01-24 00:00:00,300031,预测中,已明说不会亏,预告,2024年度业绩预告（预增）,2025-01-24 00:00:00,False,0.10603,True
2025-01-24 00:00:00,300032,预测中,已明说会亏,预告,2024年度业绩预告（减亏）,2025-01-24 00:00:00,True,0.699322,True
2025-01-24 00:00:00,300036,预测中,已明说会亏,预告,2024年度业绩预告（首亏）,2025-01-24 00:00:00,False,0.150346,True
2025-01-24 00:00:00,300055,预测中,已明说不会亏,预告,2024年度业绩预告（扭亏）,2025-01-24 00:00:00,False,0.146545,True
2025-01-24 00:00:00,300065,预测中,已明说不会亏,预告,2024年度业绩预告（扭亏）,2025-01-24 00:00:00,False,0.354076,True
2025-01-24 00:00:00,300066,预测中,已明说不会亏,预告,2024年度业绩预告（预减）,2025-01-24 00:00:00,False,0.160899,True
2025-01-24 00:00:00,300068,预测中,已明说会亏,预告,2024年度业绩预告（首亏）,2025-01-24 00:00:00,False,0.089836,True
2025-01-24 00:00:00,300069,预测中,已明说不会亏,预告,2024年度业绩预告（预增）,2025-01-24 00:00:00,False,0.39021,True
2025-01-24 00:00:00,300070,预测中,已明说不会亏,预告,2024年度业绩预告（预减）,2025-01-24 00:00:00,False,0.17109,True
2025-01-24 00:00:00,300072,预测中,已明说会亏,预告,2024年度业绩预告（增亏）,2025-01-24 00:00:00,True,0.799224,True
2025-01-24 00:00:00,300075,预测中,已明说会亏,预告,2024年度业绩预告（首亏）,2025-01-24 00:00:00,False,0.337613,True
2025-01-24 00:00:00,300084,预测中,已明说会亏,预告,2024年度业绩预告（首亏）,2025-01-24 00:00:00,False,0.525731,True
2025-01-24 00:00:00,300091,预测中,已明说会亏,预告,2024年度业绩预告（增亏）,2025-01-24 00:00:00,True,0.745901,True
2025-01-24 00:00:00,300097,预测中,已明说会亏,预告,2024年度业绩预告（首亏）,2025-01-24 00:00:00,False,0.069622,True
2025-01-24 00:00:00,300110,预测中,已明说会亏,预告,2024年度业绩预告（首亏）,2025-01-24 00:00:00,False,0.098382,True
2025-01-24 00:00:00,300120,预测中,已明说不会亏,预告,2024年度业绩预告（扭亏）,2025-01-24 00:00:00,False,0.113766,True
2025-01-24 00:00:00,300122,预测中,已明说不会亏,预告,2024年度业绩预告（预减）,2025-01-24 00:00:00,False,0.011216,True
2025-01-24 00:00:00,300139,预测中,已明说不会亏,预告,2024年度业绩预告（扭亏）,2025-01-24 00:00:00,False,0.061791,True
2025-01-24 00:00:00,300144,预测中,已明说不会亏,预告,2024年度业绩预告（扭亏）,2025-01-24 00:00:00,False,0.052787,True
2025-01-24 00:00:00,300146,预测中,已明说不会亏,预告,2024年度业绩预告（预减）,2025-01-24 00:00:00,False,0.048194,True
2025-01-24 00:00:00,300149,预测中,已明说会亏,预告,2024年度业绩预告（减亏）,2025-01-24 00:00:00,True,0.831425,True
2025-01-24 00:00:00,300150,预测中,已明说不会亏,预告,2024年度业绩预告（扭亏）,2025-01-24 00:00:00,False,0.526649,True
2025-01-24 00:00:00,300162,预测中,已明说会亏,预告,2024年度业绩预告（增亏）,2025-01-24 00:00:00,False,0.245607,True
2025-01-24 00:00:00,300165,预测中,已明说会亏,预告,2024年度业绩预告（减亏）,2025-01-24 00:00:00,False,0.592318,True
2025-01-24 00:00:00,300169,预测中,已明说会亏,预告,2024年度业绩预告（减亏）,2025-01-24 00:00:00,True,0.805447,True
2025-01-24 00:00:00,300171,预测中,已明说不会亏,预告,2024年度业绩预告（预减）,2025-01-24 00:00:00,False,0.068744,True
2025-01-24 00:00:00,300173,预测中,已明说不会亏,预告,2024年度业绩预告（略增）,2025-01-24 00:00:00,False,0.030809,True
2025-01-24 00:00:00,300177,预测中,已明说会亏,预告,2024年度业绩预告（减亏）,2025-01-24 00:00:00,True,0.730008,True
2025-01-24 00:00:00,300180,预测中,已明说不会亏,预告,2024年度业绩预告（扭亏）,2025-01-24 00:00:00,False,0.132882,True
2025-01-24 00:00:00,300184,预测中,已明说不会亏,预告,2024年度业绩预告（预增）,2025-01-24 00:00:00,False,0.040917,True
2025-01-24 00:00:00,300189,预测中,已明说会亏,预告,2024年度业绩预告（增亏）,2025-01-24 00:00:00,True,0.748346,True
2025-01-24 00:00:00,300190,预测中,已明说会亏,预告,2024年度业绩预告（增亏）,2025-01-24 00:00:00,False,0.387852,True
2025-01-24 00:00:00,300195,预测中,已明说不会亏,预告,2024年度业绩预告（预减）,2025-01-24 00:00:00,False,0.446762,True
2025-01-24 00:00:00,300209,预测中,已明说不会亏,预告,2024年度业绩预告（扭亏）,2025-01-24 00:00:00,False,0.480196,True
2025-01-24 00:00:00,300212,预测中,已明说会亏,预告,2024年度业绩预告（增亏）,2025-01-24 00:00:00,True,0.923412,True
2025-01-24 00:00:00,300218,预测中,已明说不会亏,预告,2024年度业绩预告（预增）,2025-01-24 00:00:00,False,0.012409,True
2025-01-24 00:00:00,300222,预测中,已明说不会亏,预告,2024年度业绩预告（扭亏）,2025-01-24 00:00:00,False,0.315009,True
2025-01-24 00:00:00,300224,预测中,已明说不会亏,预告,2024年度业绩预告（预减）,2025-01-24 00:00:00,False,0.009827,True
2025-01-24 00:00:00,300234,预测中,已明说不会亏,预告,2024年度业绩预告（预减）,2025-01-24 00:00:00,False,0.035612,True
2025-01-24 00:00:00,300241,预测中,已明说不会亏,预告,2024年度业绩预告（扭亏）,2025-01-24 00:00:00,False,0.175503,True
2025-01-24 00:00:00,300242,预测中,已明说会亏,预告,2024年度业绩预告（续亏）,2025-01-24 00:00:00,False,0.328228,True
2025-01-24 00:00:00,300243,预测中,已明说不会亏,预告,2024年度业绩预告（预减）,2025-01-24 00:00:00,False,0.053116,True
2025-01-24 00:00:00,300244,预测中,已明说会亏,预告,2024年度业绩预告（首亏）,2025-01-24 00:00:00,False,0.427845,True
2025-01-24 00:00:00,300249,预测中,已明说会亏,预告,2024年度业绩预告（减亏）,2025-01-24 00:00:00,False,0.474113,True
2025-01-24 00:00:00,300252,预测中,已明说不会亏,预告,2024年度业绩预告（扭亏）,2025-01-24 00:00:00,True,0.773391,True
2025-01-24 00:00:00,300254,预测中,已明说不会亏,预告,2024年度业绩预告（预增）,2025-01-24 00:00:00,False,0.112862,True
2025-01-24 00:00:00,300266,预测中,已明说会亏,预告,2024年度业绩预告（减亏）,2025-01-24 00:00:00,True,0.69919,True
2025-01-24 00:00:00,300268,预测中,已明说会亏,预告,2024年度业绩预告（续亏）,2025-01-24 00:00:00,True,0.706631,True
2025-01-24 00:00:00,300271,预测中,已明说会亏,预告,2024年度业绩预告（减亏）,2025-01-24 00:00:00,True,0.714601,True
2025-01-24 00:00:00,300287,预测中,已明说会亏,预告,2024年度业绩预告（减亏）,2025-01-24 00:00:00,True,0.781299,True
2025-01-24 00:00:00,300288,预测中,已明说会亏,预告,2024年度业绩预告（首亏）,2025-01-24 00:00:00,False,0.094692,True
2025-01-24 00:00:00,300291,预测中,已明说会亏,预告,2024年度业绩预告（增亏）,2025-01-24 00:00:00,False,0.425272,True
2025-01-24 00:00:00,300299,预测中,已明说会亏,预告,2024年度业绩预告（首亏）,2025-01-24 00:00:00,True,0.824973,True
2025-01-24 00:00:00,300302,预测中,已明说会亏,预告,2024年度业绩预告（增亏）,2025-01-24 00:00:00,False,0.563243,True
2025-01-24 00:00:00,300308,预测中,已明说不会亏,预告,2024年度业绩预告（预增）,2025-01-24 00:00:00,False,0.003144,True
2025-01-24 00:00:00,300321,预测中,已明说不会亏,预告,2024年度业绩预告（扭亏）,2025-01-24 00:00:00,False,0.118249,True
2025-01-24 00:00:00,300331,预测中,已明说会亏,预告,2024年度业绩预告（续亏）,2025-01-24 00:00:00,False,0.136822,True
2025-01-24 00:00:00,300347,预测中,已明说不会亏,预告,2024年度业绩预告（预减）,2025-01-24 00:00:00,False,0.023607,True
2025-01-24 00:00:00,300350,预测中,已明说不会亏,预告,2024年度业绩预告（预减）,2025-01-24 00:00:00,False,0.025868,True
2025-01-24 00:00:00,300355,预测中,已明说不会亏,预告,2024年度业绩预告（预减）,2025-01-24 00:00:00,False,0.328712,True
2025-01-24 00:00:00,300359,预测中,已明说会亏,预告,2024年度业绩预告（首亏）,2025-01-24 00:00:00,False,0.616189,True
2025-01-24 00:00:00,300364,预测中,已明说会亏,预告,2024年度业绩预告（首亏）,2025-01-24 00:00:00,False,0.482779,True
2025-01-24 00:00:00,300365,预测中,已明说会亏,预告,2024年度业绩预告（首亏）,2025-01-24 00:00:00,False,0.166764,True
2025-01-24 00:00:00,300380,预测中,已明说不会亏,预告,2024年度业绩预告（扭亏）,2025-01-24 00:00:00,False,0.262839,True
2025-01-24 00:00:00,300382,预测中,已明说会亏,预告,2024年度业绩预告（首亏）,2025-01-24 00:00:00,False,0.269734,True
2025-01-24 00:00:00,300405,预测中,已明说会亏,预告,2024年度业绩预告（减亏）,2025-01-24 00:00:00,True,0.712068,True
2025-01-24 00:00:00,300417,预测中,已明说不会亏,预告,2024年度业绩预告（扭亏）,2025-01-24 00:00:00,False,0.38863,True
2025-01-24 00:00:00,300422,预测中,已明说会亏,预告,2024年度业绩预告（增亏）,2025-01-24 00:00:00,False,0.144319,True
2025-01-24 00:00:00,300424,预测中,已明说会亏,预告,2024年度业绩预告（首亏）,2025-01-24 00:00:00,False,0.038323,True
2025-01-24 00:00:00,300440,预测中,已明说不会亏,预告,2024年度业绩预告（略减）,2025-01-24 00:00:00,False,0.274717,True
2025-01-24 00:00:00,300443,预测中,已明说不会亏,预告,2024年度业绩预告（预减）,2025-01-24 00:00:00,False,0.041177,True
2025-01-24 00:00:00,300463,预测中,已明说不会亏,预告,2024年度业绩预告（预减）,2025-01-24 00:00:00,False,0.062535,True
2025-01-24 00:00:00,300466,预测中,已明说会亏,预告,2024年度业绩预告（增亏）,2025-01-24 00:00:00,False,0.648364,True
2025-01-24 00:00:00,300471,预测中,已明说会亏,预告,2024年度业绩预告（增亏）,2025-01-24 00:00:00,False,0.402564,True
2025-01-24 00:00:00,300473,预测中,已明说不会亏,预告,2024年度业绩预告（预增）,2025-01-24 00:00:00,False,0.181661,True
2025-01-24 00:00:00,300477,预测中,已明说会亏,预告,2024年度业绩预告（减亏）,2025-01-24 00:00:00,True,0.847647,True
2025-01-24 00:00:00,300479,预测中,已明说不会亏,预告,2024年度业绩预告（扭亏）,2025-01-24 00:00:00,False,0.473461,True
2025-01-24 00:00:00,300480,预测中,已明说会亏,预告,2024年度业绩预告（首亏）,2025-01-24 00:00:00,False,0.128236,True
2025-01-24 00:00:00,300485,预测中,已明说会亏,预告,2024年度业绩预告（首亏）,2025-01-24 00:00:00,True,0.810321,True
2025-01-24 00:00:00,300489,预测中,已明说不会亏,预告,2024年度业绩预告（扭亏）,2025-01-24 00:00:00,False,0.627062,True
2025-01-24 00:00:00,300494,预测中,已明说会亏,预告,2024年度业绩预告（首亏）,2025-01-24 00:00:00,False,0.186386,True
2025-01-24 00:00:00,300497,预测中,已明说会亏,预告,2024年度业绩预告（增亏）,2025-01-24 00:00:00,False,0.524268,True
2025-01-24 00:00:00,300512,预测中,已明说不会亏,预告,2024年度业绩预告（略减）,2025-01-24 00:00:00,False,0.140768,True
2025-01-24 00:00:00,300516,预测中,已明说不会亏,预告,2024年度业绩预告（预减）,2025-01-24 00:00:00,False,0.028157,True
2025-01-24 00:00:00,300521,预测中,已明说会亏,预告,2024年度业绩预告（减亏）,2025-01-24 00:00:00,False,0.252614,True
2025-01-24 00:00:00,300536,预测中,已明说会亏,预告,2024年度业绩预告（增亏）,2025-01-24 00:00:00,False,0.286959,True
2025-01-24 00:00:00,300543,预测中,已明说不会亏,预告,2024年度业绩预告（预增）,2025-01-24 00:00:00,False,0.070696,True
2025-01-24 00:00:00,300546,预测中,已明说不会亏,预告,2024年度业绩预告（扭亏）,2025-01-24 00:00:00,False,0.602675,True
2025-01-24 00:00:00,300549,预测中,已明说不会亏,预告,2024年度业绩预告（略减）,2025-01-24 00:00:00,False,0.403214,True
2025-01-24 00:00:00,300551,预测中,已明说会亏,预告,2024年度业绩预告（增亏）,2025-01-24 00:00:00,True,0.928777,True
2025-01-24 00:00:00,300554,预测中,已明说会亏,预告,2024年度业绩预告（首亏）,2025-01-24 00:00:00,False,0.165536,True
2025-01-24 00:00:00,300556,预测中,已明说会亏,预告,2024年度业绩预告（首亏）,2025-01-24 00:00:00,False,0.566401,True
2025-01-24 00:00:00,300569,预测中,已明说会亏,预告,2024年度业绩预告（首亏）,2025-01-24 00:00:00,False,0.065302,True
2025-01-24 00:00:00,300578,预测中,已明说不会亏,预告,2024年度业绩预告（扭亏）,2025-01-24 00:00:00,False,0.139828,True
2025-01-24 00:00:00,300586,预测中,已明说不会亏,预告,2024年度业绩预告（预减）,2025-01-24 00:00:00,False,0.040896,True
2025-01-24 00:00:00,300587,预测中,已明说不会亏,预告,2024年度业绩预告（扭亏）,2025-01-24 00:00:00,False,0.117305,True
2025-01-24 00:00:00,300594,预测中,已明说会亏,预告,2024年度业绩预告（增亏）,2025-01-24 00:00:00,False,0.634269,True
2025-01-24 00:00:00,300595,预测中,已明说不会亏,预告,2024年度业绩预告（略减）,2025-01-24 00:00:00,False,0.004576,True
2025-01-24 00:00:00,300598,预测中,已明说会亏,预告,2024年度业绩预告（首亏）,2025-01-24 00:00:00,False,0.20563,True
2025-01-24 00:00:00,300603,预测中,已明说不会亏,预告,2024年度业绩预告（预增）,2025-01-24 00:00:00,True,0.882077,True
2025-01-24 00:00:00,300605,预测中,已明说会亏,预告,2024年度业绩预告（首亏）,2025-01-24 00:00:00,True,0.709739,True
2025-01-24 00:00:00,300606,预测中,已明说会亏,预告,2024年度业绩预告（首亏）,2025-01-24 00:00:00,False,0.018308,True
2025-01-24 00:00:00,300608,预测中,已明说会亏,预告,2024年度业绩预告（首亏）,2025-01-24 00:00:00,True,0.739186,True
2025-01-24 00:00:00,300609,预测中,已明说会亏,预告,2024年度业绩预告（减亏）,2025-01-24 00:00:00,True,0.809361,True
2025-01-24 00:00:00,300612,预测中,已明说会亏,预告,2024年度业绩预告（减亏）,2025-01-24 00:00:00,True,0.739599,True
2025-01-24 00:00:00,300624,预测中,已明说会亏,预告,2024年度业绩预告（首亏）,2025-01-24 00:00:00,False,0.028108,True
2025-01-24 00:00:00,300626,预测中,已明说会亏,预告,2024年度业绩预告（减亏）,2025-01-24 00:00:00,False,0.038295,True
2025-01-24 00:00:00,300637,预测中,已明说会亏,预告,2024年度业绩预告（减亏）,2025-01-24 00:00:00,False,0.640997,True
2025-01-24 00:00:00,300639,预测中,已明说会亏,预告,2024年度业绩预告（首亏）,2025-01-24 00:00:00,True,0.683042,True
2025-01-24 00:00:00,300648,预测中,已明说会亏,预告,2024年度业绩预告（减亏）,2025-01-24 00:00:00,True,0.741687,True
2025-01-24 00:00:00,300666,预测中,已明说不会亏,预告,2024年度业绩预告（预增）,2025-01-24 00:00:00,False,0.013339,True
2025-01-24 00:00:00,300667,预测中,已明说会亏,预告,2024年度业绩预告（首亏）,2025-01-24 00:00:00,False,0.108073,True
2025-01-24 00:00:00,300680,预测中,已明说不会亏,预告,2024年度业绩预告（预增）,2025-01-24 00:00:00,False,0.01633,True
2025-01-24 00:00:00,300702,预测中,已明说不会亏,预告,2024年度业绩预告（预增）,2025-01-24 00:00:00,False,0.32805,True
2025-01-24 00:00:00,300724,预测中,已明说不会亏,预告,2024年度业绩预告（预增）,2025-01-24 00:00:00,False,0.005734,True
2025-01-24 00:00:00,300730,预测中,已明说会亏,预告,2024年度业绩预告（减亏）,2025-01-24 00:00:00,True,0.69458,True
2025-01-24 00:00:00,300737,预测中,已明说不会亏,预告,2024年度业绩预告（扭亏）,2025-01-24 00:00:00,False,0.322521,True
2025-01-24 00:00:00,300740,预测中,已明说不会亏,预告,2024年度业绩预告（预减）,2025-01-24 00:00:00,False,0.069276,True
2025-01-24 00:00:00,300741,预测中,已明说会亏,预告,2024年度业绩预告（首亏）,2025-01-24 00:00:00,False,0.01885,True
2025-01-24 00:00:00,300756,预测中,已明说不会亏,预告,2024年度业绩预告（预减）,2025-01-24 00:00:00,False,0.250468,True
2025-01-24 00:00:00,300758,预测中,已明说不会亏,预告,2024年度业绩预告（预增）,2025-01-24 00:00:00,False,0.093957,True
2025-01-24 00:00:00,300777,预测中,已明说不会亏,预告,2024年度业绩预告（略增）,2025-01-24 00:00:00,False,0.016788,True
2025-01-24 00:00:00,300778,预测中,已明说会亏,预告,2024年度业绩预告（增亏）,2025-01-24 00:00:00,True,0.845697,True
2025-01-24 00:00:00,300780,预测中,已明说会亏,预告,2024年度业绩预告（增亏）,2025-01-24 00:00:00,True,0.736747,True
2025-01-24 00:00:00,300793,预测中,已明说不会亏,预告,2024年度业绩预告（预减）,2025-01-24 00:00:00,False,0.31905,True
2025-01-24 00:00:00,300796,预测中,已明说会亏,预告,2024年度业绩预告（首亏）,2025-01-24 00:00:00,False,0.064907,True
2025-01-24 00:00:00,300798,预测中,已明说不会亏,预告,2024年度业绩预告（预减）,2025-01-24 00:00:00,False,0.187472,True
2025-01-24 00:00:00,300805,预测中,已明说不会亏,预告,2024年度业绩预告（预减）,2025-01-24 00:00:00,False,0.416171,True
2025-01-24 00:00:00,300816,预测中,已明说不会亏,预告,2024年度业绩预告（预增）,2025-01-24 00:00:00,False,0.310867,True
2025-01-24 00:00:00,300818,预测中,已明说不会亏,预告,2024年度业绩预告（预增）,2025-01-24 00:00:00,False,0.032019,True
2025-01-24 00:00:00,300831,预测中,已明说不会亏,预告,2024年度业绩预告（预增）,2025-01-24 00:00:00,False,0.035942,True
2025-01-24 00:00:00,300854,预测中,已明说不会亏,预告,2024年度业绩预告（略减）,2025-01-24 00:00:00,False,0.565245,True
2025-01-24 00:00:00,300857,预测中,已明说不会亏,预告,2024年度业绩预告（预增）,2025-01-24 00:00:00,False,0.011904,True
2025-01-24 00:00:00,300860,预测中,已明说不会亏,预告,2024年度业绩预告（预减）,2025-01-24 00:00:00,False,0.295617,True
2025-01-24 00:00:00,300868,预测中,已明说不会亏,预告,2024年度业绩预告（扭亏）,2025-01-24 00:00:00,False,0.252374,True
2025-01-24 00:00:00,300876,预测中,已明说会亏,预告,2024年度业绩预告（首亏）,2025-01-24 00:00:00,True,0.70498,True
2025-01-24 00:00:00,300879,预测中,已明说不会亏,预告,2024年度业绩预告（扭亏）,2025-01-24 00:00:00,False,0.094216,True
2025-01-24 00:00:00,300882,预测中,已明说不会亏,预告,2024年度业绩预告（预减）,2025-01-24 00:00:00,False,0.006265,True
2025-01-24 00:00:00,300892,预测中,已明说不会亏,预告,2024年度业绩预告（扭亏）,2025-01-24 00:00:00,False,0.3704,True
2025-01-24 00:00:00,300895,预测中,已明说会亏,预告,2024年度业绩预告（续亏）,2025-01-24 00:00:00,False,0.651928,True
2025-01-24 00:00:00,300928,预测中,已明说会亏,预告,2024年度业绩预告（增亏）,2025-01-24 00:00:00,False,0.616375,True
2025-01-24 00:00:00,300931,预测中,已明说会亏,预告,2024年度业绩预告（首亏）,2025-01-24 00:00:00,False,0.124681,True
2025-01-24 00:00:00,300940,预测中,已明说不会亏,预告,2024年度业绩预告（扭亏）,2025-01-24 00:00:00,True,0.747524,True
2025-01-24 00:00:00,300949,预测中,已明说会亏,预告,2024年度业绩预告（增亏）,2025-01-24 00:00:00,True,0.895048,True
2025-01-24 00:00:00,300955,预测中,已明说会亏,预告,2024年度业绩预告（首亏）,2025-01-24 00:00:00,False,0.163397,True
2025-01-24 00:00:00,300958,预测中,已明说会亏,预告,2024年度业绩预告（首亏）,2025-01-24 00:00:00,False,0.329652,True
2025-01-24 00:00:00,300961,预测中,已明说会亏,预告,2024年度业绩预告（增亏）,2025-01-24 00:00:00,False,0.513076,True
2025-01-24 00:00:00,300964,预测中,已明说不会亏,预告,2024年度业绩预告（预增）,2025-01-24 00:00:00,False,0.10674,True
2025-01-24 00:00:00,300967,预测中,已明说不会亏,预告,2024年度业绩预告（扭亏）,2025-01-24 00:00:00,False,0.418196,True
2025-01-24 00:00:00,300968,预测中,已明说不会亏,预告,2024年度业绩预告（预增）,2025-01-24 00:00:00,False,0.197144,True
2025-01-24 00:00:00,300970,预测中,已明说会亏,预告,2024年度业绩预告（首亏）,2025-01-24 00:00:00,False,0.312863,True
2025-01-24 00:00:00,300972,预测中,已明说不会亏,预告,2024年度业绩预告（扭亏）,2025-01-24 00:00:00,False,0.176602,True
2025-01-24 00:00:00,300983,预测中,已明说会亏,预告,2024年度业绩预告（首亏）,2025-01-24 00:00:00,False,0.503154,True
2025-01-24 00:00:00,301017,预测中,已明说会亏,预告,2024年度业绩预告（首亏）,2025-01-24 00:00:00,False,0.117374,True
2025-01-24 00:00:00,301024,预测中,已明说会亏,预告,2024年度业绩预告（续亏）,2025-01-24 00:00:00,False,0.210558,True
2025-01-24 00:00:00,301027,预测中,已明说会亏,预告,2024年度业绩预告（首亏）,2025-01-24 00:00:00,False,0.491955,True
2025-01-24 00:00:00,301030,预测中,已明说会亏,预告,2024年度业绩预告（首亏）,2025-01-24 00:00:00,False,0.011745,True
2025-01-24 00:00:00,301036,预测中,已明说不会亏,预告,2024年度业绩预告（预增）,2025-01-24 00:00:00,False,0.028692,True
2025-01-24 00:00:00,301038,预测中,已明说不会亏,预告,2024年度业绩预告（扭亏）,2025-01-24 00:00:00,False,0.305665,True
2025-01-24 00:00:00,301040,预测中,已明说会亏,预告,2024年度业绩预告（增亏）,2025-01-24 00:00:00,True,0.737255,True
2025-01-24 00:00:00,301047,预测中,已明说不会亏,预告,2024年度业绩预告（预减）,2025-01-24 00:00:00,False,0.067809,True
2025-01-24 00:00:00,301061,预测中,已明说不会亏,预告,2024年度业绩预告（预增）,2025-01-24 00:00:00,False,0.004286,True
2025-01-24 00:00:00,301062,预测中,已明说不会亏,预告,2024年度业绩预告（略减）,2025-01-24 00:00:00,False,0.014415,True
2025-01-24 00:00:00,301063,预测中,已明说不会亏,预告,2024年度业绩预告（略减）,2025-01-24 00:00:00,False,0.212959,True
2025-01-24 00:00:00,301066,预测中,已明说不会亏,预告,2024年度业绩预告（续盈）,2025-01-24 00:00:00,False,0.018777,True
2025-01-24 00:00:00,301067,预测中,已明说不会亏,预告,2024年度业绩预告（预减）,2025-01-24 00:00:00,False,0.525267,True
2025-01-24 00:00:00,301090,预测中,已明说会亏,预告,2024年度业绩预告（首亏）,2025-01-24 00:00:00,False,0.264269,True
2025-01-24 00:00:00,301097,预测中,已明说会亏,预告,2024年度业绩预告（首亏）,2025-01-24 00:00:00,False,0.048993,True
2025-01-24 00:00:00,301105,预测中,已明说会亏,预告,2024年度业绩预告（减亏）,2025-01-24 00:00:00,False,0.074366,True
2025-01-24 00:00:00,301112,预测中,已明说不会亏,预告,2024年度业绩预告（预减）,2025-01-24 00:00:00,True,0.708833,True
2025-01-24 00:00:00,301125,预测中,已明说不会亏,预告,2024年度业绩预告（预增）,2025-01-24 00:00:00,False,0.537296,True
2025-01-24 00:00:00,301128,预测中,已明说不会亏,预告,2024年度业绩预告（预增）,2025-01-24 00:00:00,False,0.046556,True
2025-01-24 00:00:00,301152,预测中,已明说会亏,预告,2024年度业绩预告（减亏）,2025-01-24 00:00:00,True,0.714002,True
2025-01-24 00:00:00,301169,预测中,已明说会亏,预告,2024年度业绩预告（增亏）,2025-01-24 00:00:00,True,0.824787,True
2025-01-24 00:00:00,301180,预测中,已明说会亏,预告,2024年度业绩预告（首亏）,2025-01-24 00:00:00,False,0.502008,True
2025-01-24 00:00:00,301182,预测中,已明说会亏,预告,2024年度业绩预告（增亏）,2025-01-24 00:00:00,False,0.475956,True
2025-01-24 00:00:00,301198,预测中,已明说会亏,预告,2024年度业绩预告（首亏）,2025-01-24 00:00:00,False,0.100323,True
2025-01-24 00:00:00,301199,预测中,已明说不会亏,预告,2024年度业绩预告（预增）,2025-01-24 00:00:00,False,0.105198,True
2025-01-24 00:00:00,301205,预测中,已明说不会亏,预告,2024年度业绩预告（预增）,2025-01-24 00:00:00,False,0.195645,True
2025-01-24 00:00:00,301216,预测中,已明说会亏,预告,2024年度业绩预告（首亏）,2025-01-24 00:00:00,False,0.08492,True
2025-01-24 00:00:00,301221,预测中,已明说不会亏,预告,2024年度业绩预告（扭亏）,2025-01-24 00:00:00,True,0.693241,True
2025-01-24 00:00:00,301236,预测中,已明说不会亏,预告,2024年度业绩预告（预减）,2025-01-24 00:00:00,False,0.198035,True
2025-01-24 00:00:00,301273,预测中,已明说会亏,预告,2024年度业绩预告（首亏）,2025-01-24 00:00:00,False,0.626917,True
2025-01-24 00:00:00,301308,预测中,已明说不会亏,预告,2024年度业绩预告（扭亏）,2025-01-24 00:00:00,False,0.064393,True
2025-01-24 00:00:00,301313,预测中,已明说会亏,预告,2024年度业绩预告（首亏）,2025-01-24 00:00:00,True,0.842001,True
2025-01-24 00:00:00,301321,预测中,已明说会亏,预告,2024年度业绩预告（首亏）,2025-01-24 00:00:00,False,0.430142,True
2025-01-24 00:00:00,301357,预测中,已明说会亏,预告,2024年度业绩预告（首亏）,2025-01-24 00:00:00,False,0.269654,True
2025-01-24 00:00:00,301378,预测中,已明说会亏,预告,2024年度业绩预告（首亏）,2025-01-24 00:00:00,False,0.651232,True
2025-01-24 00:00:00,301387,预测中,已明说不会亏,预告,2024年度业绩预告（预减）,2025-01-24 00:00:00,False,0.114605,True
2025-01-24 00:00:00,301418,预测中,已明说不会亏,预告,2024年度业绩预告（预减）,2025-01-24 00:00:00,False,0.01228,True
2025-01-24 00:00:00,301511,预测中,已明说会亏,预告,2024年度业绩预告（首亏）,2025-01-24 00:00:00,False,0.594086,True
2025-01-24 00:00:00,600053,预测中,已明说会亏,预告,2024年度业绩预告（首亏）,2025-01-24 00:00:00,False,0.244778,True
2025-01-24 00:00:00,600075,预测中,已明说不会亏,预告,2024年度业绩预告（扭亏）,2025-01-24 00:00:00,False,0.634854,True
2025-01-24 00:00:00,600143,预测中,已明说不会亏,预告,2024年度业绩预告（预增）,2025-01-24 00:00:00,False,0.116766,True
2025-01-24 00:00:00,600183,预测中,已明说不会亏,预告,2024年度业绩预告（预增）,2025-01-24 00:00:00,False,0.005425,True
2025-01-24 00:00:00,600249,预测中,已明说不会亏,预告,2024年度业绩预告（预增）,2025-01-24 00:00:00,False,0.498906,True
2025-01-24 00:00:00,600301,预测中,已明说不会亏,预告,2024年度业绩预告（预增）,2025-01-24 00:00:00,False,0.00708,True
2025-01-24 00:00:00,600359,预测中,已明说不会亏,预告,2024年度业绩预告（预减）,2025-01-24 00:00:00,False,0.03042,True
2025-01-24 00:00:00,600360,预测中,已明说不会亏,预告,2024年度业绩预告（预增）,2025-01-24 00:00:00,False,0.102423,True
2025-01-24 00:00:00,600367,预测中,已明说不会亏,预告,2024年度业绩预告（预增）,2025-01-24 00:00:00,False,0.110547,True
2025-01-24 00:00:00,600379,预测中,已明说不会亏,预告,2024年度业绩预告（略增）,2025-01-24 00:00:00,False,0.013519,True
2025-01-24 00:00:00,600382,预测中,已明说不会亏,预告,2024年度业绩预告（预减）,2025-01-24 00:00:00,False,0.220228,True
2025-01-24 00:00:00,600396,预测中,已明说不会亏,预告,2024年度业绩预告（预减）,2025-01-24 00:00:00,False,0.06663,True
2025-01-24 00:00:00,600516,预测中,已明说不会亏,预告,2024年度业绩预告（预减）,2025-01-24 00:00:00,False,0.042633,True
2025-01-24 00:00:00,600569,预测中,已明说会亏,预告,2024年度业绩预告（增亏）,2025-01-24 00:00:00,False,0.499368,True
2025-01-24 00:00:00,600578,预测中,已明说不会亏,预告,2024年度业绩预告（预增）,2025-01-24 00:00:00,False,0.221906,True
2025-01-24 00:00:00,600588,预测中,已明说会亏,预告,2024年度业绩预告（增亏）,2025-01-24 00:00:00,False,0.514557,True
2025-01-24 00:00:00,600604,预测中,已明说不会亏,预告,2024年度业绩预告（扭亏）,2025-01-24 00:00:00,False,0.402251,True
2025-01-24 00:00:00,600609,预测中,已明说不会亏,预告,2024年度业绩预告（预增）,2025-01-24 00:00:00,False,0.014355,True
2025-01-24 00:00:00,600610,预测中,已明说会亏,预告,2024年度业绩预告（减亏）,2025-01-24 00:00:00,False,0.408119,True
2025-01-24 00:00:00,600624,预测中,已明说会亏,预告,2024年度业绩预告（首亏）,2025-01-24 00:00:00,False,0.465806,True
2025-01-24 00:00:00,600626,预测中,已明说不会亏,预告,2024年度业绩预告（扭亏）,2025-01-24 00:00:00,False,0.59238,True
2025-01-24 00:00:00,600662,预测中,已明说不会亏,预告,2024年度业绩预告（预增）,2025-01-24 00:00:00,False,0.007841,True
2025-01-24 00:00:00,600684,预测中,已明说不会亏,预告,2024年度业绩预告（扭亏）,2025-01-24 00:00:00,False,0.476596,True
2025-01-24 00:00:00,600702,预测中,已明说不会亏,预告,2024年度业绩预告（预减）,2025-01-24 00:00:00,False,0.005862,True
2025-01-24 00:00:00,600753,预测中,已明说会亏,预告,2024年度业绩预告（增亏）,2025-01-24 00:00:00,True,0.875404,True
2025-01-24 00:00:00,600815,预测中,已明说不会亏,预告,2024年度业绩预告（扭亏）,2025-01-24 00:00:00,False,0.162211,True
2025-01-24 00:00:00,600819,预测中,已明说不会亏,预告,2024年度业绩预告（扭亏）,2025-01-24 00:00:00,False,0.075569,True
2025-01-24 00:00:00,600827,预测中,已明说不会亏,预告,2024年度业绩预告（预增）,2025-01-24 00:00:00,False,0.051933,True
2025-01-24 00:00:00,600872,预测中,已明说不会亏,预告,2024年度业绩预告（预减）,2025-01-24 00:00:00,False,0.008679,True
2025-01-24 00:00:00,600892,预测中,已明说会亏,预告,2024年度业绩预告（增亏）,2025-01-24 00:00:00,True,0.846572,True
2025-01-24 00:00:00,600935,预测中,已明说会亏,预告,2024年度业绩预告（首亏）,2025-01-24 00:00:00,False,0.467182,True
2025-01-24 00:00:00,600963,预测中,已明说不会亏,预告,2024年度业绩预告（扭亏）,2025-01-24 00:00:00,False,0.024698,True
2025-01-24 00:00:00,601020,预测中,已明说不会亏,预告,2024年度业绩预告（预增）,2025-01-24 00:00:00,False,0.050179,True
2025-01-24 00:00:00,601088,预测中,已明说不会亏,预告,2024年度业绩预告（续盈）,2025-01-24 00:00:00,False,0.001871,True
2025-01-24 00:00:00,601600,预测中,已明说不会亏,预告,2024年度业绩预告（预增）,2025-01-24 00:00:00,False,0.012231,True
2025-01-24 00:00:00,601616,预测中,已明说不会亏,预告,2024年度业绩预告（预增）,2025-01-24 00:00:00,False,0.12263,True
2025-01-24 00:00:00,601865,预测中,已明说不会亏,预告,2024年度业绩预告（预减）,2025-01-24 00:00:00,False,0.008828,True
2025-01-24 00:00:00,601992,预测中,已明说会亏,预告,2024年度业绩预告（首亏）,2025-01-24 00:00:00,False,0.302197,True
2025-01-24 00:00:00,603020,预测中,已明说不会亏,预告,2024年度业绩预告（预增）,2025-01-24 00:00:00,False,0.033766,True
2025-01-24 00:00:00,603025,预测中,已明说不会亏,预告,2024年度业绩预告（预增）,2025-01-24 00:00:00,False,0.003332,True
2025-01-24 00:00:00,603116,预测中,已明说会亏,预告,2024年度业绩预告（首亏）,2025-01-24 00:00:00,False,0.263009,True
2025-01-24 00:00:00,603129,预测中,已明说不会亏,预告,2024年度业绩预告（预增）,2025-01-24 00:00:00,False,0.001824,True
2025-01-24 00:00:00,603173,预测中,已明说不会亏,预告,2024年度业绩预告（预增）,2025-01-24 00:00:00,False,0.009454,True
2025-01-24 00:00:00,603226,预测中,已明说会亏,预告,2024年度业绩预告（增亏）,2025-01-24 00:00:00,True,0.824182,True
2025-01-24 00:00:00,603379,预测中,已明说不会亏,预告,2024年度业绩预告（预增）,2025-01-24 00:00:00,False,0.011143,True
2025-01-24 00:00:00,603516,预测中,已明说不会亏,预告,2024年度业绩预告（预增）,2025-01-24 00:00:00,False,0.124149,True
2025-01-24 00:00:00,603557,预测中,已明说会亏,预告,2024年度业绩预告（减亏）,2025-01-24 00:00:00,False,0.598206,True
2025-01-24 00:00:00,603590,预测中,已明说不会亏,预告,2024年度业绩预告（预减）,2025-01-24 00:00:00,False,0.046455,True
2025-01-24 00:00:00,603609,预测中,已明说不会亏,预告,2024年度业绩预告（扭亏）,2025-01-24 00:00:00,False,0.211981,True
2025-01-24 00:00:00,603681,预测中,已明说不会亏,预告,2024年度业绩预告（预增）,2025-01-24 00:00:00,False,0.030475,True
2025-01-24 00:00:00,603718,预测中,已明说不会亏,预告,2024年度业绩预告（预增）,2025-01-24 00:00:00,False,0.51673,True
2025-01-24 00:00:00,603733,预测中,已明说不会亏,预告,2024年度业绩预告（预增）,2025-01-24 00:00:00,False,0.010073,True
2025-01-24 00:00:00,603779,预测中,已明说不会亏,预告,2024年度业绩预告（扭亏）,2025-01-24 00:00:00,False,0.225368,True
2025-01-24 00:00:00,603789,预测中,已明说会亏,预告,2024年度业绩预告（增亏）,2025-01-24 00:00:00,False,0.54978,True
2025-01-24 00:00:00,603929,预测中,已明说不会亏,预告,2024年度业绩预告（预增）,2025-01-24 00:00:00,False,0.002447,True
2025-01-24 00:00:00,603959,预测中,已明说会亏,预告,2024年度业绩预告（增亏）,2025-01-24 00:00:00,True,0.842883,True
2025-01-24 00:00:00,605080,预测中,已明说不会亏,预告,2024年度业绩预告（预增）,2025-01-24 00:00:00,False,0.035236,True
2025-01-24 00:00:00,605128,预测中,已明说不会亏,预告,2024年度业绩预告（预增）,2025-01-24 00:00:00,False,0.022582,True
2025-01-24 00:00:00,688079,预测中,已明说会亏,预告,2024年度业绩预告（增亏）,2025-01-24 00:00:00,False,0.471773,True
2025-01-24 00:00:00,688120,预测中,已明说不会亏,预告,2024年度业绩预告（略增）,2025-01-24 00:00:00,False,0.002929,True
2025-01-24 00:00:00,688129,预测中,已明说不会亏,预告,2024年度业绩预告（预增）,2025-01-24 00:00:00,False,0.025459,True
2025-01-24 00:00:00,688151,预测中,已明说不会亏,预告,2024年度业绩预告（预增）,2025-01-24 00:00:00,False,0.26768,True
2025-01-24 00:00:00,688155,预测中,已明说不会亏,预告,2024年度业绩预告（预增）,2025-01-24 00:00:00,False,0.069986,True
2025-01-24 00:00:00,688182,预测中,已明说不会亏,预告,2024年度业绩预告（略增）,2025-01-24 00:00:00,False,0.047126,True
2025-01-24 00:00:00,688183,预测中,已明说不会亏,预告,2024年度业绩预告（扭亏）,2025-01-24 00:00:00,False,0.083578,True
2025-01-24 00:00:00,688209,预测中,已明说不会亏,预告,2024年度业绩预告（预增）,2025-01-24 00:00:00,False,0.099354,True
2025-01-24 00:00:00,688225,预测中,已明说不会亏,预告,2024年度业绩预告（扭亏）,2025-01-24 00:00:00,True,0.814183,True
2025-01-24 00:00:00,688234,预测中,已明说不会亏,预告,2024年度业绩预告（扭亏）,2025-01-24 00:00:00,False,0.080128,True
2025-01-24 00:00:00,688253,预测中,已明说不会亏,预告,2024年度业绩预告（略增）,2025-01-24 00:00:00,False,0.002268,True
2025-01-24 00:00:00,688272,预测中,已明说不会亏,预告,2024年度业绩预告（扭亏）,2025-01-24 00:00:00,False,0.07535,True
2025-01-24 00:00:00,688276,预测中,已明说不会亏,预告,2024年度业绩预告（预减）,2025-01-24 00:00:00,False,0.067395,True
2025-01-24 00:00:00,688296,预测中,已明说不会亏,预告,2024年度业绩预告（扭亏）,2025-01-24 00:00:00,False,0.197484,True
2025-01-24 00:00:00,688326,预测中,已明说会亏,预告,2024年度业绩预告（增亏）,2025-01-24 00:00:00,False,0.645186,True
2025-01-24 00:00:00,688339,预测中,已明说会亏,预告,2024年度业绩预告（增亏）,2025-01-24 00:00:00,True,0.935781,True
2025-01-24 00:00:00,688355,预测中,已明说不会亏,预告,2024年度业绩预告（预增）,2025-01-24 00:00:00,False,0.028734,True
2025-01-24 00:00:00,688360,预测中,已明说不会亏,预告,2024年度业绩预告（预增）,2025-01-24 00:00:00,False,0.026883,True
2025-01-24 00:00:00,688361,预测中,已明说会亏,预告,2024年度业绩预告（首亏）,2025-01-24 00:00:00,False,0.01469,True
2025-01-24 00:00:00,688512,预测中,已明说会亏,预告,2024年度业绩预告（续亏）,2025-01-24 00:00:00,True,0.716455,True
2025-01-24 00:00:00,688525,预测中,已明说不会亏,预告,2024年度业绩预告（扭亏）,2025-01-24 00:00:00,False,0.090446,True
2025-01-24 00:00:00,688550,预测中,已明说不会亏,预告,2024年度业绩预告（预增）,2025-01-24 00:00:00,False,0.023604,True
2025-01-24 00:00:00,688551,预测中,已明说不会亏,预告,2024年度业绩预告（预减）,2025-01-24 00:00:00,False,0.021501,True
2025-01-24 00:00:00,688562,预测中,已明说会亏,预告,2024年度业绩预告（首亏）,2025-01-24 00:00:00,False,0.350732,True
2025-01-24 00:00:00,688584,预测中,已明说不会亏,预告,2024年度业绩预告（预减）,2025-01-24 00:00:00,False,0.036458,True
2025-01-24 00:00:00,688590,预测中,已明说不会亏,预告,2024年度业绩预告（预减）,2025-01-24 00:00:00,False,0.073553,True
2025-01-24 00:00:00,688611,预测中,已明说不会亏,预告,2024年度业绩预告（预增）,2025-01-24 00:00:00,False,0.049329,True
2025-01-24 00:00:00,688651,预测中,已明说不会亏,预告,2024年度业绩预告（预减）,2025-01-24 00:00:00,False,0.155905,True
2025-01-24 00:00:00,688661,预测中,已明说会亏,预告,2024年度业绩预告（减亏）,2025-01-24 00:00:00,False,0.311593,True
2025-01-24 00:00:00,688681,预测中,已明说不会亏,预告,2024年度业绩预告（预增）,2025-01-24 00:00:00,False,0.155157,True
2025-01-24 00:00:00,688691,预测中,已明说不会亏,预告,2024年度业绩预告（预减）,2025-01-24 00:00:00,False,0.00383,True
2025-01-24 00:00:00,688702,预测中,已明说会亏,预告,2024年度业绩预告（增亏）,2025-01-24 00:00:00,False,0.523719,True
2025-01-24 00:00:00,688767,预测中,已明说不会亏,预告,2024年度业绩预告（预增）,2025-01-24 00:00:00,False,0.015378,True
2025-01-24 00:00:00,688798,预测中,已明说不会亏,预告,2024年度业绩预告（预增）,2025-01-24 00:00:00,False,0.027417,True
2025-01-24 18:02:13,300022,预测中,已修订,修正,2024年度业绩预告修正公告,2025-01-24 18:02:13,False,0.066164,True
2025-01-25 00:00:00,000009,预测中,已明说不会亏,预告,2024年度业绩预告（预减）,2025-01-25 00:00:00,False,0.02826,True
2025-01-25 00:00:00,000014,预测中,已明说不会亏,预告,2024年度业绩预告（预减）,2025-01-25 00:00:00,False,0.01925,True
2025-01-25 00:00:00,000029,预测中,已明说会亏,预告,2024年度业绩预告（减亏）,2025-01-25 00:00:00,False,0.077883,True
2025-01-25 00:00:00,000039,预测中,已明说不会亏,预告,2024年度业绩预告（预增）,2025-01-25 00:00:00,False,0.128586,True
2025-01-25 00:00:00,000045,预测中,已明说不会亏,预告,2024年度业绩预告（略增）,2025-01-25 00:00:00,False,0.070432,True
2025-01-25 00:00:00,000062,预测中,已明说不会亏,预告,2024年度业绩预告（预减）,2025-01-25 00:00:00,False,0.054481,True
2025-01-25 00:00:00,000069,预测中,已明说会亏,预告,2024年度业绩预告（增亏）,2025-01-25 00:00:00,False,0.499148,True
2025-01-25 00:00:00,000100,预测中,已明说不会亏,预告,2024年度业绩预告（略减）,2025-01-25 00:00:00,False,0.127047,True
2025-01-25 00:00:00,000301,预测中,已明说会亏,预告,2024年度业绩预告（首亏）,2025-01-25 00:00:00,False,0.222358,True
2025-01-25 00:00:00,000509,预测中,已明说会亏,预告,2024年度业绩预告（首亏）,2025-01-25 00:00:00,False,0.174288,True
2025-01-25 00:00:00,000517,预测中,已明说会亏,预告,2024年度业绩预告（首亏）,2025-01-25 00:00:00,False,0.088269,True
2025-01-25 00:00:00,000524,预测中,已明说不会亏,预告,2024年度业绩预告（预增）,2025-01-25 00:00:00,False,0.104277,True
2025-01-25 00:00:00,000557,预测中,已明说不会亏,预告,2024年度业绩预告（略增）,2025-01-25 00:00:00,False,0.006925,True
2025-01-25 00:00:00,000564,预测中,已明说会亏,预告,2024年度业绩预告（减亏）,2025-01-25 00:00:00,False,0.568681,True
2025-01-25 00:00:00,000565,预测中,已明说不会亏,预告,2024年度业绩预告（扭亏）,2025-01-25 00:00:00,False,0.106875,True
2025-01-25 00:00:00,000571,预测中,已明说会亏,预告,2024年度业绩预告（增亏）,2025-01-25 00:00:00,False,0.586763,True
2025-01-25 00:00:00,000572,预测中,已明说会亏,预告,2024年度业绩预告（减亏）,2025-01-25 00:00:00,True,0.857414,True
2025-01-25 00:00:00,000590,预测中,已明说会亏,预告,2024年度业绩预告（首亏）,2025-01-25 00:00:00,True,0.729897,True
2025-01-25 00:00:00,000595,预测中,已明说会亏,预告,2024年度业绩预告（续亏）,2025-01-25 00:00:00,True,0.669626,True
2025-01-25 00:00:00,000620,预测中,已明说会亏,预告,2024年度业绩预告（首亏）,2025-01-25 00:00:00,False,0.099728,True
2025-01-25 00:00:00,000626,预测中,已明说会亏,预告,2024年度业绩预告（续亏）,2025-01-25 00:00:00,False,0.437007,True
2025-01-25 00:00:00,000639,预测中,已明说会亏,预告,2024年度业绩预告（增亏）,2025-01-25 00:00:00,False,0.126554,True
2025-01-25 00:00:00,000668,预测中,已明说会亏,预告,2024年度业绩预告（增亏）,2025-01-25 00:00:00,False,0.449541,True
2025-01-25 00:00:00,000679,预测中,已明说会亏,预告,2024年度业绩预告（增亏）,2025-01-25 00:00:00,True,0.794718,True
2025-01-25 00:00:00,000697,预测中,已明说会亏,预告,2024年度业绩预告（减亏）,2025-01-25 00:00:00,False,0.178827,True
2025-01-25 00:00:00,000701,预测中,已明说会亏,预告,2024年度业绩预告（续亏）,2025-01-25 00:00:00,False,0.192091,True
2025-01-25 00:00:00,000702,预测中,已明说会亏,预告,2024年度业绩预告（减亏）,2025-01-25 00:00:00,False,0.232312,True
2025-01-25 00:00:00,000711,预测中,已明说会亏,预告,2024年度业绩预告（首亏）,2025-01-25 00:00:00,True,0.855577,True
2025-01-25 00:00:00,000720,预测中,已明说会亏,预告,2024年度业绩预告（增亏）,2025-01-25 00:00:00,False,0.437287,True
2025-01-25 00:00:00,000727,预测中,已明说不会亏,预告,2024年度业绩预告（预减）,2025-01-25 00:00:00,False,0.100131,True
2025-01-25 00:00:00,000733,预测中,已明说不会亏,预告,2024年度业绩预告（预减）,2025-01-25 00:00:00,False,0.055412,True
2025-01-25 00:00:00,000735,预测中,已明说不会亏,预告,2024年度业绩预告（扭亏）,2025-01-25 00:00:00,False,0.259438,True
2025-01-25 00:00:00,000795,预测中,已明说不会亏,预告,2024年度业绩预告（预增）,2025-01-25 00:00:00,False,0.047352,True
2025-01-25 00:00:00,000798,预测中,已明说会亏,预告,2024年度业绩预告（续亏）,2025-01-25 00:00:00,False,0.333992,True
2025-01-25 00:00:00,000802,预测中,已明说会亏,预告,2024年度业绩预告（减亏）,2025-01-25 00:00:00,True,0.698006,True
2025-01-25 00:00:00,000830,预测中,已明说不会亏,预告,2024年度业绩预告（预增）,2025-01-25 00:00:00,False,0.008841,True
2025-01-25 00:00:00,000833,预测中,已明说不会亏,预告,2024年度业绩预告（预增）,2025-01-25 00:00:00,False,0.038614,True
2025-01-25 00:00:00,000868,预测中,已明说不会亏,预告,2024年度业绩预告（扭亏）,2025-01-25 00:00:00,False,0.35506,True
2025-01-25 00:00:00,000886,预测中,已明说不会亏,预告,2024年度业绩预告（预减）,2025-01-25 00:00:00,False,0.051164,True
2025-01-25 00:00:00,000898,预测中,已明说会亏,预告,2024年度业绩预告（增亏）,2025-01-25 00:00:00,False,0.650949,True
2025-01-25 00:00:00,000909,预测中,已明说会亏,预告,2024年度业绩预告（减亏）,2025-01-25 00:00:00,False,0.33804,True
2025-01-25 00:00:00,000919,预测中,已明说不会亏,预告,2024年度业绩预告（预减）,2025-01-25 00:00:00,False,0.132185,True
2025-01-25 00:00:00,000925,预测中,已明说不会亏,预告,2024年度业绩预告（预减）,2025-01-25 00:00:00,False,0.444524,True
2025-01-25 00:00:00,000935,预测中,已明说不会亏,预告,2024年度业绩预告（预减）,2025-01-25 00:00:00,False,0.15148,True
2025-01-25 00:00:00,000957,预测中,已明说不会亏,预告,2024年度业绩预告（预增）,2025-01-25 00:00:00,False,0.045895,True
2025-01-25 00:00:00,000981,预测中,已明说会亏,预告,2024年度业绩预告（减亏）,2025-01-25 00:00:00,False,0.495529,True
2025-01-25 00:00:00,000983,预测中,已明说不会亏,预告,2024年度业绩预告（预减）,2025-01-25 00:00:00,False,0.00574,True
2025-01-25 00:00:00,001207,预测中,已明说不会亏,预告,2024年度业绩预告（预增）,2025-01-25 00:00:00,False,0.004047,True
2025-01-25 00:00:00,001210,预测中,已明说不会亏,预告,2024年度业绩预告（预增）,2025-01-25 00:00:00,False,0.055428,True
2025-01-25 00:00:00,001236,预测中,已明说不会亏,预告,2024年度业绩预告（预增）,2025-01-25 00:00:00,False,0.521682,True
2025-01-25 00:00:00,001238,预测中,已明说会亏,预告,2024年度业绩预告（首亏）,2025-01-25 00:00:00,False,0.180358,True
2025-01-25 00:00:00,001266,预测中,已明说不会亏,预告,2024年度业绩预告（扭亏）,2025-01-25 00:00:00,False,0.646175,True
2025-01-25 00:00:00,001278,预测中,已明说不会亏,预告,2024年度业绩预告（预减）,2025-01-25 00:00:00,False,0.017712,True
2025-01-25 00:00:00,001298,预测中,已明说不会亏,预告,2024年度业绩预告（预减）,2025-01-25 00:00:00,False,0.044826,True
2025-01-25 00:00:00,001313,预测中,已明说会亏,预告,2024年度业绩预告（首亏）,2025-01-25 00:00:00,False,0.452268,True
2025-01-25 00:00:00,001317,预测中,已明说不会亏,预告,2024年度业绩预告（预减）,2025-01-25 00:00:00,False,0.114954,True
2025-01-25 00:00:00,001896,预测中,已明说会亏,预告,2024年度业绩预告（减亏）,2025-01-25 00:00:00,False,0.326556,True
2025-01-25 00:00:00,002008,预测中,已明说不会亏,预告,2024年度业绩预告（预增）,2025-01-25 00:00:00,False,0.015034,True
2025-01-25 00:00:00,002010,预测中,已明说不会亏,预告,2024年度业绩预告（预减）,2025-01-25 00:00:00,False,0.047481,True
2025-01-25 00:00:00,002022,预测中,已明说会亏,预告,2024年度业绩预告（增亏）,2025-01-25 00:00:00,False,0.608429,True
2025-01-25 00:00:00,002025,预测中,已明说不会亏,预告,2024年度业绩预告（预减）,2025-01-25 00:00:00,False,0.003888,True
2025-01-25 00:00:00,002030,预测中,已明说会亏,预告,2024年度业绩预告（首亏）,2025-01-25 00:00:00,True,0.914533,True
2025-01-25 00:00:00,002042,预测中,已明说会亏,预告,2024年度业绩预告（首亏）,2025-01-25 00:00:00,False,0.410581,True
2025-01-25 00:00:00,002052,预测中,已明说不会亏,预告,2024年度业绩预告（扭亏）,2025-01-25 00:00:00,False,0.504882,True
2025-01-25 00:00:00,002055,预测中,已明说会亏,预告,2024年度业绩预告（增亏）,2025-01-25 00:00:00,True,0.832512,True
2025-01-25 00:00:00,002100,预测中,已明说不会亏,预告,2024年度业绩预告（扭亏）,2025-01-25 00:00:00,False,0.059468,True
2025-01-25 00:00:00,002121,预测中,已明说会亏,预告,2024年度业绩预告（减亏）,2025-01-25 00:00:00,False,0.47419,True
2025-01-25 00:00:00,002129,预测中,已明说会亏,预告,2024年度业绩预告（首亏）,2025-01-25 00:00:00,False,0.389824,True
2025-01-25 00:00:00,002156,预测中,已明说不会亏,预告,2024年度业绩预告（预增）,2025-01-25 00:00:00,False,0.0471,True
2025-01-25 00:00:00,002159,预测中,已明说不会亏,预告,2024年度业绩预告（续盈）,2025-01-25 00:00:00,False,0.018286,True
2025-01-25 00:00:00,002180,预测中,已明说不会亏,预告,2024年度业绩预告（扭亏）,2025-01-25 00:00:00,False,0.096495,True
2025-01-25 00:00:00,002187,预测中,已明说不会亏,预告,2024年度业绩预告（预增）,2025-01-25 00:00:00,False,0.334447,True
2025-01-25 00:00:00,002196,预测中,已明说会亏,预告,2024年度业绩预告（首亏）,2025-01-25 00:00:00,False,0.191843,True
2025-01-25 00:00:00,002200,预测中,已明说会亏,预告,2024年度业绩预告（首亏）,2025-01-25 00:00:00,False,0.029012,True
2025-01-25 00:00:00,002217,预测中,已明说不会亏,预告,2024年度业绩预告（扭亏）,2025-01-25 00:00:00,False,0.564029,True
2025-01-25 00:00:00,002218,预测中,已明说不会亏,预告,2024年度业绩预告（预减）,2025-01-25 00:00:00,False,0.472164,True
2025-01-25 00:00:00,002224,预测中,已明说不会亏,预告,2024年度业绩预告（预减）,2025-01-25 00:00:00,False,0.09196,True
2025-01-25 00:00:00,002227,预测中,已明说会亏,预告,2024年度业绩预告（续亏）,2025-01-25 00:00:00,True,0.788546,True
2025-01-25 00:00:00,002235,预测中,已明说不会亏,预告,2024年度业绩预告（扭亏）,2025-01-25 00:00:00,False,0.149182,True
2025-01-25 00:00:00,002236,预测中,已明说不会亏,预告,2024年度业绩预告（预减）,2025-01-25 00:00:00,False,0.017479,True
2025-01-25 00:00:00,002241,预测中,已明说不会亏,预告,2024年度业绩预告（预增）,2025-01-25 00:00:00,False,0.051857,True
2025-01-25 00:00:00,002254,预测中,已明说不会亏,预告,2024年度业绩预告（预减）,2025-01-25 00:00:00,False,0.139474,True
2025-01-25 00:00:00,002256,预测中,已明说会亏,预告,2024年度业绩预告（增亏）,2025-01-25 00:00:00,False,0.577622,True
2025-01-25 00:00:00,002269,预测中,已明说会亏,预告,2024年度业绩预告（首亏）,2025-01-25 00:00:00,False,0.329494,True
2025-01-25 00:00:00,002305,预测中,已明说会亏,预告,2024年度业绩预告（续亏）,2025-01-25 00:00:00,False,0.092903,True
2025-01-25 00:00:00,002309,预测中,已明说会亏,预告,2024年度业绩预告（减亏）,2025-01-25 00:00:00,False,0.468811,True
2025-01-25 00:00:00,002314,预测中,已明说会亏,预告,2024年度业绩预告（首亏）,2025-01-25 00:00:00,False,0.361749,True
2025-01-25 00:00:00,002316,预测中,已明说不会亏,预告,2024年度业绩预告（扭亏）,2025-01-25 00:00:00,False,0.106587,True
2025-01-25 00:00:00,002317,预测中,已明说会亏,预告,2024年度业绩预告（首亏）,2025-01-25 00:00:00,False,0.274792,True
2025-01-25 00:00:00,002321,预测中,已明说不会亏,预告,2024年度业绩预告（扭亏）,2025-01-25 00:00:00,False,0.341296,True
2025-01-25 00:00:00,002331,预测中,已明说不会亏,预告,2024年度业绩预告（扭亏）,2025-01-25 00:00:00,False,0.479799,True
2025-01-25 00:00:00,002344,预测中,已明说不会亏,预告,2024年度业绩预告（预减）,2025-01-25 00:00:00,False,0.078533,True
2025-01-25 00:00:00,002350,预测中,已明说不会亏,预告,2024年度业绩预告（扭亏）,2025-01-25 00:00:00,False,0.525647,True
2025-01-25 00:00:00,002355,预测中,已明说不会亏,预告,2024年度业绩预告（扭亏）,2025-01-25 00:00:00,False,0.303901,True
2025-01-25 00:00:00,002356,预测中,已明说会亏,预告,2024年度业绩预告（续亏）,2025-01-25 00:00:00,False,0.611571,True
2025-01-25 00:00:00,002365,预测中,已明说不会亏,预告,2024年度业绩预告（扭亏）,2025-01-25 00:00:00,False,0.178422,True
2025-01-25 00:00:00,002380,预测中,已明说不会亏,预告,2024年度业绩预告（预增）,2025-01-25 00:00:00,False,0.018995,True
2025-01-25 00:00:00,002382,预测中,已明说会亏,预告,2024年度业绩预告（减亏）,2025-01-25 00:00:00,False,0.567437,True
2025-01-25 00:00:00,002387,预测中,已明说会亏,预告,2024年度业绩预告（减亏）,2025-01-25 00:00:00,True,0.801851,True
2025-01-25 00:00:00,002388,预测中,已明说会亏,预告,2024年度业绩预告（减亏）,2025-01-25 00:00:00,False,0.246354,True
2025-01-25 00:00:00,002390,预测中,已明说不会亏,预告,2024年度业绩预告（预减）,2025-01-25 00:00:00,False,0.070856,True
2025-01-25 00:00:00,002398,预测中,已明说不会亏,预告,2024年度业绩预告（预减）,2025-01-25 00:00:00,False,0.25772,True
2025-01-25 00:00:00,002399,预测中,已明说不会亏,预告,2024年度业绩预告（扭亏）,2025-01-25 00:00:00,False,0.110885,True
2025-01-25 00:00:00,002409,预测中,已明说不会亏,预告,2024年度业绩预告（预增）,2025-01-25 00:00:00,False,0.008066,True
2025-01-25 00:00:00,002419,预测中,已明说不会亏,预告,2024年度业绩预告（预减）,2025-01-25 00:00:00,False,0.081849,True
2025-01-25 00:00:00,002424,预测中,已明说不会亏,预告,2024年度业绩预告（扭亏）,2025-01-25 00:00:00,False,0.280118,True
2025-01-25 00:00:00,002425,预测中,已明说会亏,预告,2024年度业绩预告（减亏）,2025-01-25 00:00:00,False,0.59496,True
2025-01-25 00:00:00,002426,预测中,已明说会亏,预告,2024年度业绩预告（减亏）,2025-01-25 00:00:00,False,0.255383,True
2025-01-25 00:00:00,002428,预测中,已明说不会亏,预告,2024年度业绩预告（预增）,2025-01-25 00:00:00,False,0.631055,True
2025-01-25 00:00:00,002438,预测中,已明说不会亏,预告,2024年度业绩预告（略增）,2025-01-25 00:00:00,False,0.032609,True
2025-01-25 00:00:00,002460,预测中,已明说会亏,预告,2024年度业绩预告（首亏）,2025-01-25 00:00:00,False,0.351364,True
2025-01-25 00:00:00,002467,预测中,已明说不会亏,预告,2024年度业绩预告（扭亏）,2025-01-25 00:00:00,False,0.120259,True
2025-01-25 00:00:00,002476,预测中,已明说不会亏,预告,2024年度业绩预告（预增）,2025-01-25 00:00:00,False,0.048994,True
2025-01-25 00:00:00,002491,预测中,已明说不会亏,预告,2024年度业绩预告（预减）,2025-01-25 00:00:00,False,0.249199,True
2025-01-25 00:00:00,002506,预测中,已明说不会亏,预告,2024年度业绩预告（预减）,2025-01-25 00:00:00,False,0.175968,True
2025-01-25 00:00:00,002512,预测中,已明说不会亏,预告,2024年度业绩预告（扭亏）,2025-01-25 00:00:00,False,0.310649,True
2025-01-25 00:00:00,002519,预测中,已明说会亏,预告,2024年度业绩预告（首亏）,2025-01-25 00:00:00,False,0.007829,True
2025-01-25 00:00:00,002521,预测中,已明说不会亏,预告,2024年度业绩预告（预减）,2025-01-25 00:00:00,False,0.010402,True
2025-01-25 00:00:00,002524,预测中,已明说会亏,预告,2024年度业绩预告（首亏）,2025-01-25 00:00:00,True,0.851566,True
2025-01-25 00:00:00,002548,预测中,已明说不会亏,预告,2024年度业绩预告（扭亏）,2025-01-25 00:00:00,False,0.471609,True
2025-01-25 00:00:00,002551,预测中,已明说不会亏,预告,2024年度业绩预告（扭亏）,2025-01-25 00:00:00,False,0.153972,True
2025-01-25 00:00:00,002554,预测中,已明说会亏,预告,2024年度业绩预告（首亏）,2025-01-25 00:00:00,False,0.067682,True
2025-01-25 00:00:00,002562,预测中,已明说不会亏,预告,2024年度业绩预告（扭亏）,2025-01-25 00:00:00,False,0.569169,True
2025-01-25 00:00:00,002564,预测中,已明说不会亏,预告,2024年度业绩预告（预减）,2025-01-25 00:00:00,False,0.060916,True
2025-01-25 00:00:00,002567,预测中,已明说不会亏,预告,2024年度业绩预告（扭亏）,2025-01-25 00:00:00,False,0.330947,True
2025-01-25 00:00:00,002581,预测中,已明说会亏,预告,2024年度业绩预告（减亏）,2025-01-25 00:00:00,True,0.72,True
2025-01-25 00:00:00,002586,预测中,已明说会亏,预告,2024年度业绩预告（增亏）,2025-01-25 00:00:00,True,0.876817,True
2025-01-25 00:00:00,002591,预测中,已明说会亏,预告,2024年度业绩预告（减亏）,2025-01-25 00:00:00,False,0.485289,True
2025-01-25 00:00:00,002592,预测中,已明说不会亏,预告,2024年度业绩预告（略减）,2025-01-25 00:00:00,False,0.010395,True
2025-01-25 00:00:00,002596,预测中,已明说会亏,预告,2024年度业绩预告（减亏）,2025-01-25 00:00:00,False,0.65594,True
2025-01-25 00:00:00,002599,预测中,已明说会亏,预告,2024年度业绩预告（首亏）,2025-01-25 00:00:00,False,0.359241,True
2025-01-25 00:00:00,002607,预测中,已明说不会亏,预告,2024年度业绩预告（扭亏）,2025-01-25 00:00:00,False,0.399893,True
2025-01-25 00:00:00,002608,预测中,已明说不会亏,预告,2024年度业绩预告（预增）,2025-01-25 00:00:00,False,0.080616,True
2025-01-25 00:00:00,002620,预测中,已明说会亏,预告,2024年度业绩预告（减亏）,2025-01-25 00:00:00,True,0.811097,True
2025-01-25 00:00:00,002622,预测中,已明说会亏,预告,2024年度业绩预告（减亏）,2025-01-25 00:00:00,True,0.748328,True
2025-01-25 00:00:00,002623,预测中,已明说会亏,预告,2024年度业绩预告（首亏）,2025-01-25 00:00:00,False,0.351263,True
2025-01-25 00:00:00,002636,预测中,已明说不会亏,预告,2024年度业绩预告（扭亏）,2025-01-25 00:00:00,False,0.380356,True
2025-01-25 00:00:00,002638,预测中,已明说会亏,预告,2024年度业绩预告（增亏）,2025-01-25 00:00:00,False,0.421499,True
2025-01-25 00:00:00,002640,预测中,已明说会亏,预告,2024年度业绩预告（增亏）,2025-01-25 00:00:00,True,0.750655,True
2025-01-25 00:00:00,002645,预测中,已明说会亏,预告,2024年度业绩预告（增亏）,2025-01-25 00:00:00,False,0.304522,True
2025-01-25 00:00:00,002656,预测中,已明说会亏,预告,2024年度业绩预告（减亏）,2025-01-25 00:00:00,True,0.829915,True
2025-01-25 00:00:00,002664,预测中,已明说不会亏,预告,2024年度业绩预告（预减）,2025-01-25 00:00:00,False,0.020883,True
2025-01-25 00:00:00,002667,预测中,已明说会亏,预告,2024年度业绩预告（续亏）,2025-01-25 00:00:00,True,0.848077,True
2025-01-25 00:00:00,002671,预测中,已明说不会亏,预告,2024年度业绩预告（预增）,2025-01-25 00:00:00,False,0.448961,True
2025-01-25 00:00:00,002691,预测中,已明说会亏,预告,2024年度业绩预告（续亏）,2025-01-25 00:00:00,False,0.174056,True
2025-01-25 00:00:00,002707,预测中,已明说不会亏,预告,2024年度业绩预告（预增）,2025-01-25 00:00:00,False,0.150061,True
2025-01-25 00:00:00,002712,预测中,已明说会亏,预告,2024年度业绩预告（减亏）,2025-01-25 00:00:00,False,0.546485,True
2025-01-25 00:00:00,002713,预测中,已明说会亏,预告,2024年度业绩预告（增亏）,2025-01-25 00:00:00,False,0.56601,True
2025-01-25 00:00:00,002721,预测中,已明说不会亏,预告,2024年度业绩预告（预减）,2025-01-25 00:00:00,False,0.334221,True
2025-01-25 00:00:00,002725,预测中,已明说不会亏,预告,2024年度业绩预告（扭亏）,2025-01-25 00:00:00,False,0.160687,True
2025-01-25 00:00:00,002726,预测中,已明说不会亏,预告,2024年度业绩预告（扭亏）,2025-01-25 00:00:00,False,0.535048,True
2025-01-25 00:00:00,002728,预测中,已明说不会亏,预告,2024年度业绩预告（预减）,2025-01-25 00:00:00,False,0.086584,True
2025-01-25 00:00:00,002731,预测中,已明说不会亏,预告,2024年度业绩预告（预增）,2025-01-25 00:00:00,False,0.036635,True
2025-01-25 00:00:00,002741,预测中,已明说会亏,预告,2024年度业绩预告（减亏）,2025-01-25 00:00:00,False,0.253153,True
2025-01-25 00:00:00,002747,预测中,已明说会亏,预告,2024年度业绩预告（首亏）,2025-01-25 00:00:00,False,0.33013,True
2025-01-25 00:00:00,002763,预测中,已明说不会亏,预告,2024年度业绩预告（预减）,2025-01-25 00:00:00,False,0.039341,True
2025-01-25 00:00:00,002769,预测中,已明说会亏,预告,2024年度业绩预告（续亏）,2025-01-25 00:00:00,True,0.823514,True
2025-01-25 00:00:00,002780,预测中,已明说会亏,预告,2024年度业绩预告（首亏）,2025-01-25 00:00:00,False,0.591885,True
2025-01-25 00:00:00,002786,预测中,已明说会亏,预告,2024年度业绩预告（首亏）,2025-01-25 00:00:00,True,0.679324,True
2025-01-25 00:00:00,002793,预测中,已明说会亏,预告,2024年度业绩预告（增亏）,2025-01-25 00:00:00,True,0.673069,True
2025-01-25 00:00:00,002796,预测中,已明说不会亏,预告,2024年度业绩预告（扭亏）,2025-01-25 00:00:00,False,0.395531,True
2025-01-25 00:00:00,002798,预测中,已明说会亏,预告,2024年度业绩预告（减亏）,2025-01-25 00:00:00,True,0.693339,True
2025-01-25 00:00:00,002799,预测中,已明说会亏,预告,2024年度业绩预告（减亏）,2025-01-25 00:00:00,False,0.071287,True
2025-01-25 00:00:00,002858,预测中,已明说会亏,预告,2024年度业绩预告（减亏）,2025-01-25 00:00:00,False,0.034239,True
2025-01-25 00:00:00,002876,预测中,已明说不会亏,预告,2024年度业绩预告（预增）,2025-01-25 00:00:00,False,0.13176,True
2025-01-25 00:00:00,002878,预测中,已明说会亏,预告,2024年度业绩预告（首亏）,2025-01-25 00:00:00,False,0.488429,True
2025-01-25 00:00:00,002908,预测中,已明说不会亏,预告,2024年度业绩预告（预减）,2025-01-25 00:00:00,False,0.046352,True
2025-01-25 00:00:00,002950,预测中,已明说不会亏,预告,2024年度业绩预告（预增）,2025-01-25 00:00:00,False,0.070498,True
2025-01-25 00:00:00,002951,预测中,已明说会亏,预告,2024年度业绩预告（减亏）,2025-01-25 00:00:00,True,0.717576,True
2025-01-25 00:00:00,002963,预测中,已明说会亏,预告,2024年度业绩预告（首亏）,2025-01-25 00:00:00,False,0.294021,True
2025-01-25 00:00:00,002975,预测中,已明说不会亏,预告,2024年度业绩预告（扭亏）,2025-01-25 00:00:00,False,0.175859,True
2025-01-25 00:00:00,002976,预测中,已明说会亏,预告,2024年度业绩预告（首亏）,2025-01-25 00:00:00,False,0.511062,True
2025-01-25 00:00:00,002982,预测中,已明说不会亏,预告,2024年度业绩预告（扭亏）,2025-01-25 00:00:00,False,0.197842,True
2025-01-25 00:00:00,003005,预测中,已明说不会亏,预告,2024年度业绩预告（预增）,2025-01-25 00:00:00,False,0.621363,True
2025-01-25 00:00:00,003009,预测中,已明说不会亏,预告,2024年度业绩预告（预减）,2025-01-25 00:00:00,False,0.033558,True
2025-01-25 00:00:00,003016,预测中,已明说会亏,预告,2024年度业绩预告（首亏）,2025-01-25 00:00:00,False,0.65704,True
2025-01-25 00:00:00,003026,预测中,已明说不会亏,预告,2024年度业绩预告（扭亏）,2025-01-25 00:00:00,False,0.150382,True
2025-01-25 00:00:00,003032,预测中,已明说会亏,预告,2024年度业绩预告（首亏）,2025-01-25 00:00:00,True,0.721853,True
2025-01-25 00:00:00,300087,预测中,已明说不会亏,预告,2024年度业绩预告（预减）,2025-01-25 00:00:00,False,0.068553,True
2025-01-25 00:00:00,300313,预测中,已明说会亏,预告,2024年度业绩预告（增亏）,2025-01-25 00:00:00,False,0.601003,True
2025-01-25 00:00:00,300420,预测中,已明说会亏,预告,2024年度业绩预告（首亏）,2025-01-25 00:00:00,False,0.154822,True
2025-01-25 00:00:00,300483,预测中,已明说会亏,预告,2024年度业绩预告（增亏）,2025-01-25 00:00:00,False,0.540638,True
2025-01-25 00:00:00,300540,预测中,已明说不会亏,预告,2024年度业绩预告（预增）,2025-01-25 00:00:00,False,0.202124,True
2025-01-25 00:00:00,300542,预测中,已明说会亏,预告,2024年度业绩预告（首亏）,2025-01-25 00:00:00,False,0.087498,True
2025-01-25 00:00:00,300582,预测中,已明说不会亏,预告,2024年度业绩预告（扭亏）,2025-01-25 00:00:00,False,0.185559,True
2025-01-25 00:00:00,300600,预测中,已明说会亏,预告,2024年度业绩预告（增亏）,2025-01-25 00:00:00,False,0.305301,True
2025-01-25 00:00:00,300687,预测中,已明说不会亏,预告,2024年度业绩预告（预减）,2025-01-25 00:00:00,False,0.040754,True
2025-01-25 00:00:00,300779,预测中,已明说不会亏,预告,2024年度业绩预告（预减）,2025-01-25 00:00:00,False,0.065449,True
2025-01-25 00:00:00,300904,预测中,已明说会亏,预告,2024年度业绩预告（首亏）,2025-01-25 00:00:00,False,0.520327,True
2025-01-25 00:00:00,301288,预测中,已明说会亏,预告,2024年度业绩预告（首亏）,2025-01-25 00:00:00,False,0.653821,True
2025-01-25 00:00:00,600029,预测中,已明说会亏,预告,2024年度业绩预告（减亏）,2025-01-25 00:00:00,False,0.143675,True
2025-01-25 00:00:00,600056,预测中,已明说不会亏,预告,2024年度业绩预告（预减）,2025-01-25 00:00:00,False,0.031857,True
2025-01-25 00:00:00,600104,预测中,已明说不会亏,预告,2024年度业绩预告（预减）,2025-01-25 00:00:00,False,0.040423,True
2025-01-25 00:00:00,600110,预测中,已明说会亏,预告,2024年度业绩预告（首亏）,2025-01-25 00:00:00,True,0.659404,True
2025-01-25 00:00:00,600115,预测中,已明说会亏,预告,2024年度业绩预告（减亏）,2025-01-25 00:00:00,True,0.760819,True
2025-01-25 00:00:00,600150,预测中,已明说不会亏,预告,2024年度业绩预告（略增）,2025-01-25 00:00:00,False,0.042713,True
2025-01-25 00:00:00,600153,预测中,已明说不会亏,预告,2024年度业绩预告（预减）,2025-01-25 00:00:00,False,0.012928,True
2025-01-25 00:00:00,600155,预测中,已明说不会亏,预告,2024年度业绩预告（预减）,2025-01-25 00:00:00,False,0.08945,True
2025-01-25 00:00:00,600156,预测中,已明说会亏,预告,2024年度业绩预告（首亏）,2025-01-25 00:00:00,True,0.847458,True
2025-01-25 00:00:00,600166,预测中,已明说不会亏,预告,2024年度业绩预告（预减）,2025-01-25 00:00:00,False,0.085993,True
2025-01-25 00:00:00,600172,预测中,已明说会亏,预告,2024年度业绩预告（增亏）,2025-01-25 00:00:00,True,0.789749,True
2025-01-25 00:00:00,600229,预测中,已明说不会亏,预告,2024年度业绩预告（预减）,2025-01-25 00:00:00,False,0.004802,True
2025-01-25 00:00:00,600234,预测中,已明说不会亏,预告,2024年度业绩预告（扭亏）,2025-01-25 00:00:00,True,0.693575,True
2025-01-25 00:00:00,600252,预测中,已明说会亏,预告,2024年度业绩预告（首亏）,2025-01-25 00:00:00,False,0.093044,True
2025-01-25 00:00:00,600265,预测中,已明说会亏,预告,2024年度业绩预告（首亏）,2025-01-25 00:00:00,False,0.479261,True
2025-01-25 00:00:00,600280,预测中,已明说会亏,预告,2024年度业绩预告（续亏）,2025-01-25 00:00:00,True,0.662269,True
2025-01-25 00:00:00,600315,预测中,已明说会亏,预告,2024年度业绩预告（首亏）,2025-01-25 00:00:00,False,0.041565,True
2025-01-25 00:00:00,600322,预测中,已明说会亏,预告,2024年度业绩预告（首亏）,2025-01-25 00:00:00,True,0.882133,True
2025-01-25 00:00:00,600331,预测中,已明说不会亏,预告,2024年度业绩预告（扭亏）,2025-01-25 00:00:00,False,0.555256,True
2025-01-25 00:00:00,600338,预测中,已明说不会亏,预告,2024年度业绩预告（扭亏）,2025-01-25 00:00:00,False,0.636316,True
2025-01-25 00:00:00,600365,预测中,已明说会亏,预告,2024年度业绩预告（减亏）,2025-01-25 00:00:00,False,0.586151,True
2025-01-25 00:00:00,600388,预测中,已明说不会亏,预告,2024年度业绩预告（预增）,2025-01-25 00:00:00,False,0.019123,True
2025-01-25 00:00:00,600418,预测中,已明说会亏,预告,2024年度业绩预告（首亏）,2025-01-25 00:00:00,False,0.179689,True
2025-01-25 00:00:00,600468,预测中,已明说会亏,预告,2024年度业绩预告（首亏）,2025-01-25 00:00:00,False,0.022176,True
2025-01-25 00:00:00,600490,预测中,已明说会亏,预告,2024年度业绩预告（续亏）,2025-01-25 00:00:00,False,0.29989,True
2025-01-25 00:00:00,600530,预测中,已明说不会亏,预告,2024年度业绩预告（扭亏）,2025-01-25 00:00:00,False,0.626272,True
2025-01-25 00:00:00,600533,预测中,已明说会亏,预告,2024年度业绩预告（增亏）,2025-01-25 00:00:00,False,0.358753,True
2025-01-25 00:00:00,600548,预测中,已明说不会亏,预告,2024年度业绩预告（略减）,2025-01-25 00:00:00,False,0.003624,True
2025-01-25 00:00:00,600596,预测中,已明说不会亏,预告,2024年度业绩预告（预减）,2025-01-25 00:00:00,False,0.147873,True
2025-01-25 00:00:00,600655,预测中,已明说不会亏,预告,2024年度业绩预告（预减）,2025-01-25 00:00:00,False,0.137311,True
2025-01-25 00:00:00,600665,预测中,已明说会亏,预告,2024年度业绩预告（增亏）,2025-01-25 00:00:00,False,0.463702,True
2025-01-25 00:00:00,600671,预测中,已明说不会亏,预告,2024年度业绩预告（扭亏）,2025-01-25 00:00:00,True,0.708737,True
2025-01-25 00:00:00,600679,预测中,已明说会亏,预告,2024年度业绩预告（首亏）,2025-01-25 00:00:00,False,0.046207,True
2025-01-25 00:00:00,600686,预测中,已明说不会亏,预告,2024年度业绩预告（预增）,2025-01-25 00:00:00,False,0.121319,True
2025-01-25 00:00:00,600688,预测中,已明说不会亏,预告,2024年度业绩预告（扭亏）,2025-01-25 00:00:00,False,0.072759,True
2025-01-25 00:00:00,600692,预测中,已明说不会亏,预告,2024年度业绩预告（预增）,2025-01-25 00:00:00,False,0.188845,True
2025-01-25 00:00:00,600697,预测中,已明说会亏,预告,2024年度业绩预告（首亏）,2025-01-25 00:00:00,False,0.348088,True
2025-01-25 00:00:00,600732,预测中,已明说会亏,预告,2024年度业绩预告（首亏）,2025-01-25 00:00:00,False,0.220304,True
2025-01-25 00:00:00,600733,预测中,已明说会亏,预告,2024年度业绩预告（增亏）,2025-01-25 00:00:00,True,0.844088,True
2025-01-25 00:00:00,600735,预测中,已明说会亏,预告,2024年度业绩预告（首亏）,2025-01-25 00:00:00,False,0.14867,True
2025-01-25 00:00:00,600759,预测中,已明说不会亏,预告,2024年度业绩预告（预减）,2025-01-25 00:00:00,False,0.051666,True
2025-01-25 00:00:00,600779,预测中,已明说不会亏,预告,2024年度业绩预告（略增）,2025-01-25 00:00:00,False,0.005644,True
2025-01-25 00:00:00,600793,预测中,已明说会亏,预告,2024年度业绩预告（增亏）,2025-01-25 00:00:00,False,0.148729,True
2025-01-25 00:00:00,600807,预测中,已明说会亏,预告,2024年度业绩预告（增亏）,2025-01-25 00:00:00,True,0.823544,True
2025-01-25 00:00:00,600808,预测中,已明说会亏,预告,2024年度业绩预告（增亏）,2025-01-25 00:00:00,False,0.274305,True
2025-01-25 00:00:00,600841,预测中,已明说会亏,预告,2024年度业绩预告（减亏）,2025-01-25 00:00:00,False,0.642519,True
2025-01-25 00:00:00,600869,预测中,已明说会亏,预告,2024年度业绩预告（首亏）,2025-01-25 00:00:00,False,0.085615,True
2025-01-25 00:00:00,600984,预测中,已明说会亏,预告,2024年度业绩预告（增亏）,2025-01-25 00:00:00,True,0.849396,True
2025-01-25 00:00:00,601002,预测中,已明说不会亏,预告,2024年度业绩预告（扭亏）,2025-01-25 00:00:00,False,0.471942,True
2025-01-25 00:00:00,601156,预测中,已明说不会亏,预告,2024年度业绩预告（略增）,2025-01-25 00:00:00,False,0.006026,True
2025-01-25 00:00:00,601162,预测中,已明说会亏,预告,2024年度业绩预告（不确定）,2025-01-25 00:00:00,False,0.586698,True
2025-01-25 00:00:00,601279,预测中,已明说不会亏,预告,2024年度业绩预告（预减）,2025-01-25 00:00:00,False,0.117902,True
2025-01-25 00:00:00,601319,预测中,已明说不会亏,预告,2024年度业绩预告（预增）,2025-01-25 00:00:00,False,0.010721,True
2025-01-25 00:00:00,601628,预测中,已明说不会亏,预告,2024年度业绩预告（预增）,2025-01-25 00:00:00,False,0.002602,True
2025-01-25 00:00:00,601700,预测中,已明说不会亏,预告,2024年度业绩预告（预增）,2025-01-25 00:00:00,False,0.13926,True
2025-01-25 00:00:00,601718,预测中,已明说会亏,预告,2024年度业绩预告（首亏）,2025-01-25 00:00:00,False,0.45171,True
2025-01-25 00:00:00,601991,预测中,已明说不会亏,预告,2024年度业绩预告（预增）,2025-01-25 00:00:00,False,0.330167,True
2025-01-25 00:00:00,603030,预测中,已明说会亏,预告,2024年度业绩预告（首亏）,2025-01-25 00:00:00,True,0.678886,True
2025-01-25 00:00:00,603033,预测中,已明说会亏,预告,2024年度业绩预告（首亏）,2025-01-25 00:00:00,False,0.111418,True
2025-01-25 00:00:00,603066,预测中,已明说不会亏,预告,2024年度业绩预告（预减）,2025-01-25 00:00:00,False,0.029912,True
2025-01-25 00:00:00,603069,预测中,已明说会亏,预告,2024年度业绩预告（续亏）,2025-01-25 00:00:00,False,0.218487,True
2025-01-25 00:00:00,603085,预测中,已明说会亏,预告,2024年度业绩预告（首亏）,2025-01-25 00:00:00,False,0.38507,True
2025-01-25 00:00:00,603117,预测中,已明说不会亏,预告,2024年度业绩预告（扭亏）,2025-01-25 00:00:00,False,0.323905,True
2025-01-25 00:00:00,603127,预测中,已明说不会亏,预告,2024年度业绩预告（预减）,2025-01-25 00:00:00,True,0.692843,True
2025-01-25 00:00:00,603188,预测中,已明说会亏,预告,2024年度业绩预告（减亏）,2025-01-25 00:00:00,False,0.301799,True
2025-01-25 00:00:00,603313,预测中,已明说会亏,预告,2024年度业绩预告（首亏）,2025-01-25 00:00:00,False,0.198784,True
2025-01-25 00:00:00,603348,预测中,已明说不会亏,预告,2024年度业绩预告（预增）,2025-01-25 00:00:00,False,0.066593,True
2025-01-25 00:00:00,603559,预测中,已明说会亏,预告,2024年度业绩预告（续亏）,2025-01-25 00:00:00,True,0.752559,True
2025-01-25 00:00:00,603586,预测中,已明说不会亏,预告,2024年度业绩预告（略减）,2025-01-25 00:00:00,False,0.071105,True
2025-01-25 00:00:00,603608,预测中,已明说会亏,预告,2024年度业绩预告（增亏）,2025-01-25 00:00:00,False,0.61879,True
2025-01-25 00:00:00,603616,预测中,已明说会亏,预告,2024年度业绩预告（减亏）,2025-01-25 00:00:00,False,0.409821,True
2025-01-25 00:00:00,603699,预测中,已明说不会亏,预告,2024年度业绩预告（预增）,2025-01-25 00:00:00,False,0.003829,True
2025-01-25 00:00:00,603701,预测中,已明说不会亏,预告,2024年度业绩预告（预增）,2025-01-25 00:00:00,False,0.135211,True
2025-01-25 00:00:00,603707,预测中,已明说不会亏,预告,2024年度业绩预告（扭亏）,2025-01-25 00:00:00,False,0.150668,True
2025-01-25 00:00:00,603808,预测中,已明说会亏,预告,2024年度业绩预告（首亏）,2025-01-25 00:00:00,False,0.370704,True
2025-01-25 00:00:00,603809,预测中,已明说不会亏,预告,2024年度业绩预告（预增）,2025-01-25 00:00:00,False,0.023844,True
2025-01-25 00:00:00,603810,预测中,已明说会亏,预告,2024年度业绩预告（续亏）,2025-01-25 00:00:00,False,0.526841,True
2025-01-25 00:00:00,603813,预测中,已明说会亏,预告,2024年度业绩预告（增亏）,2025-01-25 00:00:00,True,0.660538,True
2025-01-25 00:00:00,603818,预测中,已明说会亏,预告,2024年度业绩预告（减亏）,2025-01-25 00:00:00,False,0.328857,True
2025-01-25 00:00:00,603869,预测中,已明说不会亏,预告,2024年度业绩预告（扭亏）,2025-01-25 00:00:00,False,0.39722,True
2025-01-25 00:00:00,603882,预测中,已明说会亏,预告,2024年度业绩预告（首亏）,2025-01-25 00:00:00,False,0.42622,True
2025-01-25 00:00:00,603895,预测中,已明说会亏,预告,2024年度业绩预告（增亏）,2025-01-25 00:00:00,False,0.480815,True
2025-01-25 00:00:00,603900,预测中,已明说会亏,预告,2024年度业绩预告（增亏）,2025-01-25 00:00:00,True,0.725605,True
2025-01-25 00:00:00,603955,预测中,已明说不会亏,预告,2024年度业绩预告（扭亏）,2025-01-25 00:00:00,False,0.273023,True
2025-01-25 00:00:00,603968,预测中,已明说会亏,预告,2024年度业绩预告（首亏）,2025-01-25 00:00:00,False,0.521465,True
2025-01-25 00:00:00,603997,预测中,已明说会亏,预告,2024年度业绩预告（首亏）,2025-01-25 00:00:00,False,0.185257,True
2025-01-25 00:00:00,605068,预测中,已明说会亏,预告,2024年度业绩预告（首亏）,2025-01-25 00:00:00,False,0.401464,True
2025-01-25 00:00:00,605228,预测中,已明说会亏,预告,2024年度业绩预告（首亏）,2025-01-25 00:00:00,False,0.057719,True
2025-01-25 00:00:00,605376,预测中,已明说不会亏,预告,2024年度业绩预告（扭亏）,2025-01-25 00:00:00,False,0.045217,True
2025-01-25 00:00:00,688004,预测中,已明说会亏,预告,2024年度业绩预告（减亏）,2025-01-25 00:00:00,True,0.75909,True
2025-01-25 00:00:00,688006,预测中,已明说不会亏,预告,2024年度业绩预告（预减）,2025-01-25 00:00:00,False,0.006714,True
2025-01-25 00:00:00,688022,预测中,已明说会亏,预告,2024年度业绩预告（增亏）,2025-01-25 00:00:00,False,0.480846,True
2025-01-25 00:00:00,688031,预测中,已明说会亏,预告,2024年度业绩预告（增亏）,2025-01-25 00:00:00,True,0.904478,True
2025-01-25 00:00:00,688033,预测中,已明说会亏,预告,2024年度业绩预告（首亏）,2025-01-25 00:00:00,True,0.743547,True
2025-01-25 00:00:00,688053,预测中,已明说会亏,预告,2024年度业绩预告（首亏）,2025-01-25 00:00:00,False,0.226717,True
2025-01-25 00:00:00,688066,预测中,已明说会亏,预告,2024年度业绩预告（增亏）,2025-01-25 00:00:00,True,0.696174,True
2025-01-25 00:00:00,688069,预测中,已明说会亏,预告,2024年度业绩预告（增亏）,2025-01-25 00:00:00,False,0.576917,True
2025-01-25 00:00:00,688071,预测中,已明说会亏,预告,2024年度业绩预告（增亏）,2025-01-25 00:00:00,True,0.85904,True
2025-01-25 00:00:00,688076,预测中,已明说不会亏,预告,2024年度业绩预告（预增）,2025-01-25 00:00:00,False,0.020082,True
2025-01-25 00:00:00,688077,预测中,已明说不会亏,预告,2024年度业绩预告（扭亏）,2025-01-25 00:00:00,False,0.071195,True
2025-01-25 00:00:00,688095,预测中,已明说不会亏,预告,2024年度业绩预告（扭亏）,2025-01-25 00:00:00,False,0.654956,True
2025-01-25 00:00:00,688103,预测中,已明说不会亏,预告,2024年度业绩预告（预减）,2025-01-25 00:00:00,False,0.049295,True
2025-01-25 00:00:00,688108,预测中,已明说会亏,预告,2024年度业绩预告（不确定）,2025-01-25 00:00:00,False,0.440879,True
2025-01-25 00:00:00,688119,预测中,已明说会亏,预告,2024年度业绩预告（首亏）,2025-01-25 00:00:00,False,0.542501,True
2025-01-25 00:00:00,688131,预测中,已明说不会亏,预告,2024年度业绩预告（预增）,2025-01-25 00:00:00,False,0.151023,True
2025-01-25 00:00:00,688133,预测中,已明说不会亏,预告,2024年度业绩预告（预减）,2025-01-25 00:00:00,False,0.330132,True
2025-01-25 00:00:00,688135,预测中,已明说会亏,预告,2024年度业绩预告（首亏）,2025-01-25 00:00:00,False,0.214481,True
2025-01-25 00:00:00,688148,预测中,已明说会亏,预告,2024年度业绩预告（减亏）,2025-01-25 00:00:00,False,0.275866,True
2025-01-25 00:00:00,688152,预测中,已明说不会亏,预告,2024年度业绩预告（扭亏）,2025-01-25 00:00:00,True,0.771922,True
2025-01-25 00:00:00,688158,预测中,已明说会亏,预告,2024年度业绩预告（减亏）,2025-01-25 00:00:00,False,0.383954,True
2025-01-25 00:00:00,688159,预测中,已明说不会亏,预告,2024年度业绩预告（扭亏）,2025-01-25 00:00:00,False,0.087009,True
2025-01-25 00:00:00,688165,预测中,已明说会亏,预告,2024年度业绩预告（增亏）,2025-01-25 00:00:00,True,0.719919,True
2025-01-25 00:00:00,688168,预测中,已明说会亏,预告,2024年度业绩预告（首亏）,2025-01-25 00:00:00,True,0.847735,True
2025-01-25 00:00:00,688173,预测中,已明说会亏,预告,2024年度业绩预告（增亏）,2025-01-25 00:00:00,True,0.825125,True
2025-01-25 00:00:00,688184,预测中,已明说会亏,预告,2024年度业绩预告（增亏）,2025-01-25 00:00:00,True,0.689805,True
2025-01-25 00:00:00,688229,预测中,已明说会亏,预告,2024年度业绩预告（增亏）,2025-01-25 00:00:00,True,0.710494,True
2025-01-25 00:00:00,688233,预测中,已明说不会亏,预告,2024年度业绩预告（扭亏）,2025-01-25 00:00:00,False,0.093236,True
2025-01-25 00:00:00,688236,预测中,已明说不会亏,预告,2024年度业绩预告（预减）,2025-01-25 00:00:00,False,0.018601,True
2025-01-25 00:00:00,688237,预测中,已明说不会亏,预告,2024年度业绩预告（扭亏）,2025-01-25 00:00:00,False,0.093722,True
2025-01-25 00:00:00,688260,预测中,已明说会亏,预告,2024年度业绩预告（减亏）,2025-01-25 00:00:00,True,0.807779,True
2025-01-25 00:00:00,688275,预测中,已明说会亏,预告,2024年度业绩预告（减亏）,2025-01-25 00:00:00,True,0.737471,True
2025-01-25 00:00:00,688277,预测中,已明说会亏,预告,2024年度业绩预告（减亏）,2025-01-25 00:00:00,True,0.836523,True
2025-01-25 00:00:00,688306,预测中,已明说不会亏,预告,2024年度业绩预告（扭亏）,2025-01-25 00:00:00,False,0.496704,True
2025-01-25 00:00:00,688316,预测中,已明说会亏,预告,2024年度业绩预告（减亏）,2025-01-25 00:00:00,True,0.750406,True
2025-01-25 00:00:00,688328,预测中,已明说会亏,预告,2024年度业绩预告（减亏）,2025-01-25 00:00:00,True,0.859041,True
2025-01-25 00:00:00,688351,预测中,已明说不会亏,预告,2024年度业绩预告（预增）,2025-01-25 00:00:00,False,0.162399,True
2025-01-25 00:00:00,688363,预测中,已明说不会亏,预告,2024年度业绩预告（预减）,2025-01-25 00:00:00,False,0.007985,True
2025-01-25 00:00:00,688369,预测中,已明说会亏,预告,2024年度业绩预告（增亏）,2025-01-25 00:00:00,True,0.774416,True
2025-01-25 00:00:00,688380,预测中,已明说不会亏,预告,2024年度业绩预告（扭亏）,2025-01-25 00:00:00,False,0.052002,True
2025-01-25 00:00:00,688390,预测中,已明说会亏,预告,2024年度业绩预告（首亏）,2025-01-25 00:00:00,False,0.080501,True
2025-01-25 00:00:00,688399,预测中,已明说会亏,预告,2024年度业绩预告（减亏）,2025-01-25 00:00:00,False,0.046159,True
2025-01-25 00:00:00,688418,预测中,已明说不会亏,预告,2024年度业绩预告（扭亏）,2025-01-25 00:00:00,False,0.126082,True
2025-01-25 00:00:00,688499,预测中,已明说会亏,预告,2024年度业绩预告（增亏）,2025-01-25 00:00:00,True,0.816105,True
2025-01-25 00:00:00,688519,预测中,已明说不会亏,预告,2024年度业绩预告（扭亏）,2025-01-25 00:00:00,False,0.074665,True
2025-01-25 00:00:00,688522,预测中,已明说不会亏,预告,2024年度业绩预告（略增）,2025-01-25 00:00:00,False,0.090584,True
2025-01-25 00:00:00,688553,预测中,已明说不会亏,预告,2024年度业绩预告（预增）,2025-01-25 00:00:00,False,0.049233,True
2025-01-25 00:00:00,688556,预测中,已明说会亏,预告,2024年度业绩预告（首亏）,2025-01-25 00:00:00,False,0.010906,True
2025-01-25 00:00:00,688559,预测中,已明说会亏,预告,2024年度业绩预告（首亏）,2025-01-25 00:00:00,False,0.048589,True
2025-01-25 00:00:00,688567,预测中,已明说会亏,预告,2024年度业绩预告（减亏）,2025-01-25 00:00:00,False,0.380158,True
2025-01-25 00:00:00,688598,预测中,已明说会亏,预告,2024年度业绩预告（首亏）,2025-01-25 00:00:00,True,0.665181,True
2025-01-25 00:00:00,688599,预测中,已明说会亏,预告,2024年度业绩预告（首亏）,2025-01-25 00:00:00,False,0.009705,True
2025-01-25 00:00:00,688613,预测中,已明说会亏,预告,2024年度业绩预告（首亏）,2025-01-25 00:00:00,False,0.120771,True
2025-01-25 00:00:00,688618,预测中,已明说不会亏,预告,2024年度业绩预告（预减）,2025-01-25 00:00:00,False,0.005175,True
2025-01-25 00:00:00,688620,预测中,已明说会亏,预告,2024年度业绩预告（首亏）,2025-01-25 00:00:00,False,0.298229,True
2025-01-25 00:00:00,688622,预测中,已明说会亏,预告,2024年度业绩预告（减亏）,2025-01-25 00:00:00,False,0.625155,True
2025-01-25 00:00:00,688638,预测中,已明说会亏,预告,2024年度业绩预告（首亏）,2025-01-25 00:00:00,True,0.679806,True
2025-01-25 00:00:00,688653,预测中,已明说会亏,预告,2024年度业绩预告（首亏）,2025-01-25 00:00:00,True,0.701056,True
2025-01-25 00:00:00,688693,预测中,已明说会亏,预告,2024年度业绩预告（首亏）,2025-01-25 00:00:00,True,0.739023,True
2025-01-25 00:00:00,688711,预测中,已明说会亏,预告,2024年度业绩预告（首亏）,2025-01-25 00:00:00,False,0.11281,True
2025-01-25 00:00:00,688728,预测中,已明说不会亏,预告,2024年度业绩预告（预增）,2025-01-25 00:00:00,False,0.11917,True
2025-01-25 00:00:00,688733,预测中,已明说不会亏,预告,2024年度业绩预告（预减）,2025-01-25 00:00:00,True,0.838721,True
2025-01-25 00:00:00,688779,预测中,已明说会亏,预告,2024年度业绩预告（增亏）,2025-01-25 00:00:00,False,0.246598,True
2025-01-25 00:00:00,688787,预测中,已明说不会亏,预告,2024年度业绩预告（扭亏）,2025-01-25 00:00:00,False,0.422799,True
2025-01-25 00:00:00,689009,预测中,已明说不会亏,预告,2024年度业绩预告（预增）,2025-01-25 00:00:00,False,0.002571,True
2025-01-27 00:00:00,000002,预测中,已明说会亏,预告,2024年度业绩预告（首亏）,2025-01-27 00:00:00,False,0.260077,True
2025-01-27 00:00:00,000016,预测中,已明说会亏,预告,2024年度业绩预告（增亏）,2025-01-27 00:00:00,True,0.823184,True
2025-01-27 00:00:00,000607,预测中,已明说会亏,预告,2024年度业绩预告（首亏）,2025-01-27 00:00:00,False,0.308755,True
2025-01-27 00:00:00,002031,预测中,已明说会亏,预告,2024年度业绩预告（增亏）,2025-01-27 00:00:00,True,0.798824,True
2025-01-27 00:00:00,002575,预测中,已明说会亏,预告,2024年度业绩预告（首亏）,2025-01-27 00:00:00,False,0.256429,True
2025-01-27 00:00:00,002840,预测中,已明说不会亏,预告,2024年度业绩预告（扭亏）,2025-01-27 00:00:00,True,0.746701,True
2025-01-27 00:00:00,300008,预测中,已明说不会亏,预告,2024年度业绩预告（预增）,2025-01-27 00:00:00,False,0.094183,True
2025-01-27 00:00:00,300041,预测中,已明说不会亏,预告,2024年度业绩预告（预减）,2025-01-27 00:00:00,False,0.016696,True
2025-01-27 00:00:00,300094,预测中,已明说会亏,预告,2024年度业绩预告（续亏）,2025-01-27 00:00:00,False,0.551179,True
2025-01-27 00:00:00,300166,预测中,已明说不会亏,预告,2024年度业绩预告（扭亏）,2025-01-27 00:00:00,False,0.486005,True
2025-01-27 00:00:00,300197,预测中,已明说会亏,预告,2024年度业绩预告（增亏）,2025-01-27 00:00:00,True,0.913499,True
2025-01-27 00:00:00,300450,预测中,已明说不会亏,预告,2024年度业绩预告（预减）,2025-01-27 00:00:00,False,0.05605,True
2025-01-27 00:00:00,300472,预测中,已明说会亏,预告,2024年度业绩预告（增亏）,2025-01-27 00:00:00,True,0.84171,True
2025-01-27 00:00:00,300486,预测中,已明说会亏,预告,2024年度业绩预告（续亏）,2025-01-27 00:00:00,True,0.691905,True
2025-01-27 00:00:00,300511,预测中,已明说会亏,预告,2024年度业绩预告（增亏）,2025-01-27 00:00:00,False,0.333507,True
2025-01-27 00:00:00,300523,预测中,已明说会亏,预告,2024年度业绩预告（首亏）,2025-01-27 00:00:00,True,0.664126,True
2025-01-27 00:00:00,300560,预测中,已明说会亏,预告,2024年度业绩预告（增亏）,2025-01-27 00:00:00,False,0.454028,True
2025-01-27 00:00:00,300675,预测中,已明说不会亏,预告,2024年度业绩预告（预减）,2025-01-27 00:00:00,False,0.174521,True
2025-01-27 00:00:00,300775,预测中,已明说不会亏,预告,2024年度业绩预告（预减）,2025-01-27 00:00:00,False,0.005823,True
2025-01-27 00:00:00,300821,预测中,已明说不会亏,预告,2024年度业绩预告（扭亏）,2025-01-27 00:00:00,False,0.117534,True
2025-01-27 00:00:00,300826,预测中,已明说不会亏,预告,2024年度业绩预告（预减）,2025-01-27 00:00:00,False,0.074034,True
2025-01-27 00:00:00,300894,预测中,已明说不会亏,预告,2024年度业绩预告（预减）,2025-01-27 00:00:00,False,0.007452,True
2025-01-27 00:00:00,301002,预测中,已明说会亏,预告,2024年度业绩预告（首亏）,2025-01-27 00:00:00,False,0.058929,True
2025-01-27 00:00:00,301032,预测中,已明说不会亏,预告,2024年度业绩预告（预增）,2025-01-27 00:00:00,False,0.116001,True
2025-01-27 00:00:00,600300,预测中,已明说不会亏,预告,2024年度业绩预告（预增）,2025-01-27 00:00:00,False,0.018861,True
2025-01-27 00:00:00,600329,预测中,已明说不会亏,预告,2024年度业绩预告（预增）,2025-01-27 00:00:00,False,0.017676,True
2025-01-27 00:00:00,600366,预测中,已明说不会亏,预告,2024年度业绩预告（扭亏）,2025-01-27 00:00:00,False,0.139868,True
2025-01-27 00:00:00,600383,预测中,已明说会亏,预告,2024年度业绩预告（首亏）,2025-01-27 00:00:00,True,0.724042,True
2025-01-27 00:00:00,600428,预测中,已明说不会亏,预告,2024年度业绩预告（略增）,2025-01-27 00:00:00,False,0.014137,True
2025-01-27 00:00:00,600547,预测中,已明说不会亏,预告,2024年度业绩预告（略增）,2025-01-27 00:00:00,False,0.016384,True
2025-01-27 00:00:00,600606,预测中,已明说会亏,预告,2024年度业绩预告（增亏）,2025-01-27 00:00:00,False,0.569842,True
2025-01-27 00:00:00,600673,预测中,已明说不会亏,预告,2024年度业绩预告（扭亏）,2025-01-27 00:00:00,False,0.094335,True
2025-01-27 00:00:00,600707,预测中,已明说不会亏,预告,2024年度业绩预告（预增）,2025-01-27 00:00:00,False,0.073131,True
2025-01-27 00:00:00,600730,预测中,已明说不会亏,预告,2024年度业绩预告（扭亏）,2025-01-27 00:00:00,False,0.160652,True
2025-01-27 00:00:00,600758,预测中,已明说不会亏,预告,2024年度业绩预告（预增）,2025-01-27 00:00:00,False,0.250809,True
2025-01-27 00:00:00,600789,预测中,已明说不会亏,预告,2024年度业绩预告（预增）,2025-01-27 00:00:00,False,0.019647,True
2025-01-27 00:00:00,600882,预测中,已明说不会亏,预告,2024年度业绩预告（预增）,2025-01-27 00:00:00,False,0.061052,True
2025-01-27 00:00:00,600884,预测中,已明说会亏,预告,2024年度业绩预告（首亏）,2025-01-27 00:00:00,False,0.413169,True
2025-01-27 00:00:00,601068,预测中,已明说不会亏,预告,2024年度业绩预告（扭亏）,2025-01-27 00:00:00,False,0.186484,True
2025-01-27 00:00:00,601069,预测中,已明说不会亏,预告,2024年度业绩预告（扭亏）,2025-01-27 00:00:00,False,0.184983,True
2025-01-27 00:00:00,601233,预测中,已明说不会亏,预告,2024年度业绩预告（预增）,2025-01-27 00:00:00,False,0.038623,True
2025-01-27 00:00:00,601500,预测中,已明说不会亏,预告,2024年度业绩预告（预增）,2025-01-27 00:00:00,False,0.026441,True
2025-01-27 00:00:00,603007,预测中,已明说会亏,预告,2024年度业绩预告（增亏）,2025-01-27 00:00:00,True,0.836456,True
2025-01-27 00:00:00,603106,预测中,已明说不会亏,预告,2024年度业绩预告（扭亏）,2025-01-27 00:00:00,False,0.631962,True
2025-01-27 00:00:00,603177,预测中,已明说不会亏,预告,2024年度业绩预告（扭亏）,2025-01-27 00:00:00,False,0.219114,True
2025-01-27 00:00:00,603221,预测中,已明说不会亏,预告,2024年度业绩预告（预增）,2025-01-27 00:00:00,False,0.023465,True
2025-01-27 00:00:00,603272,预测中,已明说不会亏,预告,2024年度业绩预告（扭亏）,2025-01-27 00:00:00,False,0.576026,True
2025-01-27 00:00:00,603332,预测中,已明说不会亏,预告,2024年度业绩预告（预增）,2025-01-27 00:00:00,False,0.072138,True
2025-01-27 00:00:00,603499,预测中,已明说不会亏,预告,2024年度业绩预告（预增）,2025-01-27 00:00:00,False,0.071252,True
2025-01-27 00:00:00,603601,预测中,已明说不会亏,预告,2024年度业绩预告（预增）,2025-01-27 00:00:00,False,0.175923,True
2025-01-27 00:00:00,603668,预测中,已明说不会亏,预告,2024年度业绩预告（扭亏）,2025-01-27 00:00:00,False,0.254491,True
2025-01-27 00:00:00,603726,预测中,已明说不会亏,预告,2024年度业绩预告（预增）,2025-01-27 00:00:00,False,0.008028,True
2025-01-27 00:00:00,603823,预测中,已明说不会亏,预告,2024年度业绩预告（略增）,2025-01-27 00:00:00,False,0.028195,True
2025-01-27 00:00:00,603861,预测中,已明说不会亏,预告,2024年度业绩预告（预增）,2025-01-27 00:00:00,False,0.103676,True
2025-01-27 00:00:00,603980,预测中,已明说不会亏,预告,2024年度业绩预告（扭亏）,2025-01-27 00:00:00,False,0.079397,True
2025-01-27 00:00:00,688213,预测中,已明说不会亏,预告,2024年度业绩预告（预增）,2025-01-27 00:00:00,False,0.04239,True
2025-01-27 00:00:00,688379,预测中,已明说不会亏,预告,2024年度业绩预告（预增）,2025-01-27 00:00:00,False,0.097295,True
2025-01-27 00:00:00,688685,预测中,已明说不会亏,预告,2024年度业绩预告（预增）,2025-01-27 00:00:00,False,0.048449,True
2025-01-27 00:00:00,688766,预测中,已明说不会亏,预告,2024年度业绩预告（扭亏）,2025-01-27 00:00:00,False,0.011031,True
2025-01-28 00:00:00,000010,预测中,已明说不会亏,预告,2024年度业绩预告（扭亏）,2025-01-28 00:00:00,True,0.817415,True
2025-01-28 00:00:00,000528,预测中,已明说不会亏,预告,2024年度业绩预告（预增）,2025-01-28 00:00:00,False,0.026405,True
2025-01-28 00:00:00,000566,预测中,已明说会亏,预告,2024年度业绩预告（增亏）,2025-01-28 00:00:00,True,0.812683,True
2025-01-28 00:00:00,000567,预测中,已明说不会亏,预告,2024年度业绩预告（预减）,2025-01-28 00:00:00,False,0.026355,True
2025-01-28 00:00:00,000761,预测中,已明说会亏,预告,2024年度业绩预告（增亏）,2025-01-28 00:00:00,True,0.668348,True
2025-01-28 00:00:00,000885,预测中,已明说不会亏,预告,2024年度业绩预告（续盈）,2025-01-28 00:00:00,False,0.008355,True
2025-01-28 00:00:00,000926,预测中,已明说会亏,预告,2024年度业绩预告（首亏）,2025-01-28 00:00:00,False,0.10255,True
2025-01-28 00:00:00,002102,预测中,已明说会亏,预告,2024年度业绩预告（首亏）,2025-01-28 00:00:00,False,0.157581,True
2025-01-28 00:00:00,002141,预测中,已明说会亏,预告,2024年度业绩预告（减亏）,2025-01-28 00:00:00,False,0.391221,True
2025-01-28 00:00:00,002167,预测中,已明说不会亏,预告,2024年度业绩预告（扭亏）,2025-01-28 00:00:00,False,0.579004,True
2025-01-28 00:00:00,002214,预测中,已明说会亏,预告,2024年度业绩预告（增亏）,2025-01-28 00:00:00,True,0.850614,True
2025-01-28 00:00:00,002239,预测中,已明说不会亏,预告,2024年度业绩预告（预增）,2025-01-28 00:00:00,False,0.141005,True
2025-01-28 00:00:00,002346,预测中,已明说不会亏,预告,2024年度业绩预告（预减）,2025-01-28 00:00:00,False,0.530025,True
2025-01-28 00:00:00,002511,预测中,已明说不会亏,预告,2024年度业绩预告（预减）,2025-01-28 00:00:00,False,0.012403,True
2025-01-28 00:00:00,002583,预测中,已明说会亏,预告,2024年度业绩预告（增亏）,2025-01-28 00:00:00,False,0.046193,True
2025-01-28 00:00:00,002677,预测中,已明说不会亏,预告,2024年度业绩预告（预减）,2025-01-28 00:00:00,False,0.003741,True
2025-01-28 00:00:00,002716,预测中,已明说不会亏,预告,2024年度业绩预告（扭亏）,2025-01-28 00:00:00,False,0.262508,True
2025-01-28 00:00:00,002821,预测中,已明说不会亏,预告,2024年度业绩预告（预减）,2025-01-28 00:00:00,False,0.02816,True
2025-01-28 00:00:00,003012,预测中,已明说不会亏,预告,2024年度业绩预告（预减）,2025-01-28 00:00:00,False,0.13471,True
2025-01-28 00:00:00,300260,预测中,已明说不会亏,预告,2024年度业绩预告（略增）,2025-01-28 00:00:00,False,0.007377,True
2025-01-28 00:00:00,300661,预测中,已明说不会亏,预告,2024年度业绩预告（预增）,2025-01-28 00:00:00,False,0.00654,True
2025-01-28 00:00:00,300975,预测中,已明说不会亏,预告,2024年度业绩预告（预增）,2025-01-28 00:00:00,False,0.086666,True
2025-01-28 00:00:00,600006,预测中,已明说不会亏,预告,2024年度业绩预告（预减）,2025-01-28 00:00:00,False,0.055204,True
2025-01-28 00:00:00,600127,预测中,已明说不会亏,预告,2024年度业绩预告（预减）,2025-01-28 00:00:00,False,0.515795,True
2025-01-28 00:00:00,600221,预测中,已明说会亏,预告,2024年度业绩预告（首亏）,2025-01-28 00:00:00,False,0.156217,True
2025-01-28 00:00:00,600299,预测中,已明说不会亏,预告,2024年度业绩预告（预增）,2025-01-28 00:00:00,False,0.018891,True
2025-01-28 00:00:00,600327,预测中,已明说不会亏,预告,2024年度业绩预告（预减）,2025-01-28 00:00:00,False,0.091943,True
2025-01-28 00:00:00,600552,预测中,已明说不会亏,预告,2024年度业绩预告（预增）,2025-01-28 00:00:00,False,0.326303,True
2025-01-28 00:00:00,600876,预测中,已明说会亏,预告,2024年度业绩预告（首亏）,2025-01-28 00:00:00,False,0.195954,True
2025-01-28 00:00:00,601118,预测中,已明说不会亏,预告,2024年度业绩预告（预减）,2025-01-28 00:00:00,False,0.419588,True
2025-01-28 00:00:00,601515,预测中,已明说会亏,预告,2024年度业绩预告（首亏）,2025-01-28 00:00:00,False,0.491379,True
2025-01-28 00:00:00,603378,预测中,已明说会亏,预告,2024年度业绩预告（首亏）,2025-01-28 00:00:00,False,0.597668,True
2025-01-28 00:00:00,603538,预测中,已明说不会亏,预告,2024年度业绩预告（预增）,2025-01-28 00:00:00,True,0.690386,True
2025-02-05 00:00:00,001269,预测中,已明说会亏,预告,2024年度业绩预告（首亏）,2025-02-05 00:00:00,False,0.081385,True
2025-02-26 00:00:00,002173,预测中,已修订·好→更好,修正,2024年度业绩预告修正公告,2025-02-26 00:00:00,True,0.662702,True
2025-02-28 00:00:00,688179,预测中,已明说不会亏,预告,2024年度业绩预告（略增）,2025-02-28 00:00:00,False,0.01033,True
2025-03-05 00:00:00,603536,预测中,已明说会亏,预告,2024年度业绩预告（首亏）,2025-03-05 00:00:00,False,0.295033,True
2025-03-14 00:00:00,000523,预测中,已修订·不变,修正,2024年度业绩预告修正公告,2025-03-14 00:00:00,False,0.028018,True
2025-03-14 19:22:13,300227,预测中,已修订,修正,2024年度业绩预告修正公告,2025-03-14 19:22:13,False,0.246734,True
2025-03-21 00:00:00,301005,预测中,已明说不会亏,预告,2024年度业绩预告（预减）,2025-03-21 00:00:00,False,0.087034,True
2025-03-22 00:00:00,000608,预测中,已修订,修正,2024年度业绩预告修正公告,2025-03-22 00:00:00,False,0.535791,True
2025-03-22 00:00:00,603703,预测中,已明说会亏,预告,2024年度业绩预告（首亏）,2025-03-22 00:00:00,False,0.262927,True
2025-03-25 00:00:00,002490,预测中,已修订,修正,2024年度业绩预告修正公告,2025-03-25 00:00:00,False,0.249292,True
2025-03-27 00:00:00,002038,预测中,已明说会亏,预告,2024年度业绩预告（首亏）,2025-03-27 00:00:00,False,0.027454,True
2025-03-27 00:00:00,600129,预测中,已明说不会亏,预告,2024年度业绩预告（预减）,2025-03-27 00:00:00,False,0.020278,True
2025-03-27 18:52:30,300163,预测中,已修订,修正,2024年度业绩预告修正公告,2025-03-27 18:52:30,False,0.459046,True
2025-03-28 00:00:00,000060,预测中,已明说不会亏,预告,2024年度业绩预告（预增）,2025-03-28 00:00:00,False,0.073788,True
2025-03-28 00:00:00,300682,预测中,已明说会亏,预告,2024年度业绩预告（首亏）,2025-03-28 00:00:00,False,0.37727,True
2025-03-28 22:24:14,300561,预测中,已修订,修正,2024年度业绩预告修正公告,2025-03-28 22:24:14,False,0.54646,True
2025-03-29 00:00:00,000839,预测中,已修订,修正,2024年度业绩预告修正公告,2025-03-29 00:00:00,False,0.554425,True
2025-03-29 00:00:00,002016,预测中,已明说不会亏,预告,2024年度业绩预告（预减）,2025-03-29 00:00:00,False,0.236518,True
2025-03-29 00:00:00,600765,预测中,已明说不会亏,预告,2024年度业绩预告（预减）,2025-03-29 00:00:00,False,0.003202,True
2025-03-29 00:00:00,603256,预测中,已明说不会亏,预告,2024年度业绩预告（扭亏）,2025-03-29 00:00:00,False,0.419034,True
2025-03-31 00:00:00,600960,预测中,已明说会亏,预告,2024年度业绩预告（增亏）,2025-03-31 00:00:00,False,0.442394,True
2025-04-01 00:00:00,002996,预测中,已修订,修正,2024年度业绩预告修正公告,2025-04-01 00:00:00,False,0.047397,True
2025-04-02 19:12:07,300948,预测中,已修订,修正,2024年度业绩预告修正公告,2025-04-02 19:12:07,False,0.377332,True
2025-04-03 00:00:00,002634,预测中,已修订,修正,2024年度业绩预告修正公告,2025-04-03 00:00:00,True,0.747774,True
2025-04-03 00:00:00,300589,预测中,已明说不会亏,预告,2024年度业绩预告（预减）,2025-04-03 00:00:00,False,0.024147,True
2025-04-03 00:00:00,301325,预测中,已明说不会亏,预告,2024年度业绩预告（预减）,2025-04-03 00:00:00,False,0.021431,True
2025-04-03 18:50:08,300875,预测中,已修订,修正,2024年度业绩预告修正公告,2025-04-03 18:50:08,True,0.731529,True
2025-04-04 00:00:00,002360,预测中,已修订·不变,修正,2024年度业绩预告修正公告,2025-04-04 00:00:00,False,0.024804,True
2025-04-04 00:00:00,002775,预测中,已修订,修正,2024年度业绩预告修正公告,2025-04-04 00:00:00,True,0.862787,True
2025-04-04 00:00:00,301285,预测中,已明说会亏,预告,2024年度业绩预告（首亏）,2025-04-04 00:00:00,False,0.234275,True
2025-04-08 00:00:00,601816,预测中,已明说不会亏,预告,2024年度业绩预告（略增）,2025-04-08 00:00:00,False,0.012097,True
2025-04-09 00:00:00,600105,预测中,已明说不会亏,预告,2024年度业绩预告（略增）,2025-04-09 00:00:00,False,0.24689,True
2025-04-09 00:00:00,603693,预测中,已明说不会亏,预告,2024年度业绩预告（略减）,2025-04-09 00:00:00,False,0.013867,True
2025-04-12 00:00:00,000593,预测中,已明说不会亏,预告,2024年度业绩预告（扭亏）,2025-04-12 00:00:00,False,0.117619,True
2025-04-12 00:00:00,002306,预测中,已修订·好→更好,修正,2024年度业绩预告修正公告,2025-04-12 00:00:00,True,0.764423,True
2025-04-12 00:00:00,002602,预测中,已修订,修正,2024年度业绩预告修正公告,2025-04-12 00:00:00,False,0.068721,True
2025-04-12 00:00:00,002663,预测中,已修订,修正,2024年度业绩预告修正公告,2025-04-12 00:00:00,True,0.737579,True
2025-04-12 00:00:00,300021,预测中,已明说不会亏,预告,2024年度业绩预告（预增）,2025-04-12 00:00:00,False,0.288373,True
2025-04-15 00:00:00,002069,预测中,已修订,修正,2024年度业绩预告修正公告,2025-04-15 00:00:00,False,0.255706,True
2025-04-15 18:50:15,301123,预测中,已修订,修正,2024年度业绩预告修正公告,2025-04-15 18:50:15,False,0.609945,True
2025-04-16 00:00:00,600643,预测中,已明说会亏,预告,2024年度业绩预告（首亏）,2025-04-16 00:00:00,False,0.239069,True
2025-04-16 00:00:00,600755,预测中,已明说不会亏,预告,2024年度业绩预告（预减）,2025-04-16 00:00:00,False,0.032984,True
2025-04-17 00:00:00,002193,预测中,已修订·不变,修正,2024年度业绩预告修正公告,2025-04-17 00:00:00,True,0.731753,True
2025-04-17 00:00:00,002486,预测中,已修订,修正,2024年度业绩预告向上修正公告,2025-04-17 00:00:00,False,0.655741,True
2025-04-17 20:22:13,301096,预测中,已修订,修正,2024年度业绩预告修正公告,2025-04-17 20:22:13,False,0.042953,True
2025-04-18 00:00:00,600678,预测中,已明说会亏,预告,2024年度业绩预告（减亏）,2025-04-18 00:00:00,False,0.279544,True
2025-04-18 00:00:00,601388,预测中,已明说不会亏,预告,2024年度业绩预告（预减）,2025-04-18 00:00:00,False,0.07784,True
2025-04-18 00:00:00,688048,预测中,已明说会亏,预告,2024年度业绩预告（增亏）,2025-04-18 00:00:00,True,0.68982,True
2025-04-18 17:52:28,301213,预测中,已修订,修正,2024年度业绩预告修正公告,2025-04-18 17:52:28,False,0.515114,True
2025-04-19 00:00:00,000820,预测中,已明说会亏,预告,2024年度业绩预告（增亏）,2025-04-19 00:00:00,True,0.718001,True
2025-04-19 00:00:00,603222,预测中,已明说会亏,预告,2024年度业绩预告（减亏）,2025-04-19 00:00:00,False,0.175124,True
2025-04-22 00:00:00,000504,预测中,已明说会亏,预告,2024年度业绩预告（减亏）,2025-04-22 00:00:00,False,0.408436,True
2025-04-22 00:00:00,002076,预测中,已修订,修正,2024年度业绩预告修正公告,2025-04-22 00:00:00,False,0.30123,True
2025-04-22 00:00:00,002205,预测中,已修订·不变,修正,新疆国统管道股份有限公司2024年度业绩预告修正公告,2025-04-22 00:00:00,True,0.745792,True
2025-04-22 00:00:00,300255,预测中,已修订,修正,2024年度业绩预告修正公告,2025-04-22 00:00:00,True,0.681013,True
2025-04-22 00:00:00,300520,预测中,已修订,修正,2024年度业绩预告修正公告,2025-04-22 00:00:00,False,0.545593,True
2025-04-22 18:18:13,300152,预测中,已修订,修正,2024年度业绩预告修正公告,2025-04-22 18:18:13,True,0.701368,True
2025-04-22 19:37:21,300026,预测中,已修订,修正,2024年度业绩预告暨快报修正公告,2025-04-22 19:37:21,False,0.177577,True
2025-04-23 00:00:00,002289,预测中,已明说会亏,预告,2024年度业绩预告（首亏）,2025-04-23 00:00:00,True,0.684812,True
2025-04-23 00:00:00,603520,预测中,已明说会亏,预告,2024年度业绩预告（首亏）,2025-04-23 00:00:00,False,0.319919,True
2025-04-23 00:00:00,603690,预测中,已明说不会亏,预告,2024年度业绩预告（预减）,2025-04-23 00:00:00,False,0.04507,True
2025-04-23 00:00:00,605199,预测中,已明说会亏,预告,2024年度业绩预告（首亏）,2025-04-23 00:00:00,False,0.293819,True
2025-04-24 00:00:00,002047,预测中,已明说会亏,预告,2024年度业绩预告（增亏）,2025-04-24 00:00:00,True,0.817316,True
2025-04-24 00:00:00,002868,预测中,已修订·不变,修正,2024年度业绩预告修正公告,2025-04-24 00:00:00,True,0.878359,True
2025-04-24 00:00:00,600336,预测中,已明说会亏,预告,2024年度业绩预告（首亏）,2025-04-24 00:00:00,False,0.099238,True
2025-04-24 20:06:12,300423,预测中,已修订,修正,2024年度业绩预告修正公告,2025-04-24 20:06:12,False,0.314542,True
2025-04-25 16:46:13,300663,预测中,已修订,修正,2024年度业绩预告修正公告,2025-04-25 16:46:13,False,0.592058,True
2025-04-26 00:00:00,002630,预测中,已修订,修正,公司2024年度业绩预告修正公告,2025-04-26 00:00:00,False,0.611586,True
2025-04-26 00:00:00,600381,预测中,已明说会亏,预告,2024年度业绩预告（减亏）,2025-04-26 00:00:00,True,0.776101,True
2025-04-26 00:00:00,603598,预测中,已明说会亏,预告,2024年度业绩预告（首亏）,2025-04-26 00:00:00,False,0.079921,True
2025-04-28 00:00:00,300211,预测中,已修订,修正,2024年度业绩预告修正公告,2025-04-28 00:00:00,False,0.611976,True
2025-04-28 00:00:00,300419,预测中,已修订,修正,2024年度业绩预告修正公告,2025-04-28 00:00:00,False,0.462993,True
2025-04-28 00:00:00,600867,预测中,已明说会亏,预告,2024年度业绩预告（首亏）,2025-04-28 00:00:00,False,0.063417,True
2025-04-29 00:00:00,002816,预测中,已修订,修正,2024年度业绩预告、业绩快报修正公告,2025-04-29 00:00:00,True,0.84541,True
2025-04-29 00:00:00,300093,预测中,已修订,修正,2024年度业绩预告修正公告,2025-04-29 00:00:00,True,0.829548,True
2025-04-29 00:00:00,603580,预测中,已明说会亏,预告,2024年度业绩预告（首亏）,2025-04-29 00:00:00,False,0.138865,True
2025-04-30 00:00:00,003004,预测中,已修订,修正,2024年度业绩预告修正公告,2025-04-30 00:00:00,False,0.426915,True
2025-04-30 00:00:00,603398,预测中,已明说会亏,预告,2024年度业绩预告（首亏）,2025-04-30 00:00:00,False,0.614733,True
2025-04-30 00:00:00,603488,预测中,已明说不会亏,预告,2024年度业绩预告（预减）,2025-04-30 00:00:00,False,0.03699,True
